episode,winner,reward_0,reward_1,epsilon_0,epsilon_1
1,0,0.98,-1.02,0.995,0.995
2,0,0.982,-1.018,0.99,0.99
3,1,-1.023,0.977,0.9851,0.9851
4,0,0.982,-1.018,0.9801,0.9801
5,1,-1.023,0.977,0.9752,0.9752
6,1,-1.021,0.979,0.9704,0.9704
7,0,0.976,-1.024,0.9655,0.9655
8,0,0.972,-1.028,0.9607,0.9607
9,0,0.978,-1.022,0.9559,0.9559
10,1,-1.023,0.977,0.9511,0.9511
11,0,0.98,-1.02,0.9464,0.9464
12,0,0.976,-1.024,0.9416,0.9416
13,0,0.98,-1.02,0.9369,0.9369
14,0,0.978,-1.022,0.9322,0.9322
15,1,-1.017,0.983,0.9276,0.9276
16,1,-1.025,0.975,0.9229,0.9229
17,1,-1.013,0.987,0.9183,0.9183
18,0,0.98,-1.02,0.9137,0.9137
19,1,-1.019,0.981,0.9092,0.9092
20,1,-1.021,0.979,0.9046,0.9046
21,0,0.98,-1.02,0.9001,0.9001
22,0,0.976,-1.024,0.8956,0.8956
23,0,0.97,-1.03,0.8911,0.8911
24,1,-1.025,0.975,0.8867,0.8867
25,1,-1.025,0.975,0.8822,0.8822
26,0,0.982,-1.018,0.8778,0.8778
27,1,-1.023,0.977,0.8734,0.8734
28,1,-1.021,0.979,0.8691,0.8691
29,0,0.976,-1.024,0.8647,0.8647
30,1,-1.023,0.977,0.8604,0.8604
31,1,-1.021,0.979,0.8561,0.8561
32,0,0.982,-1.018,0.8518,0.8518
33,1,-1.021,0.979,0.8475,0.8475
34,1,-1.021,0.979,0.8433,0.8433
35,0,0.984,-1.016,0.8391,0.8391
36,0,0.982,-1.018,0.8349,0.8349
37,1,-1.027,0.973,0.8307,0.8307
38,0,0.972,-1.028,0.8266,0.8266
39,0,0.982,-1.018,0.8224,0.8224
40,1,-1.017,0.983,0.8183,0.8183
41,1,-1.021,0.979,0.8142,0.8142
42,0,0.976,-1.024,0.8102,0.8102
43,0,0.982,-1.018,0.8061,0.8061
44,0,0.978,-1.022,0.8021,0.8021
45,0,0.982,-1.018,0.7981,0.7981
46,0,0.982,-1.018,0.7941,0.7941
47,0,0.978,-1.022,0.7901,0.7901
48,0,0.976,-1.024,0.7862,0.7862
49,1,-1.023,0.977,0.7822,0.7822
50,0,0.986,-1.014,0.7783,0.7783
51,0,0.978,-1.022,0.7744,0.7744
52,0,0.976,-1.024,0.7705,0.7705
53,1,-1.015,0.985,0.7667,0.7667
54,0,0.974,-1.026,0.7629,0.7629
55,1,-1.019,0.981,0.759,0.759
56,0,0.972,-1.028,0.7553,0.7553
57,0,0.978,-1.022,0.7515,0.7515
58,0,0.97,-1.03,0.7477,0.7477
59,1,-1.023,0.977,0.744,0.744
60,0,0.974,-1.026,0.7403,0.7403
61,1,-1.015,0.985,0.7366,0.7366
62,0,0.978,-1.022,0.7329,0.7329
63,0,0.976,-1.024,0.7292,0.7292
64,1,-1.009,0.991,0.7256,0.7256
65,1,-1.015,0.985,0.7219,0.7219
66,0,0.98,-1.02,0.7183,0.7183
67,0,0.98,-1.02,0.7147,0.7147
68,0,0.982,-1.018,0.7112,0.7112
69,0,0.982,-1.018,0.7076,0.7076
70,0,0.988,-1.012,0.7041,0.7041
71,0,0.98,-1.02,0.7005,0.7005
72,1,-1.015,0.985,0.697,0.697
73,0,0.984,-1.016,0.6936,0.6936
74,1,-1.023,0.977,0.6901,0.6901
75,0,0.984,-1.016,0.6866,0.6866
76,0,0.976,-1.024,0.6832,0.6832
77,1,-1.027,0.973,0.6798,0.6798
78,1,-1.015,0.985,0.6764,0.6764
79,1,-1.023,0.977,0.673,0.673
80,1,-1.019,0.981,0.6696,0.6696
81,1,-1.015,0.985,0.6663,0.6663
82,0,0.978,-1.022,0.663,0.663
83,0,0.982,-1.018,0.6597,0.6597
84,1,-1.025,0.975,0.6564,0.6564
85,1,-1.019,0.981,0.6531,0.6531
86,1,-1.021,0.979,0.6498,0.6498
87,0,0.982,-1.018,0.6466,0.6466
88,1,-1.019,0.981,0.6433,0.6433
89,0,0.98,-1.02,0.6401,0.6401
90,1,-1.021,0.979,0.6369,0.6369
91,0,0.976,-1.024,0.6337,0.6337
92,1,-1.019,0.981,0.6306,0.6306
93,1,-1.019,0.981,0.6274,0.6274
94,1,-1.015,0.985,0.6243,0.6243
95,0,0.976,-1.024,0.6211,0.6211
96,1,-1.017,0.983,0.618,0.618
97,0,0.988,-1.012,0.6149,0.6149
98,0,0.982,-1.018,0.6119,0.6119
99,0,0.982,-1.018,0.6088,0.6088
100,0,0.98,-1.02,0.6058,0.6058
101,0,0.978,-1.022,0.6027,0.6027
102,0,0.982,-1.018,0.5997,0.5997
103,1,-1.015,0.985,0.5967,0.5967
104,0,0.978,-1.022,0.5937,0.5937
105,1,-1.023,0.977,0.5908,0.5908
106,1,-1.015,0.985,0.5878,0.5878
107,1,-1.011,0.989,0.5849,0.5849
108,0,0.982,-1.018,0.582,0.582
109,0,0.976,-1.024,0.579,0.579
110,1,-1.009,0.991,0.5762,0.5762
111,0,0.98,-1.02,0.5733,0.5733
112,1,-1.019,0.981,0.5704,0.5704
113,1,-1.013,0.987,0.5676,0.5676
114,0,0.976,-1.024,0.5647,0.5647
115,1,-1.019,0.981,0.5619,0.5619
116,1,-1.017,0.983,0.5591,0.5591
117,1,-1.013,0.987,0.5563,0.5563
118,1,-1.021,0.979,0.5535,0.5535
119,1,-1.017,0.983,0.5507,0.5507
120,1,-1.019,0.981,0.548,0.548
121,1,-1.027,0.973,0.5452,0.5452
122,1,-1.023,0.977,0.5425,0.5425
123,0,0.98,-1.02,0.5398,0.5398
124,1,-1.021,0.979,0.5371,0.5371
125,1,-1.023,0.977,0.5344,0.5344
126,0,0.982,-1.018,0.5318,0.5318
127,1,-1.025,0.975,0.5291,0.5291
128,1,-1.021,0.979,0.5264,0.5264
129,1,-1.005,0.995,0.5238,0.5238
130,0,0.972,-1.028,0.5212,0.5212
131,0,0.992,-1.008,0.5186,0.5186
132,1,-1.017,0.983,0.516,0.516
133,0,0.978,-1.022,0.5134,0.5134
134,1,-1.021,0.979,0.5108,0.5108
135,0,0.978,-1.022,0.5083,0.5083
136,1,-1.011,0.989,0.5058,0.5058
137,1,-1.019,0.981,0.5032,0.5032
138,1,-1.005,0.995,0.5007,0.5007
139,0,0.974,-1.026,0.4982,0.4982
140,1,-1.011,0.989,0.4957,0.4957
141,1,-1.019,0.981,0.4932,0.4932
142,1,-1.013,0.987,0.4908,0.4908
143,0,0.978,-1.022,0.4883,0.4883
144,0,0.974,-1.026,0.4859,0.4859
145,0,0.982,-1.018,0.4834,0.4834
146,1,-1.021,0.979,0.481,0.481
147,1,-1.019,0.981,0.4786,0.4786
148,0,0.976,-1.024,0.4762,0.4762
149,0,0.976,-1.024,0.4738,0.4738
150,1,-1.023,0.977,0.4715,0.4715
151,0,0.976,-1.024,0.4691,0.4691
152,1,-1.011,0.989,0.4668,0.4668
153,1,-1.021,0.979,0.4644,0.4644
154,0,0.988,-1.012,0.4621,0.4621
155,0,0.99,-1.01,0.4598,0.4598
156,0,0.984,-1.016,0.4575,0.4575
157,1,-1.017,0.983,0.4552,0.4552
158,1,-1.019,0.981,0.4529,0.4529
159,0,0.976,-1.024,0.4507,0.4507
160,1,-1.027,0.973,0.4484,0.4484
161,0,0.978,-1.022,0.4462,0.4462
162,0,0.994,-1.006,0.444,0.444
163,1,-1.021,0.979,0.4417,0.4417
164,1,-1.011,0.989,0.4395,0.4395
165,1,-1.017,0.983,0.4373,0.4373
166,0,0.982,-1.018,0.4351,0.4351
167,0,0.976,-1.024,0.433,0.433
168,0,0.974,-1.026,0.4308,0.4308
169,0,0.982,-1.018,0.4286,0.4286
170,1,-1.027,0.973,0.4265,0.4265
171,0,0.984,-1.016,0.4244,0.4244
172,0,0.982,-1.018,0.4223,0.4223
173,0,0.984,-1.016,0.4201,0.4201
174,0,0.978,-1.022,0.418,0.418
175,1,-1.013,0.987,0.4159,0.4159
176,0,0.984,-1.016,0.4139,0.4139
177,0,0.99,-1.01,0.4118,0.4118
178,0,0.976,-1.024,0.4097,0.4097
179,1,-1.017,0.983,0.4077,0.4077
180,0,0.992,-1.008,0.4057,0.4057
181,0,0.978,-1.022,0.4036,0.4036
182,1,-1.019,0.981,0.4016,0.4016
183,1,-1.023,0.977,0.3996,0.3996
184,1,-1.015,0.985,0.3976,0.3976
185,1,-1.009,0.991,0.3956,0.3956
186,1,-1.021,0.979,0.3936,0.3936
187,0,0.982,-1.018,0.3917,0.3917
188,1,-1.017,0.983,0.3897,0.3897
189,0,0.984,-1.016,0.3878,0.3878
190,1,-1.009,0.991,0.3858,0.3858
191,0,0.982,-1.018,0.3839,0.3839
192,1,-1.013,0.987,0.382,0.382
193,0,0.984,-1.016,0.3801,0.3801
194,1,-1.021,0.979,0.3782,0.3782
195,0,0.974,-1.026,0.3763,0.3763
196,1,-1.013,0.987,0.3744,0.3744
197,1,-1.019,0.981,0.3725,0.3725
198,0,0.984,-1.016,0.3707,0.3707
199,0,0.978,-1.022,0.3688,0.3688
200,1,-1.023,0.977,0.367,0.367
201,1,-1.021,0.979,0.3651,0.3651
202,0,0.976,-1.024,0.3633,0.3633
203,1,-1.015,0.985,0.3615,0.3615
204,1,-1.019,0.981,0.3597,0.3597
205,1,-1.019,0.981,0.3579,0.3579
206,1,-1.017,0.983,0.3561,0.3561
207,0,0.992,-1.008,0.3543,0.3543
208,0,0.982,-1.018,0.3525,0.3525
209,0,0.986,-1.014,0.3508,0.3508
210,1,-1.021,0.979,0.349,0.349
211,0,0.994,-1.006,0.3473,0.3473
212,0,0.984,-1.016,0.3455,0.3455
213,1,-1.023,0.977,0.3438,0.3438
214,0,0.988,-1.012,0.3421,0.3421
215,1,-1.013,0.987,0.3404,0.3404
216,1,-1.025,0.975,0.3387,0.3387
217,1,-1.023,0.977,0.337,0.337
218,1,-1.013,0.987,0.3353,0.3353
219,0,0.982,-1.018,0.3336,0.3336
220,0,0.976,-1.024,0.332,0.332
221,1,-1.007,0.993,0.3303,0.3303
222,0,0.982,-1.018,0.3286,0.3286
223,0,0.978,-1.022,0.327,0.327
224,1,-1.021,0.979,0.3254,0.3254
225,0,0.99,-1.01,0.3237,0.3237
226,0,0.978,-1.022,0.3221,0.3221
227,1,-1.009,0.991,0.3205,0.3205
228,0,0.976,-1.024,0.3189,0.3189
229,0,0.986,-1.014,0.3173,0.3173
230,1,-1.011,0.989,0.3157,0.3157
231,0,0.982,-1.018,0.3141,0.3141
232,0,0.974,-1.026,0.3126,0.3126
233,1,-1.013,0.987,0.311,0.311
234,1,-1.007,0.993,0.3095,0.3095
235,1,-1.017,0.983,0.3079,0.3079
236,1,-1.013,0.987,0.3064,0.3064
237,0,0.988,-1.012,0.3048,0.3048
238,1,-1.023,0.977,0.3033,0.3033
239,1,-1.019,0.981,0.3018,0.3018
240,1,-1.025,0.975,0.3003,0.3003
241,0,0.98,-1.02,0.2988,0.2988
242,0,0.98,-1.02,0.2973,0.2973
243,1,-1.011,0.989,0.2958,0.2958
244,1,-1.017,0.983,0.2943,0.2943
245,0,0.988,-1.012,0.2929,0.2929
246,0,0.994,-1.006,0.2914,0.2914
247,1,-1.015,0.985,0.2899,0.2899
248,0,0.988,-1.012,0.2885,0.2885
249,1,-1.021,0.979,0.287,0.287
250,1,-1.015,0.985,0.2856,0.2856
251,1,-1.011,0.989,0.2842,0.2842
252,1,-1.015,0.985,0.2828,0.2828
253,0,0.992,-1.008,0.2813,0.2813
254,0,0.976,-1.024,0.2799,0.2799
255,0,0.976,-1.024,0.2785,0.2785
256,0,0.982,-1.018,0.2771,0.2771
257,1,-1.021,0.979,0.2758,0.2758
258,0,0.99,-1.01,0.2744,0.2744
259,1,-1.017,0.983,0.273,0.273
260,0,0.982,-1.018,0.2716,0.2716
261,0,0.98,-1.02,0.2703,0.2703
262,0,0.986,-1.014,0.2689,0.2689
263,0,0.986,-1.014,0.2676,0.2676
264,0,0.982,-1.018,0.2663,0.2663
265,0,0.982,-1.018,0.2649,0.2649
266,1,-1.023,0.977,0.2636,0.2636
267,1,-1.015,0.985,0.2623,0.2623
268,1,-1.025,0.975,0.261,0.261
269,1,-1.025,0.975,0.2597,0.2597
270,0,0.988,-1.012,0.2584,0.2584
271,0,0.982,-1.018,0.2571,0.2571
272,0,0.982,-1.018,0.2558,0.2558
273,0,0.982,-1.018,0.2545,0.2545
274,1,-1.023,0.977,0.2532,0.2532
275,1,-1.017,0.983,0.252,0.252
276,0,0.98,-1.02,0.2507,0.2507
277,0,0.988,-1.012,0.2495,0.2495
278,1,-1.009,0.991,0.2482,0.2482
279,1,-1.015,0.985,0.247,0.247
280,0,0.97,-1.03,0.2457,0.2457
281,0,0.994,-1.006,0.2445,0.2445
282,0,0.984,-1.016,0.2433,0.2433
283,1,-1.023,0.977,0.2421,0.2421
284,0,0.974,-1.026,0.2409,0.2409
285,1,-1.023,0.977,0.2397,0.2397
286,1,-1.023,0.977,0.2385,0.2385
287,1,-1.017,0.983,0.2373,0.2373
288,1,-1.023,0.977,0.2361,0.2361
289,1,-1.003,0.997,0.2349,0.2349
290,1,-1.005,0.995,0.2337,0.2337
291,1,-1.019,0.981,0.2326,0.2326
292,1,-1.003,0.997,0.2314,0.2314
293,0,0.982,-1.018,0.2302,0.2302
294,0,0.984,-1.016,0.2291,0.2291
295,1,-1.007,0.993,0.2279,0.2279
296,0,0.976,-1.024,0.2268,0.2268
297,1,-1.009,0.991,0.2257,0.2257
298,0,0.984,-1.016,0.2245,0.2245
299,0,0.982,-1.018,0.2234,0.2234
300,1,-1.019,0.981,0.2223,0.2223
301,0,0.984,-1.016,0.2212,0.2212
302,1,-1.017,0.983,0.2201,0.2201
303,1,-1.013,0.987,0.219,0.219
304,1,-1.015,0.985,0.2179,0.2179
305,1,-1.015,0.985,0.2168,0.2168
306,1,-1.017,0.983,0.2157,0.2157
307,0,0.976,-1.024,0.2146,0.2146
308,1,-1.011,0.989,0.2136,0.2136
309,1,-1.019,0.981,0.2125,0.2125
310,0,0.982,-1.018,0.2114,0.2114
311,0,0.982,-1.018,0.2104,0.2104
312,1,-1.019,0.981,0.2093,0.2093
313,1,-1.013,0.987,0.2083,0.2083
314,0,0.976,-1.024,0.2072,0.2072
315,1,-1.011,0.989,0.2062,0.2062
316,0,0.978,-1.022,0.2052,0.2052
317,1,-1.021,0.979,0.2041,0.2041
318,0,0.98,-1.02,0.2031,0.2031
319,0,0.982,-1.018,0.2021,0.2021
320,1,-1.019,0.981,0.2011,0.2011
321,1,-1.025,0.975,0.2001,0.2001
322,1,-1.019,0.981,0.1991,0.1991
323,1,-1.017,0.983,0.1981,0.1981
324,1,-1.019,0.981,0.1971,0.1971
325,0,0.976,-1.024,0.1961,0.1961
326,0,0.976,-1.024,0.1951,0.1951
327,0,0.986,-1.014,0.1942,0.1942
328,1,-1.023,0.977,0.1932,0.1932
329,1,-1.019,0.981,0.1922,0.1922
330,1,-1.021,0.979,0.1913,0.1913
331,1,-1.013,0.987,0.1903,0.1903
332,0,0.984,-1.016,0.1893,0.1893
333,1,-1.015,0.985,0.1884,0.1884
334,1,-1.019,0.981,0.1875,0.1875
335,0,0.982,-1.018,0.1865,0.1865
336,1,-1.015,0.985,0.1856,0.1856
337,0,0.984,-1.016,0.1847,0.1847
338,0,0.988,-1.012,0.1837,0.1837
339,0,0.978,-1.022,0.1828,0.1828
340,1,-1.019,0.981,0.1819,0.1819
341,0,0.984,-1.016,0.181,0.181
342,1,-1.019,0.981,0.1801,0.1801
343,0,0.986,-1.014,0.1792,0.1792
344,1,-1.011,0.989,0.1783,0.1783
345,1,-1.023,0.977,0.1774,0.1774
346,1,-1.025,0.975,0.1765,0.1765
347,0,0.978,-1.022,0.1756,0.1756
348,1,-1.011,0.989,0.1748,0.1748
349,1,-1.005,0.995,0.1739,0.1739
350,0,0.978,-1.022,0.173,0.173
351,1,-1.011,0.989,0.1721,0.1721
352,1,-1.011,0.989,0.1713,0.1713
353,1,-1.015,0.985,0.1704,0.1704
354,0,0.99,-1.01,0.1696,0.1696
355,1,-1.013,0.987,0.1687,0.1687
356,0,0.98,-1.02,0.1679,0.1679
357,1,-1.019,0.981,0.167,0.167
358,1,-1.013,0.987,0.1662,0.1662
359,1,-1.009,0.991,0.1654,0.1654
360,0,0.984,-1.016,0.1646,0.1646
361,1,-1.013,0.987,0.1637,0.1637
362,0,0.978,-1.022,0.1629,0.1629
363,1,-1.017,0.983,0.1621,0.1621
364,0,0.982,-1.018,0.1613,0.1613
365,1,-1.015,0.985,0.1605,0.1605
366,0,0.992,-1.008,0.1597,0.1597
367,1,-1.023,0.977,0.1589,0.1589
368,0,0.984,-1.016,0.1581,0.1581
369,0,0.982,-1.018,0.1573,0.1573
370,0,0.992,-1.008,0.1565,0.1565
371,1,-1.017,0.983,0.1557,0.1557
372,0,0.98,-1.02,0.1549,0.1549
373,1,-1.005,0.995,0.1542,0.1542
374,0,0.99,-1.01,0.1534,0.1534
375,0,0.982,-1.018,0.1526,0.1526
376,1,-1.009,0.991,0.1519,0.1519
377,0,0.978,-1.022,0.1511,0.1511
378,1,-1.019,0.981,0.1504,0.1504
379,1,-1.021,0.979,0.1496,0.1496
380,1,-1.011,0.989,0.1489,0.1489
381,1,-1.017,0.983,0.1481,0.1481
382,1,-1.019,0.981,0.1474,0.1474
383,0,0.984,-1.016,0.1466,0.1466
384,1,-1.017,0.983,0.1459,0.1459
385,1,-1.019,0.981,0.1452,0.1452
386,0,0.988,-1.012,0.1444,0.1444
387,1,-1.025,0.975,0.1437,0.1437
388,1,-1.017,0.983,0.143,0.143
389,0,0.984,-1.016,0.1423,0.1423
390,1,-1.013,0.987,0.1416,0.1416
391,1,-1.013,0.987,0.1409,0.1409
392,1,-1.019,0.981,0.1402,0.1402
393,1,-1.019,0.981,0.1395,0.1395
394,1,-1.021,0.979,0.1388,0.1388
395,1,-1.011,0.989,0.1381,0.1381
396,1,-1.021,0.979,0.1374,0.1374
397,1,-1.011,0.989,0.1367,0.1367
398,1,-1.023,0.977,0.136,0.136
399,0,0.982,-1.018,0.1353,0.1353
400,0,0.988,-1.012,0.1347,0.1347
401,0,0.98,-1.02,0.134,0.134
402,1,-1.021,0.979,0.1333,0.1333
403,1,-1.021,0.979,0.1326,0.1326
404,0,0.98,-1.02,0.132,0.132
405,1,-1.019,0.981,0.1313,0.1313
406,0,0.984,-1.016,0.1307,0.1307
407,0,0.982,-1.018,0.13,0.13
408,0,0.982,-1.018,0.1294,0.1294
409,1,-1.011,0.989,0.1287,0.1287
410,0,0.988,-1.012,0.1281,0.1281
411,0,0.976,-1.024,0.1274,0.1274
412,1,-1.017,0.983,0.1268,0.1268
413,0,0.98,-1.02,0.1262,0.1262
414,1,-1.019,0.981,0.1255,0.1255
415,0,0.978,-1.022,0.1249,0.1249
416,0,0.986,-1.014,0.1243,0.1243
417,0,0.98,-1.02,0.1237,0.1237
418,1,-1.013,0.987,0.123,0.123
419,0,0.988,-1.012,0.1224,0.1224
420,0,0.982,-1.018,0.1218,0.1218
421,0,0.976,-1.024,0.1212,0.1212
422,1,-1.019,0.981,0.1206,0.1206
423,0,0.982,-1.018,0.12,0.12
424,0,0.976,-1.024,0.1194,0.1194
425,1,-1.009,0.991,0.1188,0.1188
426,1,-1.021,0.979,0.1182,0.1182
427,1,-1.009,0.991,0.1176,0.1176
428,1,-1.021,0.979,0.117,0.117
429,0,0.988,-1.012,0.1164,0.1164
430,1,-1.027,0.973,0.1159,0.1159
431,1,-1.007,0.993,0.1153,0.1153
432,1,-1.011,0.989,0.1147,0.1147
433,1,-1.015,0.985,0.1141,0.1141
434,1,-1.019,0.981,0.1136,0.1136
435,1,-1.011,0.989,0.113,0.113
436,1,-1.011,0.989,0.1124,0.1124
437,1,-1.011,0.989,0.1119,0.1119
438,0,0.98,-1.02,0.1113,0.1113
439,0,0.98,-1.02,0.1107,0.1107
440,1,-1.015,0.985,0.1102,0.1102
441,0,0.982,-1.018,0.1096,0.1096
442,1,-1.015,0.985,0.1091,0.1091
443,1,-1.011,0.989,0.1085,0.1085
444,1,-1.009,0.991,0.108,0.108
445,1,-1.003,0.997,0.1075,0.1075
446,1,-1.015,0.985,0.1069,0.1069
447,0,0.988,-1.012,0.1064,0.1064
448,0,0.982,-1.018,0.1059,0.1059
449,0,0.98,-1.02,0.1053,0.1053
450,1,-1.017,0.983,0.1048,0.1048
451,0,0.976,-1.024,0.1043,0.1043
452,0,0.976,-1.024,0.1038,0.1038
453,1,-1.013,0.987,0.1032,0.1032
454,1,-1.021,0.979,0.1027,0.1027
455,0,0.984,-1.016,0.1022,0.1022
456,0,0.988,-1.012,0.1017,0.1017
457,0,0.98,-1.02,0.1012,0.1012
458,1,-1.019,0.981,0.1007,0.1007
459,0,0.986,-1.014,0.1002,0.1002
460,1,-1.003,0.997,0.0997,0.0997
461,0,0.976,-1.024,0.0992,0.0992
462,1,-1.005,0.995,0.0987,0.0987
463,1,-1.015,0.985,0.0982,0.0982
464,0,0.982,-1.018,0.0977,0.0977
465,1,-1.015,0.985,0.0972,0.0972
466,0,0.988,-1.012,0.0967,0.0967
467,1,-1.015,0.985,0.0962,0.0962
468,0,0.988,-1.012,0.0958,0.0958
469,0,0.988,-1.012,0.0953,0.0953
470,0,0.984,-1.016,0.0948,0.0948
471,0,0.98,-1.02,0.0943,0.0943
472,0,0.988,-1.012,0.0939,0.0939
473,1,-1.015,0.985,0.0934,0.0934
474,0,0.99,-1.01,0.0929,0.0929
475,0,0.99,-1.01,0.0925,0.0925
476,1,-1.019,0.981,0.092,0.092
477,0,0.982,-1.018,0.0915,0.0915
478,0,0.984,-1.016,0.0911,0.0911
479,0,0.988,-1.012,0.0906,0.0906
480,1,-1.023,0.977,0.0902,0.0902
481,0,0.986,-1.014,0.0897,0.0897
482,0,0.984,-1.016,0.0893,0.0893
483,0,0.99,-1.01,0.0888,0.0888
484,1,-1.021,0.979,0.0884,0.0884
485,0,0.982,-1.018,0.0879,0.0879
486,1,-1.019,0.981,0.0875,0.0875
487,1,-1.009,0.991,0.0871,0.0871
488,1,-1.003,0.997,0.0866,0.0866
489,1,-1.003,0.997,0.0862,0.0862
490,1,-1.007,0.993,0.0858,0.0858
491,1,-1.003,0.997,0.0853,0.0853
492,0,0.986,-1.014,0.0849,0.0849
493,0,0.978,-1.022,0.0845,0.0845
494,1,-1.009,0.991,0.0841,0.0841
495,1,-1.003,0.997,0.0836,0.0836
496,1,-1.003,0.997,0.0832,0.0832
497,1,-1.011,0.989,0.0828,0.0828
498,1,-1.013,0.987,0.0824,0.0824
499,0,0.984,-1.016,0.082,0.082
500,0,0.976,-1.024,0.0816,0.0816
501,0,0.98,-1.02,0.0812,0.0812
502,1,-1.013,0.987,0.0808,0.0808
503,0,0.988,-1.012,0.0804,0.0804
504,1,-1.015,0.985,0.08,0.08
505,1,-1.015,0.985,0.0796,0.0796
506,0,0.982,-1.018,0.0792,0.0792
507,1,-1.015,0.985,0.0788,0.0788
508,0,0.98,-1.02,0.0784,0.0784
509,1,-1.015,0.985,0.078,0.078
510,1,-1.015,0.985,0.0776,0.0776
511,0,0.98,-1.02,0.0772,0.0772
512,1,-1.005,0.995,0.0768,0.0768
513,1,-1.013,0.987,0.0764,0.0764
514,1,-1.013,0.987,0.076,0.076
515,1,-1.017,0.983,0.0757,0.0757
516,1,-1.009,0.991,0.0753,0.0753
517,1,-1.019,0.981,0.0749,0.0749
518,1,-1.017,0.983,0.0745,0.0745
519,0,0.992,-1.008,0.0742,0.0742
520,1,-1.025,0.975,0.0738,0.0738
521,1,-1.009,0.991,0.0734,0.0734
522,1,-1.011,0.989,0.0731,0.0731
523,0,0.98,-1.02,0.0727,0.0727
524,1,-1.009,0.991,0.0723,0.0723
525,1,-1.013,0.987,0.072,0.072
526,1,-1.017,0.983,0.0716,0.0716
527,1,-1.019,0.981,0.0712,0.0712
528,1,-1.009,0.991,0.0709,0.0709
529,0,0.988,-1.012,0.0705,0.0705
530,1,-1.021,0.979,0.0702,0.0702
531,0,0.984,-1.016,0.0698,0.0698
532,0,0.984,-1.016,0.0695,0.0695
533,0,0.988,-1.012,0.0691,0.0691
534,1,-1.019,0.981,0.0688,0.0688
535,0,0.98,-1.02,0.0684,0.0684
536,1,-1.019,0.981,0.0681,0.0681
537,1,-1.015,0.985,0.0678,0.0678
538,1,-1.019,0.981,0.0674,0.0674
539,1,-1.015,0.985,0.0671,0.0671
540,0,0.986,-1.014,0.0668,0.0668
541,1,-1.021,0.979,0.0664,0.0664
542,0,0.988,-1.012,0.0661,0.0661
543,0,0.988,-1.012,0.0658,0.0658
544,1,-1.017,0.983,0.0654,0.0654
545,1,-1.007,0.993,0.0651,0.0651
546,1,-1.007,0.993,0.0648,0.0648
547,1,-1.007,0.993,0.0645,0.0645
548,0,0.988,-1.012,0.0641,0.0641
549,0,0.992,-1.008,0.0638,0.0638
550,1,-1.011,0.989,0.0635,0.0635
551,1,-1.007,0.993,0.0632,0.0632
552,1,-1.007,0.993,0.0629,0.0629
553,1,-1.011,0.989,0.0625,0.0625
554,1,-1.019,0.981,0.0622,0.0622
555,1,-1.011,0.989,0.0619,0.0619
556,1,-1.007,0.993,0.0616,0.0616
557,1,-1.007,0.993,0.0613,0.0613
558,1,-1.007,0.993,0.061,0.061
559,1,-1.007,0.993,0.0607,0.0607
560,1,-1.009,0.991,0.0604,0.0604
561,0,0.984,-1.016,0.0601,0.0601
562,1,-1.009,0.991,0.0598,0.0598
563,1,-1.015,0.985,0.0595,0.0595
564,0,0.984,-1.016,0.0592,0.0592
565,1,-1.015,0.985,0.0589,0.0589
566,0,0.978,-1.022,0.0586,0.0586
567,1,-1.019,0.981,0.0583,0.0583
568,0,0.984,-1.016,0.058,0.058
569,0,0.992,-1.008,0.0577,0.0577
570,1,-1.015,0.985,0.0574,0.0574
571,0,0.984,-1.016,0.0571,0.0571
572,0,0.986,-1.014,0.0569,0.0569
573,1,-1.013,0.987,0.0566,0.0566
574,1,-1.009,0.991,0.0563,0.0563
575,1,-1.009,0.991,0.056,0.056
576,1,-1.009,0.991,0.0557,0.0557
577,1,-1.019,0.981,0.0555,0.0555
578,1,-1.009,0.991,0.0552,0.0552
579,0,0.978,-1.022,0.0549,0.0549
580,1,-1.009,0.991,0.0546,0.0546
581,1,-1.009,0.991,0.0544,0.0544
582,0,0.976,-1.024,0.0541,0.0541
583,1,-1.021,0.979,0.0538,0.0538
584,1,-1.009,0.991,0.0535,0.0535
585,1,-1.009,0.991,0.0533,0.0533
586,1,-1.009,0.991,0.053,0.053
587,1,-1.013,0.987,0.0527,0.0527
588,0,0.976,-1.024,0.0525,0.0525
589,1,-1.019,0.981,0.0522,0.0522
590,0,0.984,-1.016,0.052,0.052
591,0,0.99,-1.01,0.0517,0.0517
592,0,0.99,-1.01,0.0514,0.0514
593,0,0.984,-1.016,0.0512,0.0512
594,1,-1.017,0.983,0.0509,0.0509
595,0,0.98,-1.02,0.0507,0.0507
596,1,-1.013,0.987,0.0504,0.0504
597,1,-1.017,0.983,0.0502,0.0502
598,0,0.984,-1.016,0.05,0.05
599,1,-1.021,0.979,0.05,0.05
600,0,0.988,-1.012,0.05,0.05
601,1,-1.017,0.983,0.05,0.05
602,1,-1.021,0.979,0.05,0.05
603,1,-1.021,0.979,0.05,0.05
604,0,0.988,-1.012,0.05,0.05
605,1,-1.021,0.979,0.05,0.05
606,0,0.988,-1.012,0.05,0.05
607,0,0.98,-1.02,0.05,0.05
608,0,0.976,-1.024,0.05,0.05
609,1,-1.021,0.979,0.05,0.05
610,1,-1.013,0.987,0.05,0.05
611,0,0.98,-1.02,0.05,0.05
612,1,-1.021,0.979,0.05,0.05
613,1,-1.013,0.987,0.05,0.05
614,1,-1.021,0.979,0.05,0.05
615,0,0.984,-1.016,0.05,0.05
616,1,-1.019,0.981,0.05,0.05
617,1,-1.009,0.991,0.05,0.05
618,1,-1.013,0.987,0.05,0.05
619,0,0.98,-1.02,0.05,0.05
620,0,0.976,-1.024,0.05,0.05
621,0,0.974,-1.026,0.05,0.05
622,1,-1.013,0.987,0.05,0.05
623,0,0.984,-1.016,0.05,0.05
624,1,-1.017,0.983,0.05,0.05
625,1,-1.019,0.981,0.05,0.05
626,0,0.988,-1.012,0.05,0.05
627,0,0.984,-1.016,0.05,0.05
628,0,0.978,-1.022,0.05,0.05
629,0,0.978,-1.022,0.05,0.05
630,0,0.978,-1.022,0.05,0.05
631,1,-1.015,0.985,0.05,0.05
632,1,-1.013,0.987,0.05,0.05
633,1,-1.017,0.983,0.05,0.05
634,1,-1.021,0.979,0.05,0.05
635,1,-1.009,0.991,0.05,0.05
636,0,0.98,-1.02,0.05,0.05
637,0,0.98,-1.02,0.05,0.05
638,0,0.986,-1.014,0.05,0.05
639,1,-1.007,0.993,0.05,0.05
640,1,-1.011,0.989,0.05,0.05
641,1,-1.011,0.989,0.05,0.05
642,0,0.98,-1.02,0.05,0.05
643,1,-1.015,0.985,0.05,0.05
644,1,-1.013,0.987,0.05,0.05
645,1,-1.021,0.979,0.05,0.05
646,1,-1.011,0.989,0.05,0.05
647,1,-1.011,0.989,0.05,0.05
648,1,-1.019,0.981,0.05,0.05
649,1,-1.011,0.989,0.05,0.05
650,1,-1.011,0.989,0.05,0.05
651,1,-1.011,0.989,0.05,0.05
652,1,-1.021,0.979,0.05,0.05
653,1,-1.021,0.979,0.05,0.05
654,0,0.976,-1.024,0.05,0.05
655,0,0.992,-1.008,0.05,0.05
656,1,-1.013,0.987,0.05,0.05
657,1,-1.011,0.989,0.05,0.05
658,1,-1.019,0.981,0.05,0.05
659,1,-1.019,0.981,0.05,0.05
660,1,-1.019,0.981,0.05,0.05
661,1,-1.013,0.987,0.05,0.05
662,1,-1.011,0.989,0.05,0.05
663,1,-1.021,0.979,0.05,0.05
664,0,0.988,-1.012,0.05,0.05
665,1,-1.019,0.981,0.05,0.05
666,1,-1.025,0.975,0.05,0.05
667,1,-1.021,0.979,0.05,0.05
668,0,0.988,-1.012,0.05,0.05
669,0,0.988,-1.012,0.05,0.05
670,0,0.982,-1.018,0.05,0.05
671,0,0.988,-1.012,0.05,0.05
672,0,0.988,-1.012,0.05,0.05
673,0,0.988,-1.012,0.05,0.05
674,0,0.988,-1.012,0.05,0.05
675,1,-1.017,0.983,0.05,0.05
676,0,0.988,-1.012,0.05,0.05
677,1,-1.015,0.985,0.05,0.05
678,0,0.988,-1.012,0.05,0.05
679,0,0.988,-1.012,0.05,0.05
680,0,0.982,-1.018,0.05,0.05
681,0,0.99,-1.01,0.05,0.05
682,0,0.988,-1.012,0.05,0.05
683,1,-1.017,0.983,0.05,0.05
684,1,-1.023,0.977,0.05,0.05
685,1,-1.019,0.981,0.05,0.05
686,0,0.988,-1.012,0.05,0.05
687,0,0.984,-1.016,0.05,0.05
688,0,0.98,-1.02,0.05,0.05
689,0,0.984,-1.016,0.05,0.05
690,0,0.984,-1.016,0.05,0.05
691,0,0.988,-1.012,0.05,0.05
692,0,0.978,-1.022,0.05,0.05
693,0,0.992,-1.008,0.05,0.05
694,1,-1.015,0.985,0.05,0.05
695,0,0.984,-1.016,0.05,0.05
696,0,0.988,-1.012,0.05,0.05
697,0,0.988,-1.012,0.05,0.05
698,0,0.988,-1.012,0.05,0.05
699,0,0.98,-1.02,0.05,0.05
700,0,0.988,-1.012,0.05,0.05
701,0,0.98,-1.02,0.05,0.05
702,1,-1.003,0.997,0.05,0.05
703,1,-1.003,0.997,0.05,0.05
704,1,-1.003,0.997,0.05,0.05
705,1,-1.003,0.997,0.05,0.05
706,1,-1.007,0.993,0.05,0.05
707,1,-1.003,0.997,0.05,0.05
708,1,-1.003,0.997,0.05,0.05
709,1,-1.003,0.997,0.05,0.05
710,1,-1.003,0.997,0.05,0.05
711,0,0.984,-1.016,0.05,0.05
712,1,-1.003,0.997,0.05,0.05
713,1,-1.003,0.997,0.05,0.05
714,1,-1.003,0.997,0.05,0.05
715,1,-1.011,0.989,0.05,0.05
716,0,0.98,-1.02,0.05,0.05
717,1,-1.015,0.985,0.05,0.05
718,0,0.976,-1.024,0.05,0.05
719,1,-1.017,0.983,0.05,0.05
720,1,-1.021,0.979,0.05,0.05
721,1,-1.015,0.985,0.05,0.05
722,1,-1.015,0.985,0.05,0.05
723,1,-1.015,0.985,0.05,0.05
724,1,-1.015,0.985,0.05,0.05
725,1,-1.015,0.985,0.05,0.05
726,0,0.982,-1.018,0.05,0.05
727,1,-1.015,0.985,0.05,0.05
728,1,-1.013,0.987,0.05,0.05
729,0,0.982,-1.018,0.05,0.05
730,0,0.992,-1.008,0.05,0.05
731,0,0.99,-1.01,0.05,0.05
732,0,0.988,-1.012,0.05,0.05
733,1,-1.017,0.983,0.05,0.05
734,0,0.98,-1.02,0.05,0.05
735,1,-1.017,0.983,0.05,0.05
736,0,0.992,-1.008,0.05,0.05
737,0,0.978,-1.022,0.05,0.05
738,1,-1.013,0.987,0.05,0.05
739,1,-1.025,0.975,0.05,0.05
740,0,0.98,-1.02,0.05,0.05
741,0,0.988,-1.012,0.05,0.05
742,1,-1.011,0.989,0.05,0.05
743,1,-1.019,0.981,0.05,0.05
744,0,0.98,-1.02,0.05,0.05
745,1,-1.017,0.983,0.05,0.05
746,1,-1.017,0.983,0.05,0.05
747,0,0.984,-1.016,0.05,0.05
748,0,0.984,-1.016,0.05,0.05
749,0,0.976,-1.024,0.05,0.05
750,1,-1.013,0.987,0.05,0.05
751,0,0.992,-1.008,0.05,0.05
752,0,0.984,-1.016,0.05,0.05
753,0,0.984,-1.016,0.05,0.05
754,0,0.98,-1.02,0.05,0.05
755,0,0.984,-1.016,0.05,0.05
756,0,0.984,-1.016,0.05,0.05
757,0,0.994,-1.006,0.05,0.05
758,0,0.988,-1.012,0.05,0.05
759,1,-1.019,0.981,0.05,0.05
760,0,0.988,-1.012,0.05,0.05
761,0,0.988,-1.012,0.05,0.05
762,0,0.984,-1.016,0.05,0.05
763,0,0.984,-1.016,0.05,0.05
764,0,0.984,-1.016,0.05,0.05
765,1,-1.013,0.987,0.05,0.05
766,1,-1.007,0.993,0.05,0.05
767,1,-1.007,0.993,0.05,0.05
768,1,-1.017,0.983,0.05,0.05
769,1,-1.005,0.995,0.05,0.05
770,1,-1.007,0.993,0.05,0.05
771,1,-1.011,0.989,0.05,0.05
772,0,0.988,-1.012,0.05,0.05
773,1,-1.009,0.991,0.05,0.05
774,1,-1.007,0.993,0.05,0.05
775,0,0.99,-1.01,0.05,0.05
776,1,-1.007,0.993,0.05,0.05
777,1,-1.007,0.993,0.05,0.05
778,1,-1.007,0.993,0.05,0.05
779,1,-1.007,0.993,0.05,0.05
780,1,-1.007,0.993,0.05,0.05
781,1,-1.009,0.991,0.05,0.05
782,0,0.984,-1.016,0.05,0.05
783,1,-1.017,0.983,0.05,0.05
784,1,-1.021,0.979,0.05,0.05
785,0,0.984,-1.016,0.05,0.05
786,0,0.984,-1.016,0.05,0.05
787,0,0.988,-1.012,0.05,0.05
788,0,0.986,-1.014,0.05,0.05
789,0,0.984,-1.016,0.05,0.05
790,0,0.978,-1.022,0.05,0.05
791,0,0.992,-1.008,0.05,0.05
792,1,-1.017,0.983,0.05,0.05
793,0,0.988,-1.012,0.05,0.05
794,0,0.984,-1.016,0.05,0.05
795,1,-1.013,0.987,0.05,0.05
796,1,-1.009,0.991,0.05,0.05
797,1,-1.009,0.991,0.05,0.05
798,0,0.98,-1.02,0.05,0.05
799,1,-1.019,0.981,0.05,0.05
800,1,-1.009,0.991,0.05,0.05
801,1,-1.009,0.991,0.05,0.05
802,1,-1.009,0.991,0.05,0.05
803,1,-1.009,0.991,0.05,0.05
804,1,-1.011,0.989,0.05,0.05
805,1,-1.009,0.991,0.05,0.05
806,1,-1.009,0.991,0.05,0.05
807,1,-1.009,0.991,0.05,0.05
808,1,-1.011,0.989,0.05,0.05
809,1,-1.019,0.981,0.05,0.05
810,1,-1.013,0.987,0.05,0.05
811,1,-1.023,0.977,0.05,0.05
812,1,-1.021,0.979,0.05,0.05
813,0,0.984,-1.016,0.05,0.05
814,0,0.988,-1.012,0.05,0.05
815,1,-1.019,0.981,0.05,0.05
816,1,-1.013,0.987,0.05,0.05
817,1,-1.017,0.983,0.05,0.05
818,0,0.978,-1.022,0.05,0.05
819,1,-1.017,0.983,0.05,0.05
820,1,-1.019,0.981,0.05,0.05
821,0,0.984,-1.016,0.05,0.05
822,0,0.984,-1.016,0.05,0.05
823,1,-1.017,0.983,0.05,0.05
824,1,-1.019,0.981,0.05,0.05
825,0,0.988,-1.012,0.05,0.05
826,0,0.988,-1.012,0.05,0.05
827,1,-1.021,0.979,0.05,0.05
828,1,-1.023,0.977,0.05,0.05
829,1,-1.013,0.987,0.05,0.05
830,1,-1.023,0.977,0.05,0.05
831,1,-1.017,0.983,0.05,0.05
832,1,-1.021,0.979,0.05,0.05
833,1,-1.017,0.983,0.05,0.05
834,1,-1.023,0.977,0.05,0.05
835,1,-1.021,0.979,0.05,0.05
836,1,-1.021,0.979,0.05,0.05
837,1,-1.021,0.979,0.05,0.05
838,0,0.984,-1.016,0.05,0.05
839,0,0.978,-1.022,0.05,0.05
840,1,-1.009,0.991,0.05,0.05
841,1,-1.017,0.983,0.05,0.05
842,1,-1.021,0.979,0.05,0.05
843,0,0.986,-1.014,0.05,0.05
844,1,-1.013,0.987,0.05,0.05
845,1,-1.017,0.983,0.05,0.05
846,0,0.98,-1.02,0.05,0.05
847,1,-1.019,0.981,0.05,0.05
848,1,-1.021,0.979,0.05,0.05
849,0,0.976,-1.024,0.05,0.05
850,0,0.974,-1.026,0.05,0.05
851,1,-1.019,0.981,0.05,0.05
852,0,0.982,-1.018,0.05,0.05
853,0,0.976,-1.024,0.05,0.05
854,1,-1.019,0.981,0.05,0.05
855,1,-1.009,0.991,0.05,0.05
856,1,-1.019,0.981,0.05,0.05
857,0,0.976,-1.024,0.05,0.05
858,1,-1.009,0.991,0.05,0.05
859,1,-1.013,0.987,0.05,0.05
860,1,-1.009,0.991,0.05,0.05
861,1,-1.009,0.991,0.05,0.05
862,1,-1.013,0.987,0.05,0.05
863,1,-1.009,0.991,0.05,0.05
864,1,-1.009,0.991,0.05,0.05
865,0,0.99,-1.01,0.05,0.05
866,1,-1.009,0.991,0.05,0.05
867,1,-1.007,0.993,0.05,0.05
868,1,-1.015,0.985,0.05,0.05
869,1,-1.015,0.985,0.05,0.05
870,1,-1.011,0.989,0.05,0.05
871,1,-1.011,0.989,0.05,0.05
872,1,-1.011,0.989,0.05,0.05
873,0,0.98,-1.02,0.05,0.05
874,0,0.988,-1.012,0.05,0.05
875,1,-1.011,0.989,0.05,0.05
876,1,-1.011,0.989,0.05,0.05
877,0,0.98,-1.02,0.05,0.05
878,1,-1.015,0.985,0.05,0.05
879,1,-1.019,0.981,0.05,0.05
880,0,0.99,-1.01,0.05,0.05
881,0,0.988,-1.012,0.05,0.05
882,1,-1.013,0.987,0.05,0.05
883,0,0.982,-1.018,0.05,0.05
884,1,-1.011,0.989,0.05,0.05
885,1,-1.021,0.979,0.05,0.05
886,1,-1.019,0.981,0.05,0.05
887,1,-1.019,0.981,0.05,0.05
888,1,-1.019,0.981,0.05,0.05
889,0,0.984,-1.016,0.05,0.05
890,0,0.98,-1.02,0.05,0.05
891,0,0.988,-1.012,0.05,0.05
892,0,0.982,-1.018,0.05,0.05
893,1,-1.007,0.993,0.05,0.05
894,1,-1.019,0.981,0.05,0.05
895,0,0.992,-1.008,0.05,0.05
896,0,0.988,-1.012,0.05,0.05
897,0,0.988,-1.012,0.05,0.05
898,0,0.986,-1.014,0.05,0.05
899,0,0.982,-1.018,0.05,0.05
900,0,0.988,-1.012,0.05,0.05
901,0,0.988,-1.012,0.05,0.05
902,0,0.988,-1.012,0.05,0.05
903,0,0.988,-1.012,0.05,0.05
904,0,0.982,-1.018,0.05,0.05
905,0,0.988,-1.012,0.05,0.05
906,0,0.988,-1.012,0.05,0.05
907,0,0.988,-1.012,0.05,0.05
908,1,-1.019,0.981,0.05,0.05
909,0,0.978,-1.022,0.05,0.05
910,0,0.988,-1.012,0.05,0.05
911,0,0.99,-1.01,0.05,0.05
912,0,0.988,-1.012,0.05,0.05
913,1,-1.003,0.997,0.05,0.05
914,1,-1.019,0.981,0.05,0.05
915,0,0.976,-1.024,0.05,0.05
916,0,0.984,-1.016,0.05,0.05
917,0,0.988,-1.012,0.05,0.05
918,0,0.98,-1.02,0.05,0.05
919,0,0.984,-1.016,0.05,0.05
920,1,-1.021,0.979,0.05,0.05
921,0,0.984,-1.016,0.05,0.05
922,1,-1.021,0.979,0.05,0.05
923,0,0.986,-1.014,0.05,0.05
924,0,0.986,-1.014,0.05,0.05
925,0,0.984,-1.016,0.05,0.05
926,0,0.982,-1.018,0.05,0.05
927,0,0.984,-1.016,0.05,0.05
928,0,0.984,-1.016,0.05,0.05
929,0,0.98,-1.02,0.05,0.05
930,1,-1.003,0.997,0.05,0.05
931,1,-1.003,0.997,0.05,0.05
932,1,-1.003,0.997,0.05,0.05
933,1,-1.017,0.983,0.05,0.05
934,1,-1.003,0.997,0.05,0.05
935,1,-1.003,0.997,0.05,0.05
936,1,-1.003,0.997,0.05,0.05
937,1,-1.003,0.997,0.05,0.05
938,0,0.978,-1.022,0.05,0.05
939,1,-1.003,0.997,0.05,0.05
940,1,-1.003,0.997,0.05,0.05
941,1,-1.003,0.997,0.05,0.05
942,1,-1.011,0.989,0.05,0.05
943,1,-1.013,0.987,0.05,0.05
944,0,0.982,-1.018,0.05,0.05
945,0,0.976,-1.024,0.05,0.05
946,1,-1.009,0.991,0.05,0.05
947,1,-1.021,0.979,0.05,0.05
948,1,-1.017,0.983,0.05,0.05
949,1,-1.013,0.987,0.05,0.05
950,1,-1.015,0.985,0.05,0.05
951,1,-1.015,0.985,0.05,0.05
952,0,0.984,-1.016,0.05,0.05
953,0,0.986,-1.014,0.05,0.05
954,1,-1.015,0.985,0.05,0.05
955,1,-1.015,0.985,0.05,0.05
956,1,-1.015,0.985,0.05,0.05
957,0,0.982,-1.018,0.05,0.05
958,1,-1.013,0.987,0.05,0.05
959,1,-1.015,0.985,0.05,0.05
960,0,0.984,-1.016,0.05,0.05
961,1,-1.017,0.983,0.05,0.05
962,0,0.976,-1.024,0.05,0.05
963,1,-1.017,0.983,0.05,0.05
964,0,0.986,-1.014,0.05,0.05
965,0,0.98,-1.02,0.05,0.05
966,1,-1.017,0.983,0.05,0.05
967,1,-1.017,0.983,0.05,0.05
968,1,-1.017,0.983,0.05,0.05
969,1,-1.011,0.989,0.05,0.05
970,1,-1.017,0.983,0.05,0.05
971,0,0.988,-1.012,0.05,0.05
972,0,0.984,-1.016,0.05,0.05
973,0,0.99,-1.01,0.05,0.05
974,1,-1.015,0.985,0.05,0.05
975,1,-1.017,0.983,0.05,0.05
976,1,-1.017,0.983,0.05,0.05
977,0,0.984,-1.016,0.05,0.05
978,0,0.982,-1.018,0.05,0.05
979,0,0.984,-1.016,0.05,0.05
980,0,0.98,-1.02,0.05,0.05
981,0,0.984,-1.016,0.05,0.05
982,1,-1.015,0.985,0.05,0.05
983,0,0.984,-1.016,0.05,0.05
984,1,-1.019,0.981,0.05,0.05
985,1,-1.007,0.993,0.05,0.05
986,1,-1.019,0.981,0.05,0.05
987,0,0.984,-1.016,0.05,0.05
988,1,-1.015,0.985,0.05,0.05
989,0,0.984,-1.016,0.05,0.05
990,0,0.984,-1.016,0.05,0.05
991,0,0.988,-1.012,0.05,0.05
992,1,-1.011,0.989,0.05,0.05
993,1,-1.007,0.993,0.05,0.05
994,1,-1.007,0.993,0.05,0.05
995,1,-1.011,0.989,0.05,0.05
996,1,-1.005,0.995,0.05,0.05
997,0,0.988,-1.012,0.05,0.05
998,1,-1.013,0.987,0.05,0.05
999,0,0.988,-1.012,0.05,0.05
1000,1,-1.011,0.989,0.05,0.05
1001,1,-1.007,0.993,0.05,0.05
1002,1,-1.011,0.989,0.05,0.05
1003,1,-1.009,0.991,0.05,0.05
1004,1,-1.007,0.993,0.05,0.05
1005,1,-1.007,0.993,0.05,0.05
1006,0,0.988,-1.012,0.05,0.05
1007,0,0.98,-1.02,0.05,0.05
1008,1,-1.009,0.991,0.05,0.05
1009,0,0.984,-1.016,0.05,0.05
1010,0,0.984,-1.016,0.05,0.05
1011,1,-1.019,0.981,0.05,0.05
1012,0,0.984,-1.016,0.05,0.05
1013,0,0.984,-1.016,0.05,0.05
1014,0,0.988,-1.012,0.05,0.05
1015,0,0.976,-1.024,0.05,0.05
1016,0,0.984,-1.016,0.05,0.05
1017,0,0.992,-1.008,0.05,0.05
1018,0,0.982,-1.018,0.05,0.05
1019,1,-1.007,0.993,0.05,0.05
1020,0,0.982,-1.018,0.05,0.05
1021,1,-1.005,0.995,0.05,0.05
1022,1,-1.013,0.987,0.05,0.05
1023,1,-1.009,0.991,0.05,0.05
1024,1,-1.009,0.991,0.05,0.05
1025,1,-1.009,0.991,0.05,0.05
1026,1,-1.019,0.981,0.05,0.05
1027,1,-1.009,0.991,0.05,0.05
1028,1,-1.009,0.991,0.05,0.05
1029,1,-1.015,0.985,0.05,0.05
1030,1,-1.009,0.991,0.05,0.05
1031,1,-1.009,0.991,0.05,0.05
1032,1,-1.011,0.989,0.05,0.05
1033,1,-1.009,0.991,0.05,0.05
1034,1,-1.009,0.991,0.05,0.05
1035,1,-1.009,0.991,0.05,0.05
1036,1,-1.009,0.991,0.05,0.05
1037,1,-1.013,0.987,0.05,0.05
1038,0,0.976,-1.024,0.05,0.05
1039,1,-1.017,0.983,0.05,0.05
1040,0,0.984,-1.016,0.05,0.05
1041,0,0.988,-1.012,0.05,0.05
1042,0,0.982,-1.018,0.05,0.05
1043,1,-1.023,0.977,0.05,0.05
1044,0,0.988,-1.012,0.05,0.05
1045,0,0.988,-1.012,0.05,0.05
1046,0,0.986,-1.014,0.05,0.05
1047,1,-1.013,0.987,0.05,0.05
1048,0,0.976,-1.024,0.05,0.05
1049,1,-1.019,0.981,0.05,0.05
1050,1,-1.017,0.983,0.05,0.05
1051,1,-1.017,0.983,0.05,0.05
1052,1,-1.019,0.981,0.05,0.05
1053,1,-1.017,0.983,0.05,0.05
1054,0,0.978,-1.022,0.05,0.05
1055,0,0.988,-1.012,0.05,0.05
1056,1,-1.023,0.977,0.05,0.05
1057,1,-1.015,0.985,0.05,0.05
1058,1,-1.015,0.985,0.05,0.05
1059,1,-1.023,0.977,0.05,0.05
1060,0,0.988,-1.012,0.05,0.05
1061,0,0.978,-1.022,0.05,0.05
1062,1,-1.015,0.985,0.05,0.05
1063,0,0.976,-1.024,0.05,0.05
1064,0,0.984,-1.016,0.05,0.05
1065,1,-1.023,0.977,0.05,0.05
1066,1,-1.021,0.979,0.05,0.05
1067,0,0.984,-1.016,0.05,0.05
1068,0,0.984,-1.016,0.05,0.05
1069,1,-1.017,0.983,0.05,0.05
1070,1,-1.021,0.979,0.05,0.05
1071,1,-1.009,0.991,0.05,0.05
1072,0,0.988,-1.012,0.05,0.05
1073,1,-1.021,0.979,0.05,0.05
1074,0,0.988,-1.012,0.05,0.05
1075,1,-1.009,0.991,0.05,0.05
1076,0,0.988,-1.012,0.05,0.05
1077,1,-1.015,0.985,0.05,0.05
1078,0,0.988,-1.012,0.05,0.05
1079,0,0.982,-1.018,0.05,0.05
1080,1,-1.021,0.979,0.05,0.05
1081,0,0.978,-1.022,0.05,0.05
1082,0,0.976,-1.024,0.05,0.05
1083,0,0.978,-1.022,0.05,0.05
1084,1,-1.009,0.991,0.05,0.05
1085,1,-1.005,0.995,0.05,0.05
1086,1,-1.009,0.991,0.05,0.05
1087,0,0.988,-1.012,0.05,0.05
1088,1,-1.019,0.981,0.05,0.05
1089,1,-1.023,0.977,0.05,0.05
1090,0,0.988,-1.012,0.05,0.05
1091,0,0.976,-1.024,0.05,0.05
1092,0,0.976,-1.024,0.05,0.05
1093,1,-1.007,0.993,0.05,0.05
1094,0,0.98,-1.02,0.05,0.05
1095,1,-1.017,0.983,0.05,0.05
1096,0,0.976,-1.024,0.05,0.05
1097,1,-1.011,0.989,0.05,0.05
1098,1,-1.011,0.989,0.05,0.05
1099,1,-1.023,0.977,0.05,0.05
1100,0,0.982,-1.018,0.05,0.05
1101,0,0.984,-1.016,0.05,0.05
1102,0,0.986,-1.014,0.05,0.05
1103,1,-1.019,0.981,0.05,0.05
1104,0,0.982,-1.018,0.05,0.05
1105,1,-1.019,0.981,0.05,0.05
1106,1,-1.015,0.985,0.05,0.05
1107,1,-1.019,0.981,0.05,0.05
1108,0,0.984,-1.016,0.05,0.05
1109,0,0.988,-1.012,0.05,0.05
1110,0,0.976,-1.024,0.05,0.05
1111,1,-1.015,0.985,0.05,0.05
1112,1,-1.011,0.989,0.05,0.05
1113,0,0.988,-1.012,0.05,0.05
1114,0,0.984,-1.016,0.05,0.05
1115,0,0.988,-1.012,0.05,0.05
1116,1,-1.019,0.981,0.05,0.05
1117,1,-1.017,0.983,0.05,0.05
1118,0,0.984,-1.016,0.05,0.05
1119,1,-1.019,0.981,0.05,0.05
1120,1,-1.021,0.979,0.05,0.05
1121,1,-1.021,0.979,0.05,0.05
1122,1,-1.021,0.979,0.05,0.05
1123,0,0.99,-1.01,0.05,0.05
1124,1,-1.019,0.981,0.05,0.05
1125,0,0.988,-1.012,0.05,0.05
1126,0,0.988,-1.012,0.05,0.05
1127,0,0.992,-1.008,0.05,0.05
1128,0,0.984,-1.016,0.05,0.05
1129,1,-1.017,0.983,0.05,0.05
1130,0,0.988,-1.012,0.05,0.05
1131,0,0.982,-1.018,0.05,0.05
1132,0,0.988,-1.012,0.05,0.05
1133,0,0.976,-1.024,0.05,0.05
1134,0,0.988,-1.012,0.05,0.05
1135,0,0.982,-1.018,0.05,0.05
1136,0,0.988,-1.012,0.05,0.05
1137,0,0.988,-1.012,0.05,0.05
1138,0,0.988,-1.012,0.05,0.05
1139,0,0.99,-1.01,0.05,0.05
1140,0,0.988,-1.012,0.05,0.05
1141,0,0.988,-1.012,0.05,0.05
1142,0,0.988,-1.012,0.05,0.05
1143,0,0.98,-1.02,0.05,0.05
1144,0,0.988,-1.012,0.05,0.05
1145,0,0.984,-1.016,0.05,0.05
1146,0,0.984,-1.016,0.05,0.05
1147,0,0.98,-1.02,0.05,0.05
1148,0,0.988,-1.012,0.05,0.05
1149,0,0.98,-1.02,0.05,0.05
1150,1,-1.019,0.981,0.05,0.05
1151,0,0.98,-1.02,0.05,0.05
1152,0,0.99,-1.01,0.05,0.05
1153,0,0.988,-1.012,0.05,0.05
1154,0,0.982,-1.018,0.05,0.05
1155,0,0.98,-1.02,0.05,0.05
1156,0,0.988,-1.012,0.05,0.05
1157,0,0.98,-1.02,0.05,0.05
1158,0,0.982,-1.018,0.05,0.05
1159,1,-1.023,0.977,0.05,0.05
1160,1,-1.017,0.983,0.05,0.05
1161,1,-1.003,0.997,0.05,0.05
1162,0,0.988,-1.012,0.05,0.05
1163,1,-1.003,0.997,0.05,0.05
1164,1,-1.003,0.997,0.05,0.05
1165,1,-1.003,0.997,0.05,0.05
1166,1,-1.005,0.995,0.05,0.05
1167,1,-1.003,0.997,0.05,0.05
1168,1,-1.003,0.997,0.05,0.05
1169,1,-1.003,0.997,0.05,0.05
1170,1,-1.003,0.997,0.05,0.05
1171,1,-1.013,0.987,0.05,0.05
1172,1,-1.003,0.997,0.05,0.05
1173,1,-1.003,0.997,0.05,0.05
1174,1,-1.003,0.997,0.05,0.05
1175,1,-1.011,0.989,0.05,0.05
1176,1,-1.015,0.985,0.05,0.05
1177,1,-1.015,0.985,0.05,0.05
1178,0,0.986,-1.014,0.05,0.05
1179,0,0.976,-1.024,0.05,0.05
1180,1,-1.009,0.991,0.05,0.05
1181,1,-1.017,0.983,0.05,0.05
1182,1,-1.015,0.985,0.05,0.05
1183,1,-1.009,0.991,0.05,0.05
1184,1,-1.011,0.989,0.05,0.05
1185,1,-1.015,0.985,0.05,0.05
1186,1,-1.015,0.985,0.05,0.05
1187,0,0.988,-1.012,0.05,0.05
1188,1,-1.015,0.985,0.05,0.05
1189,1,-1.015,0.985,0.05,0.05
1190,0,0.988,-1.012,0.05,0.05
1191,1,-1.015,0.985,0.05,0.05
1192,1,-1.013,0.987,0.05,0.05
1193,1,-1.013,0.987,0.05,0.05
1194,1,-1.015,0.985,0.05,0.05
1195,0,0.984,-1.016,0.05,0.05
1196,1,-1.017,0.983,0.05,0.05
1197,1,-1.027,0.973,0.05,0.05
1198,1,-1.017,0.983,0.05,0.05
1199,0,0.984,-1.016,0.05,0.05
1200,1,-1.017,0.983,0.05,0.05
1201,0,0.988,-1.012,0.05,0.05
1202,1,-1.017,0.983,0.05,0.05
1203,1,-1.015,0.985,0.05,0.05
1204,0,0.98,-1.02,0.05,0.05
1205,0,0.988,-1.012,0.05,0.05
1206,1,-1.011,0.989,0.05,0.05
1207,1,-1.015,0.985,0.05,0.05
1208,0,0.988,-1.012,0.05,0.05
1209,1,-1.015,0.985,0.05,0.05
1210,1,-1.017,0.983,0.05,0.05
1211,1,-1.009,0.991,0.05,0.05
1212,0,0.988,-1.012,0.05,0.05
1213,1,-1.013,0.987,0.05,0.05
1214,1,-1.019,0.981,0.05,0.05
1215,0,0.984,-1.016,0.05,0.05
1216,0,0.986,-1.014,0.05,0.05
1217,0,0.988,-1.012,0.05,0.05
1218,1,-1.007,0.993,0.05,0.05
1219,0,0.988,-1.012,0.05,0.05
1220,1,-1.019,0.981,0.05,0.05
1221,1,-1.019,0.981,0.05,0.05
1222,0,0.992,-1.008,0.05,0.05
1223,0,0.982,-1.018,0.05,0.05
1224,0,0.986,-1.014,0.05,0.05
1225,0,0.986,-1.014,0.05,0.05
1226,0,0.984,-1.016,0.05,0.05
1227,1,-1.017,0.983,0.05,0.05
1228,1,-1.007,0.993,0.05,0.05
1229,1,-1.007,0.993,0.05,0.05
1230,1,-1.007,0.993,0.05,0.05
1231,1,-1.009,0.991,0.05,0.05
1232,1,-1.005,0.995,0.05,0.05
1233,1,-1.007,0.993,0.05,0.05
1234,1,-1.011,0.989,0.05,0.05
1235,1,-1.013,0.987,0.05,0.05
1236,1,-1.007,0.993,0.05,0.05
1237,1,-1.011,0.989,0.05,0.05
1238,1,-1.007,0.993,0.05,0.05
1239,0,0.988,-1.012,0.05,0.05
1240,1,-1.007,0.993,0.05,0.05
1241,0,0.988,-1.012,0.05,0.05
1242,0,0.982,-1.018,0.05,0.05
1243,0,0.988,-1.012,0.05,0.05
1244,1,-1.009,0.991,0.05,0.05
1245,0,0.988,-1.012,0.05,0.05
1246,0,0.992,-1.008,0.05,0.05
1247,1,-1.015,0.985,0.05,0.05
1248,0,0.982,-1.018,0.05,0.05
1249,1,-1.019,0.981,0.05,0.05
1250,1,-1.011,0.989,0.05,0.05
1251,0,0.988,-1.012,0.05,0.05
1252,1,-1.019,0.981,0.05,0.05
1253,0,0.988,-1.012,0.05,0.05
1254,0,0.988,-1.012,0.05,0.05
1255,1,-1.017,0.983,0.05,0.05
1256,0,0.988,-1.012,0.05,0.05
1257,0,0.984,-1.016,0.05,0.05
1258,1,-1.005,0.995,0.05,0.05
1259,1,-1.013,0.987,0.05,0.05
1260,1,-1.009,0.991,0.05,0.05
1261,1,-1.009,0.991,0.05,0.05
1262,1,-1.009,0.991,0.05,0.05
1263,0,0.988,-1.012,0.05,0.05
1264,0,0.988,-1.012,0.05,0.05
1265,1,-1.009,0.991,0.05,0.05
1266,1,-1.009,0.991,0.05,0.05
1267,1,-1.009,0.991,0.05,0.05
1268,0,0.988,-1.012,0.05,0.05
1269,0,0.976,-1.024,0.05,0.05
1270,1,-1.009,0.991,0.05,0.05
1271,1,-1.003,0.997,0.05,0.05
1272,1,-1.009,0.991,0.05,0.05
1273,1,-1.009,0.991,0.05,0.05
1274,1,-1.019,0.981,0.05,0.05
1275,1,-1.019,0.981,0.05,0.05
1276,0,0.988,-1.012,0.05,0.05
1277,0,0.976,-1.024,0.05,0.05
1278,1,-1.017,0.983,0.05,0.05
1279,0,0.984,-1.016,0.05,0.05
1280,0,0.98,-1.02,0.05,0.05
1281,1,-1.019,0.981,0.05,0.05
1282,1,-1.009,0.991,0.05,0.05
1283,0,0.988,-1.012,0.05,0.05
1284,1,-1.013,0.987,0.05,0.05
1285,0,0.988,-1.012,0.05,0.05
1286,1,-1.013,0.987,0.05,0.05
1287,0,0.992,-1.008,0.05,0.05
1288,0,0.99,-1.01,0.05,0.05
1289,1,-1.019,0.981,0.05,0.05
1290,0,0.988,-1.012,0.05,0.05
1291,1,-1.017,0.983,0.05,0.05
1292,1,-1.023,0.977,0.05,0.05
1293,1,-1.015,0.985,0.05,0.05
1294,0,0.978,-1.022,0.05,0.05
1295,0,0.988,-1.012,0.05,0.05
1296,0,0.988,-1.012,0.05,0.05
1297,0,0.988,-1.012,0.05,0.05
1298,1,-1.027,0.973,0.05,0.05
1299,1,-1.011,0.989,0.05,0.05
1300,1,-1.019,0.981,0.05,0.05
1301,0,0.988,-1.012,0.05,0.05
1302,0,0.984,-1.016,0.05,0.05
1303,0,0.986,-1.014,0.05,0.05
1304,1,-1.019,0.981,0.05,0.05
1305,0,0.988,-1.012,0.05,0.05
1306,1,-1.021,0.979,0.05,0.05
1307,0,0.976,-1.024,0.05,0.05
1308,0,0.98,-1.02,0.05,0.05
1309,0,0.984,-1.016,0.05,0.05
1310,1,-1.019,0.981,0.05,0.05
1311,0,0.986,-1.014,0.05,0.05
1312,0,0.984,-1.016,0.05,0.05
1313,0,0.988,-1.012,0.05,0.05
1314,0,0.984,-1.016,0.05,0.05
1315,0,0.984,-1.016,0.05,0.05
1316,0,0.984,-1.016,0.05,0.05
1317,0,0.988,-1.012,0.05,0.05
1318,0,0.984,-1.016,0.05,0.05
1319,0,0.98,-1.02,0.05,0.05
1320,0,0.988,-1.012,0.05,0.05
1321,0,0.984,-1.016,0.05,0.05
1322,1,-1.005,0.995,0.05,0.05
1323,1,-1.009,0.991,0.05,0.05
1324,0,0.988,-1.012,0.05,0.05
1325,0,0.982,-1.018,0.05,0.05
1326,1,-1.027,0.973,0.05,0.05
1327,0,0.984,-1.016,0.05,0.05
1328,0,0.976,-1.024,0.05,0.05
1329,0,0.976,-1.024,0.05,0.05
1330,0,0.988,-1.012,0.05,0.05
1331,1,-1.009,0.991,0.05,0.05
1332,0,0.988,-1.012,0.05,0.05
1333,0,0.982,-1.018,0.05,0.05
1334,0,0.982,-1.018,0.05,0.05
1335,0,0.988,-1.012,0.05,0.05
1336,1,-1.007,0.993,0.05,0.05
1337,1,-1.011,0.989,0.05,0.05
1338,1,-1.011,0.989,0.05,0.05
1339,1,-1.011,0.989,0.05,0.05
1340,0,0.982,-1.018,0.05,0.05
1341,1,-1.009,0.991,0.05,0.05
1342,1,-1.011,0.989,0.05,0.05
1343,1,-1.011,0.989,0.05,0.05
1344,1,-1.011,0.989,0.05,0.05
1345,1,-1.019,0.981,0.05,0.05
1346,1,-1.011,0.989,0.05,0.05
1347,0,0.988,-1.012,0.05,0.05
1348,1,-1.019,0.981,0.05,0.05
1349,0,0.984,-1.016,0.05,0.05
1350,0,0.988,-1.012,0.05,0.05
1351,0,0.988,-1.012,0.05,0.05
1352,1,-1.015,0.985,0.05,0.05
1353,1,-1.011,0.989,0.05,0.05
1354,0,0.976,-1.024,0.05,0.05
1355,0,0.98,-1.02,0.05,0.05
1356,0,0.98,-1.02,0.05,0.05
1357,1,-1.019,0.981,0.05,0.05
1358,0,0.988,-1.012,0.05,0.05
1359,0,0.988,-1.012,0.05,0.05
1360,0,0.98,-1.02,0.05,0.05
1361,0,0.99,-1.01,0.05,0.05
1362,1,-1.019,0.981,0.05,0.05
1363,0,0.976,-1.024,0.05,0.05
1364,0,0.988,-1.012,0.05,0.05
1365,0,0.988,-1.012,0.05,0.05
1366,0,0.992,-1.008,0.05,0.05
1367,0,0.982,-1.018,0.05,0.05
1368,0,0.984,-1.016,0.05,0.05
1369,0,0.988,-1.012,0.05,0.05
1370,0,0.988,-1.012,0.05,0.05
1371,0,0.988,-1.012,0.05,0.05
1372,1,-1.019,0.981,0.05,0.05
1373,0,0.988,-1.012,0.05,0.05
1374,0,0.982,-1.018,0.05,0.05
1375,0,0.984,-1.016,0.05,0.05
1376,0,0.988,-1.012,0.05,0.05
1377,1,-1.023,0.977,0.05,0.05
1378,0,0.978,-1.022,0.05,0.05
1379,0,0.99,-1.01,0.05,0.05
1380,0,0.988,-1.012,0.05,0.05
1381,0,0.988,-1.012,0.05,0.05
1382,0,0.988,-1.012,0.05,0.05
1383,0,0.988,-1.012,0.05,0.05
1384,0,0.988,-1.012,0.05,0.05
1385,0,0.978,-1.022,0.05,0.05
1386,0,0.98,-1.02,0.05,0.05
1387,1,-1.015,0.985,0.05,0.05
1388,0,0.988,-1.012,0.05,0.05
1389,0,0.978,-1.022,0.05,0.05
1390,0,0.988,-1.012,0.05,0.05
1391,0,0.988,-1.012,0.05,0.05
1392,0,0.988,-1.012,0.05,0.05
1393,0,0.988,-1.012,0.05,0.05
1394,0,0.984,-1.016,0.05,0.05
1395,0,0.988,-1.012,0.05,0.05
1396,0,0.988,-1.012,0.05,0.05
1397,0,0.98,-1.02,0.05,0.05
1398,1,-1.007,0.993,0.05,0.05
1399,0,0.988,-1.012,0.05,0.05
1400,1,-1.003,0.997,0.05,0.05
1401,1,-1.003,0.997,0.05,0.05
1402,1,-1.021,0.979,0.05,0.05
1403,1,-1.003,0.997,0.05,0.05
1404,1,-1.011,0.989,0.05,0.05
1405,1,-1.003,0.997,0.05,0.05
1406,1,-1.003,0.997,0.05,0.05
1407,1,-1.003,0.997,0.05,0.05
1408,1,-1.003,0.997,0.05,0.05
1409,1,-1.009,0.991,0.05,0.05
1410,1,-1.015,0.985,0.05,0.05
1411,1,-1.011,0.989,0.05,0.05
1412,1,-1.015,0.985,0.05,0.05
1413,1,-1.015,0.985,0.05,0.05
1414,0,0.988,-1.012,0.05,0.05
1415,0,0.988,-1.012,0.05,0.05
1416,1,-1.009,0.991,0.05,0.05
1417,1,-1.021,0.979,0.05,0.05
1418,0,0.988,-1.012,0.05,0.05
1419,0,0.988,-1.012,0.05,0.05
1420,0,0.988,-1.012,0.05,0.05
1421,1,-1.009,0.991,0.05,0.05
1422,1,-1.015,0.985,0.05,0.05
1423,1,-1.021,0.979,0.05,0.05
1424,1,-1.013,0.987,0.05,0.05
1425,1,-1.015,0.985,0.05,0.05
1426,1,-1.015,0.985,0.05,0.05
1427,1,-1.015,0.985,0.05,0.05
1428,0,0.976,-1.024,0.05,0.05
1429,0,0.988,-1.012,0.05,0.05
1430,0,0.988,-1.012,0.05,0.05
1431,0,0.984,-1.016,0.05,0.05
1432,1,-1.013,0.987,0.05,0.05
1433,0,0.98,-1.02,0.05,0.05
1434,1,-1.017,0.983,0.05,0.05
1435,1,-1.017,0.983,0.05,0.05
1436,0,0.984,-1.016,0.05,0.05
1437,0,0.984,-1.016,0.05,0.05
1438,0,0.988,-1.012,0.05,0.05
1439,0,0.988,-1.012,0.05,0.05
1440,0,0.988,-1.012,0.05,0.05
1441,1,-1.011,0.989,0.05,0.05
1442,0,0.984,-1.016,0.05,0.05
1443,0,0.988,-1.012,0.05,0.05
1444,1,-1.021,0.979,0.05,0.05
1445,0,0.988,-1.012,0.05,0.05
1446,0,0.992,-1.008,0.05,0.05
1447,0,0.982,-1.018,0.05,0.05
1448,0,0.988,-1.012,0.05,0.05
1449,0,0.992,-1.008,0.05,0.05
1450,0,0.98,-1.02,0.05,0.05
1451,0,0.986,-1.014,0.05,0.05
1452,0,0.992,-1.008,0.05,0.05
1453,1,-1.019,0.981,0.05,0.05
1454,1,-1.021,0.979,0.05,0.05
1455,0,0.988,-1.012,0.05,0.05
1456,0,0.984,-1.016,0.05,0.05
1457,1,-1.019,0.981,0.05,0.05
1458,0,0.988,-1.012,0.05,0.05
1459,0,0.988,-1.012,0.05,0.05
1460,0,0.988,-1.012,0.05,0.05
1461,1,-1.007,0.993,0.05,0.05
1462,1,-1.011,0.989,0.05,0.05
1463,1,-1.015,0.985,0.05,0.05
1464,1,-1.011,0.989,0.05,0.05
1465,1,-1.005,0.995,0.05,0.05
1466,1,-1.007,0.993,0.05,0.05
1467,1,-1.009,0.991,0.05,0.05
1468,1,-1.011,0.989,0.05,0.05
1469,0,0.99,-1.01,0.05,0.05
1470,0,0.994,-1.006,0.05,0.05
1471,1,-1.009,0.991,0.05,0.05
1472,1,-1.007,0.993,0.05,0.05
1473,1,-1.011,0.989,0.05,0.05
1474,0,0.986,-1.014,0.05,0.05
1475,1,-1.011,0.989,0.05,0.05
1476,1,-1.009,0.991,0.05,0.05
1477,1,-1.017,0.983,0.05,0.05
1478,0,0.992,-1.008,0.05,0.05
1479,0,0.982,-1.018,0.05,0.05
1480,0,0.98,-1.02,0.05,0.05
1481,0,0.984,-1.016,0.05,0.05
1482,0,0.99,-1.01,0.05,0.05
1483,0,0.978,-1.022,0.05,0.05
1484,1,-1.011,0.989,0.05,0.05
1485,0,0.992,-1.008,0.05,0.05
1486,1,-1.017,0.983,0.05,0.05
1487,1,-1.007,0.993,0.05,0.05
1488,1,-1.005,0.995,0.05,0.05
1489,0,0.988,-1.012,0.05,0.05
1490,1,-1.009,0.991,0.05,0.05
1491,1,-1.009,0.991,0.05,0.05
1492,1,-1.011,0.989,0.05,0.05
1493,1,-1.009,0.991,0.05,0.05
1494,0,0.984,-1.016,0.05,0.05
1495,1,-1.009,0.991,0.05,0.05
1496,1,-1.009,0.991,0.05,0.05
1497,1,-1.009,0.991,0.05,0.05
1498,1,-1.009,0.991,0.05,0.05
1499,1,-1.011,0.989,0.05,0.05
1500,0,0.984,-1.016,0.05,0.05
1501,0,0.988,-1.012,0.05,0.05
1502,1,-1.009,0.991,0.05,0.05
1503,1,-1.009,0.991,0.05,0.05
1504,1,-1.013,0.987,0.05,0.05
1505,0,0.98,-1.02,0.05,0.05
1506,0,0.976,-1.024,0.05,0.05
1507,0,0.988,-1.012,0.05,0.05
1508,0,0.986,-1.014,0.05,0.05
1509,0,0.988,-1.012,0.05,0.05
1510,0,0.988,-1.012,0.05,0.05
1511,0,0.988,-1.012,0.05,0.05
1512,1,-1.013,0.987,0.05,0.05
1513,0,0.984,-1.016,0.05,0.05
1514,0,0.98,-1.02,0.05,0.05
1515,0,0.986,-1.014,0.05,0.05
1516,0,0.988,-1.012,0.05,0.05
1517,0,0.978,-1.022,0.05,0.05
1518,1,-1.017,0.983,0.05,0.05
1519,1,-1.017,0.983,0.05,0.05
1520,0,0.988,-1.012,0.05,0.05
1521,0,0.988,-1.012,0.05,0.05
1522,1,-1.021,0.979,0.05,0.05
1523,0,0.99,-1.01,0.05,0.05
1524,1,-1.015,0.985,0.05,0.05
1525,1,-1.013,0.987,0.05,0.05
1526,0,0.988,-1.012,0.05,0.05
1527,0,0.984,-1.016,0.05,0.05
1528,0,0.98,-1.02,0.05,0.05
1529,0,0.988,-1.012,0.05,0.05
1530,1,-1.013,0.987,0.05,0.05
1531,0,0.984,-1.016,0.05,0.05
1532,0,0.99,-1.01,0.05,0.05
1533,0,0.984,-1.016,0.05,0.05
1534,0,0.976,-1.024,0.05,0.05
1535,0,0.98,-1.02,0.05,0.05
1536,0,0.988,-1.012,0.05,0.05
1537,0,0.988,-1.012,0.05,0.05
1538,0,0.988,-1.012,0.05,0.05
1539,1,-1.013,0.987,0.05,0.05
1540,1,-1.017,0.983,0.05,0.05
1541,1,-1.023,0.977,0.05,0.05
1542,0,0.98,-1.02,0.05,0.05
1543,1,-1.013,0.987,0.05,0.05
1544,0,0.98,-1.02,0.05,0.05
1545,0,0.988,-1.012,0.05,0.05
1546,0,0.984,-1.016,0.05,0.05
1547,0,0.984,-1.016,0.05,0.05
1548,1,-1.023,0.977,0.05,0.05
1549,0,0.988,-1.012,0.05,0.05
1550,0,0.984,-1.016,0.05,0.05
1551,0,0.986,-1.014,0.05,0.05
1552,0,0.988,-1.012,0.05,0.05
1553,1,-1.009,0.991,0.05,0.05
1554,1,-1.017,0.983,0.05,0.05
1555,0,0.988,-1.012,0.05,0.05
1556,1,-1.019,0.981,0.05,0.05
1557,1,-1.021,0.979,0.05,0.05
1558,0,0.98,-1.02,0.05,0.05
1559,1,-1.015,0.985,0.05,0.05
1560,1,-1.009,0.991,0.05,0.05
1561,0,0.988,-1.012,0.05,0.05
1562,1,-1.009,0.991,0.05,0.05
1563,1,-1.007,0.993,0.05,0.05
1564,1,-1.011,0.989,0.05,0.05
1565,1,-1.011,0.989,0.05,0.05
1566,1,-1.011,0.989,0.05,0.05
1567,0,0.988,-1.012,0.05,0.05
1568,0,0.988,-1.012,0.05,0.05
1569,1,-1.011,0.989,0.05,0.05
1570,1,-1.011,0.989,0.05,0.05
1571,1,-1.015,0.985,0.05,0.05
1572,1,-1.011,0.989,0.05,0.05
1573,1,-1.015,0.985,0.05,0.05
1574,1,-1.011,0.989,0.05,0.05
1575,0,0.992,-1.008,0.05,0.05
1576,0,0.99,-1.01,0.05,0.05
1577,0,0.984,-1.016,0.05,0.05
1578,1,-1.015,0.985,0.05,0.05
1579,0,0.988,-1.012,0.05,0.05
1580,0,0.988,-1.012,0.05,0.05
1581,0,0.988,-1.012,0.05,0.05
1582,0,0.982,-1.018,0.05,0.05
1583,0,0.988,-1.012,0.05,0.05
1584,0,0.986,-1.014,0.05,0.05
1585,0,0.988,-1.012,0.05,0.05
1586,0,0.988,-1.012,0.05,0.05
1587,0,0.984,-1.016,0.05,0.05
1588,1,-1.019,0.981,0.05,0.05
1589,0,0.984,-1.016,0.05,0.05
1590,1,-1.023,0.977,0.05,0.05
1591,0,0.984,-1.016,0.05,0.05
1592,1,-1.013,0.987,0.05,0.05
1593,0,0.986,-1.014,0.05,0.05
1594,0,0.988,-1.012,0.05,0.05
1595,1,-1.015,0.985,0.05,0.05
1596,1,-1.019,0.981,0.05,0.05
1597,0,0.992,-1.008,0.05,0.05
1598,0,0.988,-1.012,0.05,0.05
1599,0,0.984,-1.016,0.05,0.05
1600,0,0.988,-1.012,0.05,0.05
1601,0,0.988,-1.012,0.05,0.05
1602,0,0.988,-1.012,0.05,0.05
1603,0,0.984,-1.016,0.05,0.05
1604,0,0.988,-1.012,0.05,0.05
1605,0,0.988,-1.012,0.05,0.05
1606,0,0.988,-1.012,0.05,0.05
1607,1,-1.021,0.979,0.05,0.05
1608,0,0.988,-1.012,0.05,0.05
1609,1,-1.017,0.983,0.05,0.05
1610,0,0.988,-1.012,0.05,0.05
1611,0,0.988,-1.012,0.05,0.05
1612,1,-1.019,0.981,0.05,0.05
1613,0,0.986,-1.014,0.05,0.05
1614,1,-1.015,0.985,0.05,0.05
1615,0,0.988,-1.012,0.05,0.05
1616,0,0.974,-1.026,0.05,0.05
1617,0,0.988,-1.012,0.05,0.05
1618,0,0.982,-1.018,0.05,0.05
1619,0,0.984,-1.016,0.05,0.05
1620,1,-1.019,0.981,0.05,0.05
1621,0,0.98,-1.02,0.05,0.05
1622,0,0.978,-1.022,0.05,0.05
1623,0,0.988,-1.012,0.05,0.05
1624,0,0.99,-1.01,0.05,0.05
1625,0,0.994,-1.006,0.05,0.05
1626,1,-1.023,0.977,0.05,0.05
1627,0,0.986,-1.014,0.05,0.05
1628,1,-1.019,0.981,0.05,0.05
1629,0,0.978,-1.022,0.05,0.05
1630,0,0.988,-1.012,0.05,0.05
1631,1,-1.003,0.997,0.05,0.05
1632,1,-1.003,0.997,0.05,0.05
1633,1,-1.003,0.997,0.05,0.05
1634,1,-1.003,0.997,0.05,0.05
1635,1,-1.005,0.995,0.05,0.05
1636,0,0.992,-1.008,0.05,0.05
1637,1,-1.003,0.997,0.05,0.05
1638,1,-1.003,0.997,0.05,0.05
1639,1,-1.003,0.997,0.05,0.05
1640,0,0.986,-1.014,0.05,0.05
1641,1,-1.003,0.997,0.05,0.05
1642,1,-1.003,0.997,0.05,0.05
1643,1,-1.003,0.997,0.05,0.05
1644,1,-1.011,0.989,0.05,0.05
1645,0,0.98,-1.02,0.05,0.05
1646,0,0.992,-1.008,0.05,0.05
1647,0,0.988,-1.012,0.05,0.05
1648,1,-1.009,0.991,0.05,0.05
1649,0,0.988,-1.012,0.05,0.05
1650,1,-1.015,0.985,0.05,0.05
1651,1,-1.015,0.985,0.05,0.05
1652,0,0.988,-1.012,0.05,0.05
1653,0,0.986,-1.014,0.05,0.05
1654,0,0.984,-1.016,0.05,0.05
1655,1,-1.015,0.985,0.05,0.05
1656,0,0.988,-1.012,0.05,0.05
1657,0,0.988,-1.012,0.05,0.05
1658,1,-1.013,0.987,0.05,0.05
1659,0,0.988,-1.012,0.05,0.05
1660,0,0.988,-1.012,0.05,0.05
1661,0,0.988,-1.012,0.05,0.05
1662,0,0.984,-1.016,0.05,0.05
1663,0,0.988,-1.012,0.05,0.05
1664,0,0.986,-1.014,0.05,0.05
1665,0,0.988,-1.012,0.05,0.05
1666,1,-1.021,0.979,0.05,0.05
1667,1,-1.015,0.985,0.05,0.05
1668,0,0.984,-1.016,0.05,0.05
1669,0,0.984,-1.016,0.05,0.05
1670,0,0.994,-1.006,0.05,0.05
1671,1,-1.011,0.989,0.05,0.05
1672,1,-1.019,0.981,0.05,0.05
1673,1,-1.015,0.985,0.05,0.05
1674,1,-1.015,0.985,0.05,0.05
1675,1,-1.017,0.983,0.05,0.05
1676,0,0.984,-1.016,0.05,0.05
1677,0,0.99,-1.01,0.05,0.05
1678,1,-1.009,0.991,0.05,0.05
1679,0,0.992,-1.008,0.05,0.05
1680,0,0.988,-1.012,0.05,0.05
1681,0,0.98,-1.02,0.05,0.05
1682,1,-1.011,0.989,0.05,0.05
1683,0,0.988,-1.012,0.05,0.05
1684,1,-1.013,0.987,0.05,0.05
1685,1,-1.019,0.981,0.05,0.05
1686,1,-1.023,0.977,0.05,0.05
1687,1,-1.015,0.985,0.05,0.05
1688,1,-1.017,0.983,0.05,0.05
1689,0,0.988,-1.012,0.05,0.05
1690,0,0.988,-1.012,0.05,0.05
1691,1,-1.011,0.989,0.05,0.05
1692,0,0.984,-1.016,0.05,0.05
1693,1,-1.009,0.991,0.05,0.05
1694,1,-1.007,0.993,0.05,0.05
1695,1,-1.007,0.993,0.05,0.05
1696,1,-1.005,0.995,0.05,0.05
1697,1,-1.009,0.991,0.05,0.05
1698,1,-1.007,0.993,0.05,0.05
1699,1,-1.013,0.987,0.05,0.05
1700,1,-1.005,0.995,0.05,0.05
1701,1,-1.007,0.993,0.05,0.05
1702,1,-1.007,0.993,0.05,0.05
1703,1,-1.009,0.991,0.05,0.05
1704,1,-1.015,0.985,0.05,0.05
1705,1,-1.007,0.993,0.05,0.05
1706,0,0.992,-1.008,0.05,0.05
1707,1,-1.007,0.993,0.05,0.05
1708,1,-1.007,0.993,0.05,0.05
1709,1,-1.009,0.991,0.05,0.05
1710,1,-1.009,0.991,0.05,0.05
1711,1,-1.015,0.985,0.05,0.05
1712,0,0.988,-1.012,0.05,0.05
1713,0,0.988,-1.012,0.05,0.05
1714,1,-1.019,0.981,0.05,0.05
1715,1,-1.003,0.997,0.05,0.05
1716,0,0.982,-1.018,0.05,0.05
1717,0,0.988,-1.012,0.05,0.05
1718,0,0.986,-1.014,0.05,0.05
1719,0,0.992,-1.008,0.05,0.05
1720,1,-1.005,0.995,0.05,0.05
1721,0,0.984,-1.016,0.05,0.05
1722,1,-1.017,0.983,0.05,0.05
1723,1,-1.009,0.991,0.05,0.05
1724,1,-1.009,0.991,0.05,0.05
1725,1,-1.019,0.981,0.05,0.05
1726,1,-1.017,0.983,0.05,0.05
1727,1,-1.009,0.991,0.05,0.05
1728,0,0.98,-1.02,0.05,0.05
1729,1,-1.009,0.991,0.05,0.05
1730,1,-1.009,0.991,0.05,0.05
1731,1,-1.011,0.989,0.05,0.05
1732,1,-1.009,0.991,0.05,0.05
1733,1,-1.009,0.991,0.05,0.05
1734,1,-1.009,0.991,0.05,0.05
1735,1,-1.009,0.991,0.05,0.05
1736,1,-1.013,0.987,0.05,0.05
1737,0,0.984,-1.016,0.05,0.05
1738,0,0.984,-1.016,0.05,0.05
1739,1,-1.017,0.983,0.05,0.05
1740,0,0.988,-1.012,0.05,0.05
1741,0,0.984,-1.016,0.05,0.05
1742,1,-1.013,0.987,0.05,0.05
1743,0,0.98,-1.02,0.05,0.05
1744,0,0.988,-1.012,0.05,0.05
1745,1,-1.017,0.983,0.05,0.05
1746,1,-1.013,0.987,0.05,0.05
1747,1,-1.013,0.987,0.05,0.05
1748,0,0.988,-1.012,0.05,0.05
1749,1,-1.023,0.977,0.05,0.05
1750,0,0.984,-1.016,0.05,0.05
1751,0,0.984,-1.016,0.05,0.05
1752,0,0.984,-1.016,0.05,0.05
1753,0,0.984,-1.016,0.05,0.05
1754,0,0.992,-1.008,0.05,0.05
1755,0,0.99,-1.01,0.05,0.05
1756,0,0.976,-1.024,0.05,0.05
1757,1,-1.013,0.987,0.05,0.05
1758,1,-1.017,0.983,0.05,0.05
1759,0,0.988,-1.012,0.05,0.05
1760,0,0.984,-1.016,0.05,0.05
1761,1,-1.013,0.987,0.05,0.05
1762,0,0.98,-1.02,0.05,0.05
1763,0,0.984,-1.016,0.05,0.05
1764,0,0.992,-1.008,0.05,0.05
1765,1,-1.011,0.989,0.05,0.05
1766,0,0.978,-1.022,0.05,0.05
1767,0,0.988,-1.012,0.05,0.05
1768,0,0.988,-1.012,0.05,0.05
1769,0,0.978,-1.022,0.05,0.05
1770,0,0.988,-1.012,0.05,0.05
1771,1,-1.025,0.975,0.05,0.05
1772,1,-1.013,0.987,0.05,0.05
1773,1,-1.019,0.981,0.05,0.05
1774,0,0.988,-1.012,0.05,0.05
1775,0,0.976,-1.024,0.05,0.05
1776,0,0.988,-1.012,0.05,0.05
1777,1,-1.013,0.987,0.05,0.05
1778,0,0.988,-1.012,0.05,0.05
1779,0,0.984,-1.016,0.05,0.05
1780,0,0.988,-1.012,0.05,0.05
1781,0,0.98,-1.02,0.05,0.05
1782,0,0.988,-1.012,0.05,0.05
1783,1,-1.013,0.987,0.05,0.05
1784,0,0.986,-1.014,0.05,0.05
1785,0,0.982,-1.018,0.05,0.05
1786,0,0.984,-1.016,0.05,0.05
1787,0,0.984,-1.016,0.05,0.05
1788,1,-1.009,0.991,0.05,0.05
1789,1,-1.013,0.987,0.05,0.05
1790,1,-1.017,0.983,0.05,0.05
1791,0,0.984,-1.016,0.05,0.05
1792,1,-1.009,0.991,0.05,0.05
1793,0,0.98,-1.02,0.05,0.05
1794,0,0.976,-1.024,0.05,0.05
1795,0,0.984,-1.016,0.05,0.05
1796,0,0.986,-1.014,0.05,0.05
1797,1,-1.017,0.983,0.05,0.05
1798,0,0.988,-1.012,0.05,0.05
1799,1,-1.011,0.989,0.05,0.05
1800,0,0.988,-1.012,0.05,0.05
1801,1,-1.011,0.989,0.05,0.05
1802,1,-1.017,0.983,0.05,0.05
1803,1,-1.013,0.987,0.05,0.05
1804,1,-1.011,0.989,0.05,0.05
1805,1,-1.011,0.989,0.05,0.05
1806,0,0.988,-1.012,0.05,0.05
1807,1,-1.025,0.975,0.05,0.05
1808,1,-1.011,0.989,0.05,0.05
1809,1,-1.011,0.989,0.05,0.05
1810,0,0.99,-1.01,0.05,0.05
1811,0,0.984,-1.016,0.05,0.05
1812,1,-1.015,0.985,0.05,0.05
1813,0,0.986,-1.014,0.05,0.05
1814,0,0.986,-1.014,0.05,0.05
1815,0,0.988,-1.012,0.05,0.05
1816,0,0.98,-1.02,0.05,0.05
1817,1,-1.015,0.985,0.05,0.05
1818,1,-1.011,0.989,0.05,0.05
1819,0,0.984,-1.016,0.05,0.05
1820,0,0.986,-1.014,0.05,0.05
1821,0,0.984,-1.016,0.05,0.05
1822,1,-1.019,0.981,0.05,0.05
1823,0,0.988,-1.012,0.05,0.05
1824,1,-1.019,0.981,0.05,0.05
1825,1,-1.015,0.985,0.05,0.05
1826,0,0.986,-1.014,0.05,0.05
1827,0,0.982,-1.018,0.05,0.05
1828,0,0.984,-1.016,0.05,0.05
1829,0,0.988,-1.012,0.05,0.05
1830,0,0.992,-1.008,0.05,0.05
1831,0,0.992,-1.008,0.05,0.05
1832,0,0.988,-1.012,0.05,0.05
1833,0,0.984,-1.016,0.05,0.05
1834,0,0.988,-1.012,0.05,0.05
1835,0,0.988,-1.012,0.05,0.05
1836,0,0.99,-1.01,0.05,0.05
1837,0,0.98,-1.02,0.05,0.05
1838,0,0.984,-1.016,0.05,0.05
1839,0,0.988,-1.012,0.05,0.05
1840,0,0.988,-1.012,0.05,0.05
1841,1,-1.015,0.985,0.05,0.05
1842,0,0.994,-1.006,0.05,0.05
1843,0,0.99,-1.01,0.05,0.05
1844,0,0.982,-1.018,0.05,0.05
1845,0,0.976,-1.024,0.05,0.05
1846,0,0.988,-1.012,0.05,0.05
1847,0,0.988,-1.012,0.05,0.05
1848,0,0.98,-1.02,0.05,0.05
1849,0,0.988,-1.012,0.05,0.05
1850,1,-1.015,0.985,0.05,0.05
1851,0,0.978,-1.022,0.05,0.05
1852,1,-1.021,0.979,0.05,0.05
1853,0,0.976,-1.024,0.05,0.05
1854,1,-1.015,0.985,0.05,0.05
1855,1,-1.011,0.989,0.05,0.05
1856,0,0.976,-1.024,0.05,0.05
1857,0,0.974,-1.026,0.05,0.05
1858,0,0.988,-1.012,0.05,0.05
1859,0,0.974,-1.026,0.05,0.05
1860,0,0.978,-1.022,0.05,0.05
1861,1,-1.017,0.983,0.05,0.05
1862,1,-1.019,0.981,0.05,0.05
1863,0,0.98,-1.02,0.05,0.05
1864,1,-1.021,0.979,0.05,0.05
1865,1,-1.003,0.997,0.05,0.05
1866,1,-1.003,0.997,0.05,0.05
1867,1,-1.003,0.997,0.05,0.05
1868,0,0.988,-1.012,0.05,0.05
1869,1,-1.005,0.995,0.05,0.05
1870,0,0.988,-1.012,0.05,0.05
1871,1,-1.025,0.975,0.05,0.05
1872,1,-1.003,0.997,0.05,0.05
1873,0,0.986,-1.014,0.05,0.05
1874,1,-1.003,0.997,0.05,0.05
1875,1,-1.003,0.997,0.05,0.05
1876,1,-1.003,0.997,0.05,0.05
1877,1,-1.003,0.997,0.05,0.05
1878,1,-1.011,0.989,0.05,0.05
1879,1,-1.015,0.985,0.05,0.05
1880,1,-1.007,0.993,0.05,0.05
1881,1,-1.015,0.985,0.05,0.05
1882,1,-1.015,0.985,0.05,0.05
1883,1,-1.019,0.981,0.05,0.05
1884,1,-1.009,0.991,0.05,0.05
1885,0,0.984,-1.016,0.05,0.05
1886,1,-1.015,0.985,0.05,0.05
1887,1,-1.019,0.981,0.05,0.05
1888,1,-1.015,0.985,0.05,0.05
1889,0,0.986,-1.014,0.05,0.05
1890,0,0.988,-1.012,0.05,0.05
1891,1,-1.015,0.985,0.05,0.05
1892,0,0.988,-1.012,0.05,0.05
1893,1,-1.015,0.985,0.05,0.05
1894,0,0.984,-1.016,0.05,0.05
1895,0,0.988,-1.012,0.05,0.05
1896,1,-1.015,0.985,0.05,0.05
1897,0,0.984,-1.016,0.05,0.05
1898,1,-1.017,0.983,0.05,0.05
1899,1,-1.015,0.985,0.05,0.05
1900,0,0.992,-1.008,0.05,0.05
1901,0,0.988,-1.012,0.05,0.05
1902,0,0.984,-1.016,0.05,0.05
1903,1,-1.017,0.983,0.05,0.05
1904,1,-1.015,0.985,0.05,0.05
1905,0,0.984,-1.016,0.05,0.05
1906,1,-1.015,0.985,0.05,0.05
1907,0,0.992,-1.008,0.05,0.05
1908,1,-1.011,0.989,0.05,0.05
1909,0,0.98,-1.02,0.05,0.05
1910,1,-1.017,0.983,0.05,0.05
1911,1,-1.015,0.985,0.05,0.05
1912,0,0.98,-1.02,0.05,0.05
1913,1,-1.013,0.987,0.05,0.05
1914,0,0.984,-1.016,0.05,0.05
1915,0,0.988,-1.012,0.05,0.05
1916,1,-1.015,0.985,0.05,0.05
1917,0,0.998,-1.002,0.05,0.05
1918,0,0.986,-1.014,0.05,0.05
1919,0,0.974,-1.026,0.05,0.05
1920,0,0.992,-1.008,0.05,0.05
1921,0,0.98,-1.02,0.05,0.05
1922,0,0.992,-1.008,0.05,0.05
1923,0,0.982,-1.018,0.05,0.05
1924,0,0.992,-1.008,0.05,0.05
1925,1,-1.015,0.985,0.05,0.05
1926,0,0.98,-1.02,0.05,0.05
1927,1,-1.021,0.979,0.05,0.05
1928,1,-1.011,0.989,0.05,0.05
1929,1,-1.007,0.993,0.05,0.05
1930,1,-1.011,0.989,0.05,0.05
1931,0,0.988,-1.012,0.05,0.05
1932,1,-1.011,0.989,0.05,0.05
1933,1,-1.005,0.995,0.05,0.05
1934,1,-1.007,0.993,0.05,0.05
1935,1,-1.011,0.989,0.05,0.05
1936,1,-1.011,0.989,0.05,0.05
1937,0,0.994,-1.006,0.05,0.05
1938,0,0.99,-1.01,0.05,0.05
1939,0,0.99,-1.01,0.05,0.05
1940,1,-1.021,0.979,0.05,0.05
1941,1,-1.007,0.993,0.05,0.05
1942,1,-1.011,0.989,0.05,0.05
1943,1,-1.007,0.993,0.05,0.05
1944,1,-1.007,0.993,0.05,0.05
1945,1,-1.009,0.991,0.05,0.05
1946,0,0.988,-1.012,0.05,0.05
1947,1,-1.013,0.987,0.05,0.05
1948,1,-1.019,0.981,0.05,0.05
1949,0,0.984,-1.016,0.05,0.05
1950,0,0.992,-1.008,0.05,0.05
1951,0,0.988,-1.012,0.05,0.05
1952,0,0.988,-1.012,0.05,0.05
1953,0,0.988,-1.012,0.05,0.05
1954,0,0.99,-1.01,0.05,0.05
1955,0,0.992,-1.008,0.05,0.05
1956,0,0.988,-1.012,0.05,0.05
1957,1,-1.009,0.991,0.05,0.05
1958,1,-1.005,0.995,0.05,0.05
1959,1,-1.013,0.987,0.05,0.05
1960,1,-1.009,0.991,0.05,0.05
1961,0,0.988,-1.012,0.05,0.05
1962,1,-1.009,0.991,0.05,0.05
1963,0,0.988,-1.012,0.05,0.05
1964,1,-1.009,0.991,0.05,0.05
1965,1,-1.009,0.991,0.05,0.05
1966,0,0.988,-1.012,0.05,0.05
1967,1,-1.009,0.991,0.05,0.05
1968,1,-1.011,0.989,0.05,0.05
1969,1,-1.011,0.989,0.05,0.05
1970,1,-1.009,0.991,0.05,0.05
1971,1,-1.009,0.991,0.05,0.05
1972,1,-1.009,0.991,0.05,0.05
1973,1,-1.013,0.987,0.05,0.05
1974,0,0.98,-1.02,0.05,0.05
1975,1,-1.017,0.983,0.05,0.05
1976,1,-1.019,0.981,0.05,0.05
1977,0,0.988,-1.012,0.05,0.05
1978,1,-1.019,0.981,0.05,0.05
1979,1,-1.013,0.987,0.05,0.05
1980,0,0.98,-1.02,0.05,0.05
1981,1,-1.017,0.983,0.05,0.05
1982,0,0.988,-1.012,0.05,0.05
1983,1,-1.013,0.987,0.05,0.05
1984,0,0.984,-1.016,0.05,0.05
1985,1,-1.017,0.983,0.05,0.05
1986,0,0.98,-1.02,0.05,0.05
1987,1,-1.017,0.983,0.05,0.05
1988,0,0.98,-1.02,0.05,0.05
1989,0,0.982,-1.018,0.05,0.05
1990,0,0.988,-1.012,0.05,0.05
1991,1,-1.021,0.979,0.05,0.05
1992,0,0.988,-1.012,0.05,0.05
1993,0,0.98,-1.02,0.05,0.05
1994,0,0.988,-1.012,0.05,0.05
1995,0,0.978,-1.022,0.05,0.05
1996,1,-1.017,0.983,0.05,0.05
1997,0,0.988,-1.012,0.05,0.05
1998,0,0.988,-1.012,0.05,0.05
1999,1,-1.021,0.979,0.05,0.05
2000,0,0.988,-1.012,0.05,0.05
2001,0,0.984,-1.016,0.05,0.05
2002,1,-1.015,0.985,0.05,0.05
2003,1,-1.019,0.981,0.05,0.05
2004,1,-1.025,0.975,0.05,0.05
2005,1,-1.015,0.985,0.05,0.05
2006,0,0.98,-1.02,0.05,0.05
2007,1,-1.013,0.987,0.05,0.05
2008,0,0.986,-1.014,0.05,0.05
2009,0,0.988,-1.012,0.05,0.05
2010,0,0.978,-1.022,0.05,0.05
2011,0,0.988,-1.012,0.05,0.05
2012,0,0.978,-1.022,0.05,0.05
2013,0,0.984,-1.016,0.05,0.05
2014,0,0.988,-1.012,0.05,0.05
2015,0,0.988,-1.012,0.05,0.05
2016,1,-1.021,0.979,0.05,0.05
2017,0,0.984,-1.016,0.05,0.05
2018,0,0.98,-1.02,0.05,0.05
2019,0,0.98,-1.02,0.05,0.05
2020,0,0.988,-1.012,0.05,0.05
2021,0,0.98,-1.02,0.05,0.05
2022,0,0.982,-1.018,0.05,0.05
2023,1,-1.013,0.987,0.05,0.05
2024,0,0.988,-1.012,0.05,0.05
2025,0,0.988,-1.012,0.05,0.05
2026,1,-1.009,0.991,0.05,0.05
2027,1,-1.009,0.991,0.05,0.05
2028,0,0.988,-1.012,0.05,0.05
2029,0,0.988,-1.012,0.05,0.05
2030,1,-1.007,0.993,0.05,0.05
2031,0,0.982,-1.018,0.05,0.05
2032,0,0.98,-1.02,0.05,0.05
2033,1,-1.007,0.993,0.05,0.05
2034,1,-1.011,0.989,0.05,0.05
2035,1,-1.011,0.989,0.05,0.05
2036,1,-1.011,0.989,0.05,0.05
2037,1,-1.013,0.987,0.05,0.05
2038,1,-1.011,0.989,0.05,0.05
2039,1,-1.011,0.989,0.05,0.05
2040,1,-1.011,0.989,0.05,0.05
2041,1,-1.011,0.989,0.05,0.05
2042,1,-1.011,0.989,0.05,0.05
2043,1,-1.017,0.983,0.05,0.05
2044,1,-1.011,0.989,0.05,0.05
2045,0,0.988,-1.012,0.05,0.05
2046,0,0.988,-1.012,0.05,0.05
2047,1,-1.019,0.981,0.05,0.05
2048,1,-1.015,0.985,0.05,0.05
2049,1,-1.017,0.983,0.05,0.05
2050,0,0.982,-1.018,0.05,0.05
2051,0,0.988,-1.012,0.05,0.05
2052,0,0.98,-1.02,0.05,0.05
2053,1,-1.011,0.989,0.05,0.05
2054,0,0.98,-1.02,0.05,0.05
2055,1,-1.019,0.981,0.05,0.05
2056,0,0.988,-1.012,0.05,0.05
2057,0,0.988,-1.012,0.05,0.05
2058,0,0.976,-1.024,0.05,0.05
2059,1,-1.025,0.975,0.05,0.05
2060,1,-1.019,0.981,0.05,0.05
2061,0,0.988,-1.012,0.05,0.05
2062,0,0.98,-1.02,0.05,0.05
2063,0,0.982,-1.018,0.05,0.05
2064,0,0.978,-1.022,0.05,0.05
2065,0,0.988,-1.012,0.05,0.05
2066,0,0.992,-1.008,0.05,0.05
2067,0,0.988,-1.012,0.05,0.05
2068,1,-1.021,0.979,0.05,0.05
2069,0,0.988,-1.012,0.05,0.05
2070,0,0.988,-1.012,0.05,0.05
2071,0,0.982,-1.018,0.05,0.05
2072,0,0.988,-1.012,0.05,0.05
2073,0,0.988,-1.012,0.05,0.05
2074,0,0.988,-1.012,0.05,0.05
2075,0,0.988,-1.012,0.05,0.05
2076,0,0.992,-1.008,0.05,0.05
2077,0,0.99,-1.01,0.05,0.05
2078,0,0.988,-1.012,0.05,0.05
2079,0,0.988,-1.012,0.05,0.05
2080,0,0.988,-1.012,0.05,0.05
2081,0,0.982,-1.018,0.05,0.05
2082,0,0.992,-1.008,0.05,0.05
2083,0,0.976,-1.024,0.05,0.05
2084,0,0.978,-1.022,0.05,0.05
2085,0,0.984,-1.016,0.05,0.05
2086,0,0.978,-1.022,0.05,0.05
2087,0,0.982,-1.018,0.05,0.05
2088,0,0.976,-1.024,0.05,0.05
2089,0,0.976,-1.024,0.05,0.05
2090,0,0.98,-1.02,0.05,0.05
2091,0,0.978,-1.022,0.05,0.05
2092,0,0.98,-1.02,0.05,0.05
2093,0,0.988,-1.012,0.05,0.05
2094,0,0.978,-1.022,0.05,0.05
2095,0,0.976,-1.024,0.05,0.05
2096,1,-1.019,0.981,0.05,0.05
2097,0,0.976,-1.024,0.05,0.05
2098,0,0.98,-1.02,0.05,0.05
2099,0,0.982,-1.018,0.05,0.05
2100,1,-1.003,0.997,0.05,0.05
2101,1,-1.003,0.997,0.05,0.05
2102,0,0.99,-1.01,0.05,0.05
2103,1,-1.007,0.993,0.05,0.05
2104,1,-1.003,0.997,0.05,0.05
2105,1,-1.011,0.989,0.05,0.05
2106,1,-1.003,0.997,0.05,0.05
2107,0,0.984,-1.016,0.05,0.05
2108,1,-1.003,0.997,0.05,0.05
2109,1,-1.003,0.997,0.05,0.05
2110,1,-1.003,0.997,0.05,0.05
2111,1,-1.003,0.997,0.05,0.05
2112,1,-1.011,0.989,0.05,0.05
2113,0,0.988,-1.012,0.05,0.05
2114,1,-1.015,0.985,0.05,0.05
2115,1,-1.015,0.985,0.05,0.05
2116,0,0.98,-1.02,0.05,0.05
2117,1,-1.009,0.991,0.05,0.05
2118,1,-1.009,0.991,0.05,0.05
2119,1,-1.013,0.987,0.05,0.05
2120,0,0.988,-1.012,0.05,0.05
2121,0,0.988,-1.012,0.05,0.05
2122,0,0.988,-1.012,0.05,0.05
2123,1,-1.015,0.985,0.05,0.05
2124,1,-1.015,0.985,0.05,0.05
2125,1,-1.015,0.985,0.05,0.05
2126,0,0.98,-1.02,0.05,0.05
2127,1,-1.019,0.981,0.05,0.05
2128,1,-1.015,0.985,0.05,0.05
2129,1,-1.011,0.989,0.05,0.05
2130,0,0.99,-1.01,0.05,0.05
2131,1,-1.015,0.985,0.05,0.05
2132,0,0.988,-1.012,0.05,0.05
2133,0,0.984,-1.016,0.05,0.05
2134,0,0.98,-1.02,0.05,0.05
2135,0,0.986,-1.014,0.05,0.05
2136,1,-1.013,0.987,0.05,0.05
2137,0,0.984,-1.016,0.05,0.05
2138,1,-1.023,0.977,0.05,0.05
2139,1,-1.015,0.985,0.05,0.05
2140,1,-1.017,0.983,0.05,0.05
2141,1,-1.017,0.983,0.05,0.05
2142,1,-1.017,0.983,0.05,0.05
2143,0,0.988,-1.012,0.05,0.05
2144,0,0.982,-1.018,0.05,0.05
2145,1,-1.021,0.979,0.05,0.05
2146,1,-1.017,0.983,0.05,0.05
2147,1,-1.017,0.983,0.05,0.05
2148,1,-1.025,0.975,0.05,0.05
2149,1,-1.015,0.985,0.05,0.05
2150,0,0.982,-1.018,0.05,0.05
2151,0,0.984,-1.016,0.05,0.05
2152,0,0.986,-1.014,0.05,0.05
2153,0,0.986,-1.014,0.05,0.05
2154,0,0.978,-1.022,0.05,0.05
2155,1,-1.011,0.989,0.05,0.05
2156,0,0.984,-1.016,0.05,0.05
2157,1,-1.015,0.985,0.05,0.05
2158,1,-1.019,0.981,0.05,0.05
2159,1,-1.011,0.989,0.05,0.05
2160,0,0.994,-1.006,0.05,0.05
2161,1,-1.015,0.985,0.05,0.05
2162,1,-1.019,0.981,0.05,0.05
2163,0,0.986,-1.014,0.05,0.05
2164,1,-1.007,0.993,0.05,0.05
2165,0,0.986,-1.014,0.05,0.05
2166,1,-1.017,0.983,0.05,0.05
2167,1,-1.011,0.989,0.05,0.05
2168,1,-1.007,0.993,0.05,0.05
2169,0,0.992,-1.008,0.05,0.05
2170,1,-1.021,0.979,0.05,0.05
2171,1,-1.007,0.993,0.05,0.05
2172,1,-1.011,0.989,0.05,0.05
2173,0,0.99,-1.01,0.05,0.05
2174,1,-1.007,0.993,0.05,0.05
2175,0,0.984,-1.016,0.05,0.05
2176,1,-1.009,0.991,0.05,0.05
2177,1,-1.007,0.993,0.05,0.05
2178,1,-1.011,0.989,0.05,0.05
2179,0,0.99,-1.01,0.05,0.05
2180,1,-1.011,0.989,0.05,0.05
2181,1,-1.011,0.989,0.05,0.05
2182,1,-1.011,0.989,0.05,0.05
2183,0,0.986,-1.014,0.05,0.05
2184,1,-1.009,0.991,0.05,0.05
2185,0,0.986,-1.014,0.05,0.05
2186,0,0.986,-1.014,0.05,0.05
2187,1,-1.009,0.991,0.05,0.05
2188,0,0.986,-1.014,0.05,0.05
2189,0,0.992,-1.008,0.05,0.05
2190,0,0.986,-1.014,0.05,0.05
2191,0,0.99,-1.01,0.05,0.05
2192,0,0.986,-1.014,0.05,0.05
2193,1,-1.017,0.983,0.05,0.05
2194,0,0.978,-1.022,0.05,0.05
2195,0,0.984,-1.016,0.05,0.05
2196,0,0.984,-1.016,0.05,0.05
2197,1,-1.011,0.989,0.05,0.05
2198,1,-1.009,0.991,0.05,0.05
2199,1,-1.009,0.991,0.05,0.05
2200,1,-1.009,0.991,0.05,0.05
2201,1,-1.019,0.981,0.05,0.05
2202,1,-1.009,0.991,0.05,0.05
2203,1,-1.009,0.991,0.05,0.05
2204,1,-1.009,0.991,0.05,0.05
2205,1,-1.011,0.989,0.05,0.05
2206,1,-1.009,0.991,0.05,0.05
2207,0,0.988,-1.012,0.05,0.05
2208,1,-1.009,0.991,0.05,0.05
2209,1,-1.009,0.991,0.05,0.05
2210,1,-1.013,0.987,0.05,0.05
2211,0,0.988,-1.012,0.05,0.05
2212,0,0.988,-1.012,0.05,0.05
2213,0,0.984,-1.016,0.05,0.05
2214,0,0.99,-1.01,0.05,0.05
2215,0,0.988,-1.012,0.05,0.05
2216,0,0.986,-1.014,0.05,0.05
2217,1,-1.015,0.985,0.05,0.05
2218,1,-1.011,0.989,0.05,0.05
2219,0,0.99,-1.01,0.05,0.05
2220,0,0.988,-1.012,0.05,0.05
2221,0,0.984,-1.016,0.05,0.05
2222,1,-1.015,0.985,0.05,0.05
2223,1,-1.017,0.983,0.05,0.05
2224,0,0.988,-1.012,0.05,0.05
2225,0,0.988,-1.012,0.05,0.05
2226,0,0.988,-1.012,0.05,0.05
2227,0,0.984,-1.016,0.05,0.05
2228,1,-1.021,0.979,0.05,0.05
2229,0,0.984,-1.016,0.05,0.05
2230,0,0.988,-1.012,0.05,0.05
2231,1,-1.017,0.983,0.05,0.05
2232,1,-1.021,0.979,0.05,0.05
2233,0,0.988,-1.012,0.05,0.05
2234,1,-1.013,0.987,0.05,0.05
2235,0,0.988,-1.012,0.05,0.05
2236,0,0.984,-1.016,0.05,0.05
2237,1,-1.009,0.991,0.05,0.05
2238,1,-1.017,0.983,0.05,0.05
2239,1,-1.021,0.979,0.05,0.05
2240,1,-1.017,0.983,0.05,0.05
2241,0,0.976,-1.024,0.05,0.05
2242,1,-1.025,0.975,0.05,0.05
2243,0,0.988,-1.012,0.05,0.05
2244,1,-1.013,0.987,0.05,0.05
2245,0,0.99,-1.01,0.05,0.05
2246,0,0.982,-1.018,0.05,0.05
2247,1,-1.025,0.975,0.05,0.05
2248,1,-1.025,0.975,0.05,0.05
2249,0,0.988,-1.012,0.05,0.05
2250,1,-1.025,0.975,0.05,0.05
2251,0,0.978,-1.022,0.05,0.05
2252,1,-1.021,0.979,0.05,0.05
2253,0,0.988,-1.012,0.05,0.05
2254,0,0.988,-1.012,0.05,0.05
2255,0,0.976,-1.024,0.05,0.05
2256,1,-1.017,0.983,0.05,0.05
2257,0,0.988,-1.012,0.05,0.05
2258,0,0.978,-1.022,0.05,0.05
2259,1,-1.009,0.991,0.05,0.05
2260,1,-1.009,0.991,0.05,0.05
2261,1,-1.017,0.983,0.05,0.05
2262,0,0.98,-1.02,0.05,0.05
2263,0,0.978,-1.022,0.05,0.05
2264,0,0.978,-1.022,0.05,0.05
2265,0,0.984,-1.016,0.05,0.05
2266,1,-1.025,0.975,0.05,0.05
2267,0,0.982,-1.018,0.05,0.05
2268,1,-1.007,0.993,0.05,0.05
2269,1,-1.011,0.989,0.05,0.05
2270,0,0.988,-1.012,0.05,0.05
2271,1,-1.011,0.989,0.05,0.05
2272,0,0.988,-1.012,0.05,0.05
2273,0,0.984,-1.016,0.05,0.05
2274,1,-1.011,0.989,0.05,0.05
2275,1,-1.011,0.989,0.05,0.05
2276,1,-1.011,0.989,0.05,0.05
2277,1,-1.011,0.989,0.05,0.05
2278,1,-1.011,0.989,0.05,0.05
2279,1,-1.011,0.989,0.05,0.05
2280,1,-1.021,0.979,0.05,0.05
2281,0,0.978,-1.022,0.05,0.05
2282,0,0.988,-1.012,0.05,0.05
2283,0,0.984,-1.016,0.05,0.05
2284,0,0.988,-1.012,0.05,0.05
2285,0,0.978,-1.022,0.05,0.05
2286,0,0.988,-1.012,0.05,0.05
2287,1,-1.011,0.989,0.05,0.05
2288,0,0.988,-1.012,0.05,0.05
2289,1,-1.019,0.981,0.05,0.05
2290,0,0.978,-1.022,0.05,0.05
2291,1,-1.019,0.981,0.05,0.05
2292,0,0.986,-1.014,0.05,0.05
2293,1,-1.017,0.983,0.05,0.05
2294,0,0.994,-1.006,0.05,0.05
2295,0,0.98,-1.02,0.05,0.05
2296,1,-1.021,0.979,0.05,0.05
2297,0,0.992,-1.008,0.05,0.05
2298,0,0.988,-1.012,0.05,0.05
2299,1,-1.023,0.977,0.05,0.05
2300,0,0.99,-1.01,0.05,0.05
2301,0,0.988,-1.012,0.05,0.05
2302,0,0.99,-1.01,0.05,0.05
2303,0,0.982,-1.018,0.05,0.05
2304,1,-1.009,0.991,0.05,0.05
2305,0,0.99,-1.01,0.05,0.05
2306,0,0.986,-1.014,0.05,0.05
2307,0,0.994,-1.006,0.05,0.05
2308,0,0.99,-1.01,0.05,0.05
2309,0,0.988,-1.012,0.05,0.05
2310,0,0.994,-1.006,0.05,0.05
2311,0,0.99,-1.01,0.05,0.05
2312,0,0.978,-1.022,0.05,0.05
2313,0,0.986,-1.014,0.05,0.05
2314,0,0.988,-1.012,0.05,0.05
2315,0,0.988,-1.012,0.05,0.05
2316,0,0.986,-1.014,0.05,0.05
2317,1,-1.019,0.981,0.05,0.05
2318,0,0.976,-1.024,0.05,0.05
2319,0,0.98,-1.02,0.05,0.05
2320,0,0.976,-1.024,0.05,0.05
2321,0,0.986,-1.014,0.05,0.05
2322,0,0.988,-1.012,0.05,0.05
2323,0,0.976,-1.024,0.05,0.05
2324,0,0.978,-1.022,0.05,0.05
2325,0,0.984,-1.016,0.05,0.05
2326,0,0.988,-1.012,0.05,0.05
2327,0,0.988,-1.012,0.05,0.05
2328,1,-1.013,0.987,0.05,0.05
2329,0,0.976,-1.024,0.05,0.05
2330,1,-1.023,0.977,0.05,0.05
2331,1,-1.011,0.989,0.05,0.05
2332,1,-1.021,0.979,0.05,0.05
2333,0,0.984,-1.016,0.05,0.05
2334,1,-1.003,0.997,0.05,0.05
2335,1,-1.003,0.997,0.05,0.05
2336,1,-1.003,0.997,0.05,0.05
2337,1,-1.003,0.997,0.05,0.05
2338,1,-1.005,0.995,0.05,0.05
2339,1,-1.003,0.997,0.05,0.05
2340,1,-1.003,0.997,0.05,0.05
2341,1,-1.003,0.997,0.05,0.05
2342,1,-1.003,0.997,0.05,0.05
2343,0,0.984,-1.016,0.05,0.05
2344,1,-1.003,0.997,0.05,0.05
2345,0,0.988,-1.012,0.05,0.05
2346,1,-1.003,0.997,0.05,0.05
2347,0,0.978,-1.022,0.05,0.05
2348,1,-1.017,0.983,0.05,0.05
2349,0,0.986,-1.014,0.05,0.05
2350,0,0.984,-1.016,0.05,0.05
2351,0,0.984,-1.016,0.05,0.05
2352,0,0.988,-1.012,0.05,0.05
2353,1,-1.013,0.987,0.05,0.05
2354,1,-1.015,0.985,0.05,0.05
2355,1,-1.017,0.983,0.05,0.05
2356,1,-1.017,0.983,0.05,0.05
2357,1,-1.015,0.985,0.05,0.05
2358,1,-1.015,0.985,0.05,0.05
2359,1,-1.015,0.985,0.05,0.05
2360,1,-1.015,0.985,0.05,0.05
2361,1,-1.015,0.985,0.05,0.05
2362,1,-1.015,0.985,0.05,0.05
2363,0,0.988,-1.012,0.05,0.05
2364,0,0.984,-1.016,0.05,0.05
2365,1,-1.009,0.991,0.05,0.05
2366,1,-1.015,0.985,0.05,0.05
2367,1,-1.017,0.983,0.05,0.05
2368,1,-1.017,0.983,0.05,0.05
2369,0,0.994,-1.006,0.05,0.05
2370,1,-1.013,0.987,0.05,0.05
2371,1,-1.017,0.983,0.05,0.05
2372,0,0.98,-1.02,0.05,0.05
2373,1,-1.017,0.983,0.05,0.05
2374,1,-1.017,0.983,0.05,0.05
2375,1,-1.017,0.983,0.05,0.05
2376,0,0.986,-1.014,0.05,0.05
2377,0,0.988,-1.012,0.05,0.05
2378,1,-1.011,0.989,0.05,0.05
2379,0,0.982,-1.018,0.05,0.05
2380,1,-1.015,0.985,0.05,0.05
2381,1,-1.015,0.985,0.05,0.05
2382,1,-1.021,0.979,0.05,0.05
2383,1,-1.017,0.983,0.05,0.05
2384,0,0.982,-1.018,0.05,0.05
2385,1,-1.017,0.983,0.05,0.05
2386,0,0.986,-1.014,0.05,0.05
2387,1,-1.015,0.985,0.05,0.05
2388,0,0.984,-1.016,0.05,0.05
2389,1,-1.009,0.991,0.05,0.05
2390,0,0.986,-1.014,0.05,0.05
2391,1,-1.019,0.981,0.05,0.05
2392,1,-1.011,0.989,0.05,0.05
2393,1,-1.015,0.985,0.05,0.05
2394,1,-1.015,0.985,0.05,0.05
2395,0,0.984,-1.016,0.05,0.05
2396,0,0.986,-1.014,0.05,0.05
2397,0,0.986,-1.014,0.05,0.05
2398,1,-1.017,0.983,0.05,0.05
2399,1,-1.007,0.993,0.05,0.05
2400,1,-1.011,0.989,0.05,0.05
2401,1,-1.013,0.987,0.05,0.05
2402,1,-1.007,0.993,0.05,0.05
2403,1,-1.005,0.995,0.05,0.05
2404,1,-1.007,0.993,0.05,0.05
2405,1,-1.011,0.989,0.05,0.05
2406,1,-1.011,0.989,0.05,0.05
2407,1,-1.007,0.993,0.05,0.05
2408,1,-1.011,0.989,0.05,0.05
2409,0,0.99,-1.01,0.05,0.05
2410,1,-1.011,0.989,0.05,0.05
2411,1,-1.007,0.993,0.05,0.05
2412,1,-1.011,0.989,0.05,0.05
2413,1,-1.011,0.989,0.05,0.05
2414,0,0.988,-1.012,0.05,0.05
2415,1,-1.009,0.991,0.05,0.05
2416,0,0.986,-1.014,0.05,0.05
2417,0,0.99,-1.01,0.05,0.05
2418,1,-1.019,0.981,0.05,0.05
2419,0,0.98,-1.02,0.05,0.05
2420,0,0.982,-1.018,0.05,0.05
2421,0,0.988,-1.012,0.05,0.05
2422,1,-1.019,0.981,0.05,0.05
2423,1,-1.007,0.993,0.05,0.05
2424,1,-1.019,0.981,0.05,0.05
2425,1,-1.017,0.983,0.05,0.05
2426,1,-1.009,0.991,0.05,0.05
2427,0,0.986,-1.014,0.05,0.05
2428,1,-1.005,0.995,0.05,0.05
2429,1,-1.013,0.987,0.05,0.05
2430,1,-1.009,0.991,0.05,0.05
2431,1,-1.009,0.991,0.05,0.05
2432,1,-1.009,0.991,0.05,0.05
2433,1,-1.019,0.981,0.05,0.05
2434,1,-1.009,0.991,0.05,0.05
2435,1,-1.009,0.991,0.05,0.05
2436,1,-1.009,0.991,0.05,0.05
2437,1,-1.011,0.989,0.05,0.05
2438,1,-1.019,0.981,0.05,0.05
2439,1,-1.009,0.991,0.05,0.05
2440,1,-1.009,0.991,0.05,0.05
2441,0,0.988,-1.012,0.05,0.05
2442,1,-1.013,0.987,0.05,0.05
2443,1,-1.013,0.987,0.05,0.05
2444,1,-1.017,0.983,0.05,0.05
2445,1,-1.013,0.987,0.05,0.05
2446,1,-1.017,0.983,0.05,0.05
2447,1,-1.019,0.981,0.05,0.05
2448,1,-1.013,0.987,0.05,0.05
2449,0,0.974,-1.026,0.05,0.05
2450,1,-1.017,0.983,0.05,0.05
2451,1,-1.013,0.987,0.05,0.05
2452,1,-1.017,0.983,0.05,0.05
2453,1,-1.019,0.981,0.05,0.05
2454,1,-1.013,0.987,0.05,0.05
2455,1,-1.017,0.983,0.05,0.05
2456,0,0.978,-1.022,0.05,0.05
2457,0,0.978,-1.022,0.05,0.05
2458,1,-1.021,0.979,0.05,0.05
2459,0,0.988,-1.012,0.05,0.05
2460,0,0.986,-1.014,0.05,0.05
2461,0,0.98,-1.02,0.05,0.05
2462,1,-1.013,0.987,0.05,0.05
2463,1,-1.017,0.983,0.05,0.05
2464,1,-1.025,0.975,0.05,0.05
2465,0,0.982,-1.018,0.05,0.05
2466,1,-1.017,0.983,0.05,0.05
2467,0,0.982,-1.018,0.05,0.05
2468,1,-1.009,0.991,0.05,0.05
2469,0,0.988,-1.012,0.05,0.05
2470,0,0.98,-1.02,0.05,0.05
2471,0,0.978,-1.022,0.05,0.05
2472,0,0.976,-1.024,0.05,0.05
2473,0,0.988,-1.012,0.05,0.05
2474,0,0.982,-1.018,0.05,0.05
2475,1,-1.013,0.987,0.05,0.05
2476,1,-1.013,0.987,0.05,0.05
2477,0,0.976,-1.024,0.05,0.05
2478,0,0.99,-1.01,0.05,0.05
2479,0,0.976,-1.024,0.05,0.05
2480,0,0.978,-1.022,0.05,0.05
2481,0,0.988,-1.012,0.05,0.05
2482,0,0.986,-1.014,0.05,0.05
2483,1,-1.009,0.991,0.05,0.05
2484,0,0.988,-1.012,0.05,0.05
2485,0,0.978,-1.022,0.05,0.05
2486,0,0.978,-1.022,0.05,0.05
2487,0,0.98,-1.02,0.05,0.05
2488,1,-1.013,0.987,0.05,0.05
2489,1,-1.015,0.985,0.05,0.05
2490,1,-1.009,0.991,0.05,0.05
2491,1,-1.017,0.983,0.05,0.05
2492,1,-1.013,0.987,0.05,0.05
2493,1,-1.017,0.983,0.05,0.05
2494,1,-1.023,0.977,0.05,0.05
2495,1,-1.017,0.983,0.05,0.05
2496,0,0.976,-1.024,0.05,0.05
2497,0,0.98,-1.02,0.05,0.05
2498,1,-1.025,0.975,0.05,0.05
2499,1,-1.025,0.975,0.05,0.05
2500,0,0.978,-1.022,0.05,0.05
2501,1,-1.007,0.993,0.05,0.05
2502,1,-1.023,0.977,0.05,0.05
2503,1,-1.011,0.989,0.05,0.05
2504,1,-1.015,0.985,0.05,0.05
2505,1,-1.013,0.987,0.05,0.05
2506,0,0.992,-1.008,0.05,0.05
2507,1,-1.011,0.989,0.05,0.05
2508,0,0.984,-1.016,0.05,0.05
2509,1,-1.019,0.981,0.05,0.05
2510,0,0.988,-1.012,0.05,0.05
2511,1,-1.011,0.989,0.05,0.05
2512,0,0.988,-1.012,0.05,0.05
2513,1,-1.021,0.979,0.05,0.05
2514,0,0.974,-1.026,0.05,0.05
2515,1,-1.019,0.981,0.05,0.05
2516,0,0.984,-1.016,0.05,0.05
2517,1,-1.015,0.985,0.05,0.05
2518,0,0.99,-1.01,0.05,0.05
2519,0,0.98,-1.02,0.05,0.05
2520,1,-1.011,0.989,0.05,0.05
2521,1,-1.011,0.989,0.05,0.05
2522,1,-1.013,0.987,0.05,0.05
2523,1,-1.019,0.981,0.05,0.05
2524,0,0.988,-1.012,0.05,0.05
2525,0,0.984,-1.016,0.05,0.05
2526,1,-1.021,0.979,0.05,0.05
2527,0,0.978,-1.022,0.05,0.05
2528,0,0.978,-1.022,0.05,0.05
2529,0,0.99,-1.01,0.05,0.05
2530,1,-1.019,0.981,0.05,0.05
2531,0,0.978,-1.022,0.05,0.05
2532,0,0.988,-1.012,0.05,0.05
2533,1,-1.023,0.977,0.05,0.05
2534,0,0.994,-1.006,0.05,0.05
2535,0,0.976,-1.024,0.05,0.05
2536,0,0.988,-1.012,0.05,0.05
2537,0,0.992,-1.008,0.05,0.05
2538,0,0.99,-1.01,0.05,0.05
2539,0,0.992,-1.008,0.05,0.05
2540,1,-1.025,0.975,0.05,0.05
2541,0,0.992,-1.008,0.05,0.05
2542,0,0.988,-1.012,0.05,0.05
2543,0,0.988,-1.012,0.05,0.05
2544,1,-1.013,0.987,0.05,0.05
2545,0,0.992,-1.008,0.05,0.05
2546,0,0.992,-1.008,0.05,0.05
2547,0,0.988,-1.012,0.05,0.05
2548,0,0.994,-1.006,0.05,0.05
2549,1,-1.021,0.979,0.05,0.05
2550,0,0.99,-1.01,0.05,0.05
2551,0,0.982,-1.018,0.05,0.05
2552,0,0.988,-1.012,0.05,0.05
2553,0,0.984,-1.016,0.05,0.05
2554,1,-1.011,0.989,0.05,0.05
2555,0,0.986,-1.014,0.05,0.05
2556,0,0.98,-1.02,0.05,0.05
2557,1,-1.019,0.981,0.05,0.05
2558,1,-1.023,0.977,0.05,0.05
2559,0,0.976,-1.024,0.05,0.05
2560,0,0.978,-1.022,0.05,0.05
2561,0,0.988,-1.012,0.05,0.05
2562,1,-1.021,0.979,0.05,0.05
2563,0,0.976,-1.024,0.05,0.05
2564,1,-1.019,0.981,0.05,0.05
2565,1,-1.019,0.981,0.05,0.05
2566,0,0.976,-1.024,0.05,0.05
2567,0,0.988,-1.012,0.05,0.05
2568,1,-1.003,0.997,0.05,0.05
2569,1,-1.011,0.989,0.05,0.05
2570,1,-1.003,0.997,0.05,0.05
2571,1,-1.003,0.997,0.05,0.05
2572,1,-1.017,0.983,0.05,0.05
2573,1,-1.003,0.997,0.05,0.05
2574,1,-1.003,0.997,0.05,0.05
2575,0,0.98,-1.02,0.05,0.05
2576,1,-1.003,0.997,0.05,0.05
2577,1,-1.003,0.997,0.05,0.05
2578,1,-1.003,0.997,0.05,0.05
2579,1,-1.007,0.993,0.05,0.05
2580,1,-1.003,0.997,0.05,0.05
2581,1,-1.011,0.989,0.05,0.05
2582,1,-1.021,0.979,0.05,0.05
2583,0,0.98,-1.02,0.05,0.05
2584,0,0.972,-1.028,0.05,0.05
2585,0,0.986,-1.014,0.05,0.05
2586,1,-1.009,0.991,0.05,0.05
2587,1,-1.021,0.979,0.05,0.05
2588,0,0.986,-1.014,0.05,0.05
2589,1,-1.015,0.985,0.05,0.05
2590,1,-1.015,0.985,0.05,0.05
2591,1,-1.011,0.989,0.05,0.05
2592,0,0.988,-1.012,0.05,0.05
2593,1,-1.015,0.985,0.05,0.05
2594,1,-1.015,0.985,0.05,0.05
2595,1,-1.015,0.985,0.05,0.05
2596,1,-1.015,0.985,0.05,0.05
2597,1,-1.015,0.985,0.05,0.05
2598,0,0.978,-1.022,0.05,0.05
2599,1,-1.013,0.987,0.05,0.05
2600,1,-1.015,0.985,0.05,0.05
2601,1,-1.017,0.983,0.05,0.05
2602,1,-1.017,0.983,0.05,0.05
2603,0,0.98,-1.02,0.05,0.05
2604,1,-1.017,0.983,0.05,0.05
2605,0,0.984,-1.016,0.05,0.05
2606,1,-1.017,0.983,0.05,0.05
2607,1,-1.017,0.983,0.05,0.05
2608,1,-1.017,0.983,0.05,0.05
2609,1,-1.013,0.987,0.05,0.05
2610,0,0.984,-1.016,0.05,0.05
2611,1,-1.019,0.981,0.05,0.05
2612,1,-1.011,0.989,0.05,0.05
2613,1,-1.019,0.981,0.05,0.05
2614,1,-1.017,0.983,0.05,0.05
2615,1,-1.019,0.981,0.05,0.05
2616,1,-1.017,0.983,0.05,0.05
2617,0,0.984,-1.016,0.05,0.05
2618,0,0.984,-1.016,0.05,0.05
2619,0,0.982,-1.018,0.05,0.05
2620,1,-1.019,0.981,0.05,0.05
2621,0,0.984,-1.016,0.05,0.05
2622,0,0.982,-1.018,0.05,0.05
2623,0,0.992,-1.008,0.05,0.05
2624,0,0.98,-1.02,0.05,0.05
2625,1,-1.007,0.993,0.05,0.05
2626,1,-1.019,0.981,0.05,0.05
2627,0,0.988,-1.012,0.05,0.05
2628,0,0.986,-1.014,0.05,0.05
2629,0,0.984,-1.016,0.05,0.05
2630,1,-1.017,0.983,0.05,0.05
2631,1,-1.007,0.993,0.05,0.05
2632,0,0.988,-1.012,0.05,0.05
2633,1,-1.007,0.993,0.05,0.05
2634,1,-1.005,0.995,0.05,0.05
2635,0,0.982,-1.018,0.05,0.05
2636,0,0.988,-1.012,0.05,0.05
2637,1,-1.011,0.989,0.05,0.05
2638,1,-1.007,0.993,0.05,0.05
2639,1,-1.011,0.989,0.05,0.05
2640,1,-1.011,0.989,0.05,0.05
2641,1,-1.007,0.993,0.05,0.05
2642,1,-1.007,0.993,0.05,0.05
2643,1,-1.007,0.993,0.05,0.05
2644,0,0.984,-1.016,0.05,0.05
2645,1,-1.007,0.993,0.05,0.05
2646,1,-1.009,0.991,0.05,0.05
2647,0,0.984,-1.016,0.05,0.05
2648,0,0.984,-1.016,0.05,0.05
2649,0,0.976,-1.024,0.05,0.05
2650,0,0.984,-1.016,0.05,0.05
2651,0,0.986,-1.014,0.05,0.05
2652,0,0.99,-1.01,0.05,0.05
2653,1,-1.019,0.981,0.05,0.05
2654,0,0.986,-1.014,0.05,0.05
2655,1,-1.007,0.993,0.05,0.05
2656,1,-1.017,0.983,0.05,0.05
2657,0,0.98,-1.02,0.05,0.05
2658,1,-1.019,0.981,0.05,0.05
2659,1,-1.021,0.979,0.05,0.05
2660,1,-1.005,0.995,0.05,0.05
2661,1,-1.013,0.987,0.05,0.05
2662,0,0.978,-1.022,0.05,0.05
2663,0,0.988,-1.012,0.05,0.05
2664,1,-1.009,0.991,0.05,0.05
2665,0,0.99,-1.01,0.05,0.05
2666,1,-1.009,0.991,0.05,0.05
2667,0,0.972,-1.028,0.05,0.05
2668,1,-1.013,0.987,0.05,0.05
2669,1,-1.009,0.991,0.05,0.05
2670,1,-1.025,0.975,0.05,0.05
2671,1,-1.009,0.991,0.05,0.05
2672,1,-1.009,0.991,0.05,0.05
2673,1,-1.011,0.989,0.05,0.05
2674,0,0.982,-1.018,0.05,0.05
2675,1,-1.013,0.987,0.05,0.05
2676,0,0.978,-1.022,0.05,0.05
2677,1,-1.015,0.985,0.05,0.05
2678,0,0.984,-1.016,0.05,0.05
2679,0,0.988,-1.012,0.05,0.05
2680,1,-1.019,0.981,0.05,0.05
2681,1,-1.013,0.987,0.05,0.05
2682,0,0.982,-1.018,0.05,0.05
2683,1,-1.013,0.987,0.05,0.05
2684,1,-1.017,0.983,0.05,0.05
2685,1,-1.013,0.987,0.05,0.05
2686,1,-1.017,0.983,0.05,0.05
2687,1,-1.021,0.979,0.05,0.05
2688,1,-1.017,0.983,0.05,0.05
2689,1,-1.023,0.977,0.05,0.05
2690,0,0.974,-1.026,0.05,0.05
2691,1,-1.021,0.979,0.05,0.05
2692,0,0.988,-1.012,0.05,0.05
2693,0,0.994,-1.006,0.05,0.05
2694,0,0.986,-1.014,0.05,0.05
2695,0,0.984,-1.016,0.05,0.05
2696,1,-1.013,0.987,0.05,0.05
2697,1,-1.017,0.983,0.05,0.05
2698,1,-1.011,0.989,0.05,0.05
2699,0,0.98,-1.02,0.05,0.05
2700,1,-1.015,0.985,0.05,0.05
2701,1,-1.013,0.987,0.05,0.05
2702,0,0.976,-1.024,0.05,0.05
2703,1,-1.019,0.981,0.05,0.05
2704,1,-1.013,0.987,0.05,0.05
2705,0,0.976,-1.024,0.05,0.05
2706,1,-1.025,0.975,0.05,0.05
2707,0,0.974,-1.026,0.05,0.05
2708,1,-1.025,0.975,0.05,0.05
2709,0,0.988,-1.012,0.05,0.05
2710,1,-1.021,0.979,0.05,0.05
2711,0,0.976,-1.024,0.05,0.05
2712,1,-1.013,0.987,0.05,0.05
2713,0,0.976,-1.024,0.05,0.05
2714,1,-1.025,0.975,0.05,0.05
2715,0,0.988,-1.012,0.05,0.05
2716,0,0.98,-1.02,0.05,0.05
2717,1,-1.017,0.983,0.05,0.05
2718,1,-1.019,0.981,0.05,0.05
2719,1,-1.025,0.975,0.05,0.05
2720,0,0.976,-1.024,0.05,0.05
2721,1,-1.025,0.975,0.05,0.05
2722,0,0.978,-1.022,0.05,0.05
2723,0,0.976,-1.024,0.05,0.05
2724,0,0.984,-1.016,0.05,0.05
2725,0,0.982,-1.018,0.05,0.05
2726,1,-1.009,0.991,0.05,0.05
2727,1,-1.013,0.987,0.05,0.05
2728,0,0.988,-1.012,0.05,0.05
2729,1,-1.027,0.973,0.05,0.05
2730,0,0.978,-1.022,0.05,0.05
2731,1,-1.021,0.979,0.05,0.05
2732,0,0.988,-1.012,0.05,0.05
2733,1,-1.015,0.985,0.05,0.05
2734,0,0.98,-1.02,0.05,0.05
2735,0,0.984,-1.016,0.05,0.05
2736,1,-1.011,0.989,0.05,0.05
2737,1,-1.011,0.989,0.05,0.05
2738,1,-1.011,0.989,0.05,0.05
2739,1,-1.015,0.985,0.05,0.05
2740,1,-1.013,0.987,0.05,0.05
2741,1,-1.011,0.989,0.05,0.05
2742,1,-1.017,0.983,0.05,0.05
2743,1,-1.019,0.981,0.05,0.05
2744,1,-1.011,0.989,0.05,0.05
2745,1,-1.011,0.989,0.05,0.05
2746,1,-1.011,0.989,0.05,0.05
2747,0,0.988,-1.012,0.05,0.05
2748,1,-1.021,0.979,0.05,0.05
2749,1,-1.017,0.983,0.05,0.05
2750,1,-1.017,0.983,0.05,0.05
2751,1,-1.019,0.981,0.05,0.05
2752,1,-1.013,0.987,0.05,0.05
2753,1,-1.021,0.979,0.05,0.05
2754,0,0.98,-1.02,0.05,0.05
2755,1,-1.013,0.987,0.05,0.05
2756,1,-1.015,0.985,0.05,0.05
2757,0,0.986,-1.014,0.05,0.05
2758,0,0.988,-1.012,0.05,0.05
2759,0,0.984,-1.016,0.05,0.05
2760,1,-1.015,0.985,0.05,0.05
2761,1,-1.019,0.981,0.05,0.05
2762,1,-1.015,0.985,0.05,0.05
2763,1,-1.021,0.979,0.05,0.05
2764,1,-1.017,0.983,0.05,0.05
2765,1,-1.021,0.979,0.05,0.05
2766,0,0.988,-1.012,0.05,0.05
2767,0,0.992,-1.008,0.05,0.05
2768,0,0.978,-1.022,0.05,0.05
2769,0,0.99,-1.01,0.05,0.05
2770,0,0.988,-1.012,0.05,0.05
2771,0,0.992,-1.008,0.05,0.05
2772,0,0.982,-1.018,0.05,0.05
2773,1,-1.019,0.981,0.05,0.05
2774,0,0.988,-1.012,0.05,0.05
2775,0,0.99,-1.01,0.05,0.05
2776,0,0.988,-1.012,0.05,0.05
2777,0,0.988,-1.012,0.05,0.05
2778,0,0.978,-1.022,0.05,0.05
2779,1,-1.015,0.985,0.05,0.05
2780,0,0.988,-1.012,0.05,0.05
2781,0,0.99,-1.01,0.05,0.05
2782,0,0.982,-1.018,0.05,0.05
2783,1,-1.019,0.981,0.05,0.05
2784,0,0.988,-1.012,0.05,0.05
2785,1,-1.023,0.977,0.05,0.05
2786,0,0.976,-1.024,0.05,0.05
2787,0,0.982,-1.018,0.05,0.05
2788,1,-1.023,0.977,0.05,0.05
2789,1,-1.023,0.977,0.05,0.05
2790,0,0.984,-1.016,0.05,0.05
2791,0,0.994,-1.006,0.05,0.05
2792,0,0.988,-1.012,0.05,0.05
2793,0,0.978,-1.022,0.05,0.05
2794,0,0.976,-1.024,0.05,0.05
2795,1,-1.019,0.981,0.05,0.05
2796,1,-1.019,0.981,0.05,0.05
2797,0,0.984,-1.016,0.05,0.05
2798,1,-1.023,0.977,0.05,0.05
2799,1,-1.019,0.981,0.05,0.05
2800,0,0.988,-1.012,0.05,0.05
2801,0,0.988,-1.012,0.05,0.05
2802,1,-1.023,0.977,0.05,0.05
2803,1,-1.025,0.975,0.05,0.05
2804,1,-1.003,0.997,0.05,0.05
2805,1,-1.005,0.995,0.05,0.05
2806,1,-1.003,0.997,0.05,0.05
2807,1,-1.003,0.997,0.05,0.05
2808,1,-1.003,0.997,0.05,0.05
2809,0,0.988,-1.012,0.05,0.05
2810,1,-1.009,0.991,0.05,0.05
2811,0,0.98,-1.02,0.05,0.05
2812,0,0.98,-1.02,0.05,0.05
2813,0,0.98,-1.02,0.05,0.05
2814,1,-1.011,0.989,0.05,0.05
2815,0,0.98,-1.02,0.05,0.05
2816,1,-1.021,0.979,0.05,0.05
2817,0,0.986,-1.014,0.05,0.05
2818,0,0.978,-1.022,0.05,0.05
2819,1,-1.009,0.991,0.05,0.05
2820,1,-1.017,0.983,0.05,0.05
2821,1,-1.015,0.985,0.05,0.05
2822,1,-1.017,0.983,0.05,0.05
2823,1,-1.015,0.985,0.05,0.05
2824,0,0.978,-1.022,0.05,0.05
2825,1,-1.015,0.985,0.05,0.05
2826,0,0.978,-1.022,0.05,0.05
2827,1,-1.015,0.985,0.05,0.05
2828,1,-1.015,0.985,0.05,0.05
2829,1,-1.017,0.983,0.05,0.05
2830,1,-1.005,0.995,0.05,0.05
2831,1,-1.015,0.985,0.05,0.05
2832,0,0.988,-1.012,0.05,0.05
2833,0,0.978,-1.022,0.05,0.05
2834,1,-1.013,0.987,0.05,0.05
2835,1,-1.015,0.985,0.05,0.05
2836,1,-1.017,0.983,0.05,0.05
2837,1,-1.017,0.983,0.05,0.05
2838,0,0.98,-1.02,0.05,0.05
2839,1,-1.015,0.985,0.05,0.05
2840,1,-1.017,0.983,0.05,0.05
2841,0,0.984,-1.016,0.05,0.05
2842,1,-1.017,0.983,0.05,0.05
2843,1,-1.017,0.983,0.05,0.05
2844,0,0.986,-1.014,0.05,0.05
2845,1,-1.017,0.983,0.05,0.05
2846,0,0.988,-1.012,0.05,0.05
2847,1,-1.011,0.989,0.05,0.05
2848,0,0.988,-1.012,0.05,0.05
2849,1,-1.017,0.983,0.05,0.05
2850,0,0.98,-1.02,0.05,0.05
2851,1,-1.011,0.989,0.05,0.05
2852,1,-1.023,0.977,0.05,0.05
2853,1,-1.017,0.983,0.05,0.05
2854,0,0.982,-1.018,0.05,0.05
2855,1,-1.019,0.981,0.05,0.05
2856,0,0.986,-1.014,0.05,0.05
2857,1,-1.017,0.983,0.05,0.05
2858,0,0.984,-1.016,0.05,0.05
2859,1,-1.019,0.981,0.05,0.05
2860,0,0.98,-1.02,0.05,0.05
2861,0,0.976,-1.024,0.05,0.05
2862,0,0.978,-1.022,0.05,0.05
2863,0,0.986,-1.014,0.05,0.05
2864,1,-1.013,0.987,0.05,0.05
2865,0,0.984,-1.016,0.05,0.05
2866,0,0.984,-1.016,0.05,0.05
2867,1,-1.007,0.993,0.05,0.05
2868,0,0.988,-1.012,0.05,0.05
2869,0,0.992,-1.008,0.05,0.05
2870,0,0.988,-1.012,0.05,0.05
2871,1,-1.005,0.995,0.05,0.05
2872,1,-1.007,0.993,0.05,0.05
2873,1,-1.011,0.989,0.05,0.05
2874,1,-1.009,0.991,0.05,0.05
2875,0,0.99,-1.01,0.05,0.05
2876,1,-1.011,0.989,0.05,0.05
2877,1,-1.009,0.991,0.05,0.05
2878,1,-1.007,0.993,0.05,0.05
2879,1,-1.007,0.993,0.05,0.05
2880,1,-1.007,0.993,0.05,0.05
2881,1,-1.007,0.993,0.05,0.05
2882,1,-1.007,0.993,0.05,0.05
2883,1,-1.009,0.991,0.05,0.05
2884,0,0.982,-1.018,0.05,0.05
2885,1,-1.019,0.981,0.05,0.05
2886,0,0.984,-1.016,0.05,0.05
2887,0,0.974,-1.026,0.05,0.05
2888,0,0.988,-1.012,0.05,0.05
2889,1,-1.021,0.979,0.05,0.05
2890,1,-1.007,0.993,0.05,0.05
2891,1,-1.013,0.987,0.05,0.05
2892,0,0.976,-1.024,0.05,0.05
2893,1,-1.009,0.991,0.05,0.05
2894,0,0.984,-1.016,0.05,0.05
2895,1,-1.005,0.995,0.05,0.05
2896,0,0.984,-1.016,0.05,0.05
2897,1,-1.009,0.991,0.05,0.05
2898,1,-1.009,0.991,0.05,0.05
2899,1,-1.019,0.981,0.05,0.05
2900,1,-1.009,0.991,0.05,0.05
2901,0,0.984,-1.016,0.05,0.05
2902,1,-1.013,0.987,0.05,0.05
2903,0,0.976,-1.024,0.05,0.05
2904,1,-1.009,0.991,0.05,0.05
2905,1,-1.011,0.989,0.05,0.05
2906,1,-1.009,0.991,0.05,0.05
2907,1,-1.009,0.991,0.05,0.05
2908,1,-1.013,0.987,0.05,0.05
2909,1,-1.013,0.987,0.05,0.05
2910,1,-1.019,0.981,0.05,0.05
2911,1,-1.017,0.983,0.05,0.05
2912,0,0.986,-1.014,0.05,0.05
2913,0,0.988,-1.012,0.05,0.05
2914,0,0.984,-1.016,0.05,0.05
2915,0,0.99,-1.01,0.05,0.05
2916,0,0.992,-1.008,0.05,0.05
2917,1,-1.009,0.991,0.05,0.05
2918,1,-1.017,0.983,0.05,0.05
2919,1,-1.013,0.987,0.05,0.05
2920,1,-1.017,0.983,0.05,0.05
2921,1,-1.019,0.981,0.05,0.05
2922,1,-1.017,0.983,0.05,0.05
2923,1,-1.017,0.983,0.05,0.05
2924,1,-1.007,0.993,0.05,0.05
2925,0,0.978,-1.022,0.05,0.05
2926,0,0.986,-1.014,0.05,0.05
2927,0,0.98,-1.02,0.05,0.05
2928,0,0.978,-1.022,0.05,0.05
2929,0,0.98,-1.02,0.05,0.05
2930,1,-1.017,0.983,0.05,0.05
2931,1,-1.017,0.983,0.05,0.05
2932,1,-1.021,0.979,0.05,0.05
2933,0,0.99,-1.01,0.05,0.05
2934,0,0.982,-1.018,0.05,0.05
2935,1,-1.021,0.979,0.05,0.05
2936,1,-1.019,0.981,0.05,0.05
2937,1,-1.021,0.979,0.05,0.05
2938,0,0.976,-1.024,0.05,0.05
2939,0,0.982,-1.018,0.05,0.05
2940,1,-1.023,0.977,0.05,0.05
2941,0,0.986,-1.014,0.05,0.05
2942,0,0.978,-1.022,0.05,0.05
2943,1,-1.013,0.987,0.05,0.05
2944,1,-1.017,0.983,0.05,0.05
2945,0,0.978,-1.022,0.05,0.05
2946,0,0.988,-1.012,0.05,0.05
2947,1,-1.013,0.987,0.05,0.05
2948,0,0.976,-1.024,0.05,0.05
2949,0,0.988,-1.012,0.05,0.05
2950,1,-1.023,0.977,0.05,0.05
2951,1,-1.021,0.979,0.05,0.05
2952,1,-1.017,0.983,0.05,0.05
2953,1,-1.019,0.981,0.05,0.05
2954,1,-1.021,0.979,0.05,0.05
2955,0,0.976,-1.024,0.05,0.05
2956,1,-1.011,0.989,0.05,0.05
2957,0,0.974,-1.026,0.05,0.05
2958,1,-1.009,0.991,0.05,0.05
2959,0,0.976,-1.024,0.05,0.05
2960,0,0.988,-1.012,0.05,0.05
2961,1,-1.021,0.979,0.05,0.05
2962,1,-1.013,0.987,0.05,0.05
2963,0,0.978,-1.022,0.05,0.05
2964,0,0.98,-1.02,0.05,0.05
2965,1,-1.019,0.981,0.05,0.05
2966,1,-1.007,0.993,0.05,0.05
2967,1,-1.011,0.989,0.05,0.05
2968,1,-1.011,0.989,0.05,0.05
2969,1,-1.011,0.989,0.05,0.05
2970,1,-1.015,0.985,0.05,0.05
2971,1,-1.013,0.987,0.05,0.05
2972,1,-1.011,0.989,0.05,0.05
2973,1,-1.011,0.989,0.05,0.05
2974,0,0.98,-1.02,0.05,0.05
2975,1,-1.011,0.989,0.05,0.05
2976,1,-1.011,0.989,0.05,0.05
2977,1,-1.017,0.983,0.05,0.05
2978,1,-1.021,0.979,0.05,0.05
2979,1,-1.015,0.985,0.05,0.05
2980,1,-1.019,0.981,0.05,0.05
2981,0,0.984,-1.016,0.05,0.05
2982,0,0.988,-1.012,0.05,0.05
2983,0,0.982,-1.018,0.05,0.05
2984,1,-1.015,0.985,0.05,0.05
2985,1,-1.011,0.989,0.05,0.05
2986,1,-1.021,0.979,0.05,0.05
2987,0,0.984,-1.016,0.05,0.05
2988,1,-1.019,0.981,0.05,0.05
2989,1,-1.019,0.981,0.05,0.05
2990,0,0.986,-1.014,0.05,0.05
2991,1,-1.015,0.985,0.05,0.05
2992,1,-1.015,0.985,0.05,0.05
2993,1,-1.015,0.985,0.05,0.05
2994,1,-1.023,0.977,0.05,0.05
2995,0,0.978,-1.022,0.05,0.05
2996,1,-1.021,0.979,0.05,0.05
2997,0,0.988,-1.012,0.05,0.05
2998,1,-1.015,0.985,0.05,0.05
2999,0,0.988,-1.012,0.05,0.05
3000,0,0.992,-1.008,0.05,0.05
3001,1,-1.021,0.979,0.05,0.05
3002,0,0.988,-1.012,0.05,0.05
3003,0,0.976,-1.024,0.05,0.05
3004,0,0.984,-1.016,0.05,0.05
3005,1,-1.021,0.979,0.05,0.05
3006,0,0.992,-1.008,0.05,0.05
3007,1,-1.019,0.981,0.05,0.05
3008,0,0.98,-1.02,0.05,0.05
3009,0,0.988,-1.012,0.05,0.05
3010,0,0.994,-1.006,0.05,0.05
3011,1,-1.013,0.987,0.05,0.05
3012,0,0.984,-1.016,0.05,0.05
3013,0,0.986,-1.014,0.05,0.05
3014,0,0.988,-1.012,0.05,0.05
3015,0,0.98,-1.02,0.05,0.05
3016,0,0.988,-1.012,0.05,0.05
3017,0,0.994,-1.006,0.05,0.05
3018,0,0.99,-1.01,0.05,0.05
3019,1,-1.017,0.983,0.05,0.05
3020,0,0.984,-1.016,0.05,0.05
3021,0,0.984,-1.016,0.05,0.05
3022,0,0.976,-1.024,0.05,0.05
3023,1,-1.015,0.985,0.05,0.05
3024,0,0.99,-1.01,0.05,0.05
3025,1,-1.021,0.979,0.05,0.05
3026,0,0.986,-1.014,0.05,0.05
3027,1,-1.023,0.977,0.05,0.05
3028,1,-1.019,0.981,0.05,0.05
3029,1,-1.021,0.979,0.05,0.05
3030,0,0.994,-1.006,0.05,0.05
3031,0,0.98,-1.02,0.05,0.05
3032,1,-1.003,0.997,0.05,0.05
3033,1,-1.003,0.997,0.05,0.05
3034,1,-1.003,0.997,0.05,0.05
3035,1,-1.029,0.971,0.05,0.05
3036,1,-1.003,0.997,0.05,0.05
3037,1,-1.007,0.993,0.05,0.05
3038,1,-1.005,0.995,0.05,0.05
3039,1,-1.003,0.997,0.05,0.05
3040,1,-1.003,0.997,0.05,0.05
3041,0,0.99,-1.01,0.05,0.05
3042,1,-1.003,0.997,0.05,0.05
3043,1,-1.003,0.997,0.05,0.05
3044,1,-1.003,0.997,0.05,0.05
3045,1,-1.011,0.989,0.05,0.05
3046,0,0.988,-1.012,0.05,0.05
3047,1,-1.019,0.981,0.05,0.05
3048,0,0.984,-1.016,0.05,0.05
3049,1,-1.023,0.977,0.05,0.05
3050,0,0.988,-1.012,0.05,0.05
3051,0,0.984,-1.016,0.05,0.05
3052,1,-1.003,0.997,0.05,0.05
3053,1,-1.009,0.991,0.05,0.05
3054,1,-1.013,0.987,0.05,0.05
3055,0,0.976,-1.024,0.05,0.05
3056,1,-1.015,0.985,0.05,0.05
3057,0,0.976,-1.024,0.05,0.05
3058,1,-1.015,0.985,0.05,0.05
3059,1,-1.015,0.985,0.05,0.05
3060,1,-1.015,0.985,0.05,0.05
3061,1,-1.015,0.985,0.05,0.05
3062,0,0.976,-1.024,0.05,0.05
3063,1,-1.017,0.983,0.05,0.05
3064,0,0.98,-1.02,0.05,0.05
3065,0,0.984,-1.016,0.05,0.05
3066,1,-1.017,0.983,0.05,0.05
3067,1,-1.011,0.989,0.05,0.05
3068,0,0.98,-1.02,0.05,0.05
3069,1,-1.017,0.983,0.05,0.05
3070,0,0.984,-1.016,0.05,0.05
3071,1,-1.011,0.989,0.05,0.05
3072,0,0.984,-1.016,0.05,0.05
3073,0,0.984,-1.016,0.05,0.05
3074,1,-1.017,0.983,0.05,0.05
3075,1,-1.009,0.991,0.05,0.05
3076,0,0.988,-1.012,0.05,0.05
3077,0,0.992,-1.008,0.05,0.05
3078,0,0.986,-1.014,0.05,0.05
3079,0,0.98,-1.02,0.05,0.05
3080,1,-1.013,0.987,0.05,0.05
3081,1,-1.019,0.981,0.05,0.05
3082,1,-1.013,0.987,0.05,0.05
3083,0,0.984,-1.016,0.05,0.05
3084,0,0.976,-1.024,0.05,0.05
3085,0,0.984,-1.016,0.05,0.05
3086,0,0.984,-1.016,0.05,0.05
3087,1,-1.015,0.985,0.05,0.05
3088,0,0.984,-1.016,0.05,0.05
3089,1,-1.009,0.991,0.05,0.05
3090,0,0.984,-1.016,0.05,0.05
3091,1,-1.007,0.993,0.05,0.05
3092,0,0.988,-1.012,0.05,0.05
3093,1,-1.019,0.981,0.05,0.05
3094,0,0.984,-1.016,0.05,0.05
3095,0,0.984,-1.016,0.05,0.05
3096,1,-1.009,0.991,0.05,0.05
3097,1,-1.013,0.987,0.05,0.05
3098,1,-1.007,0.993,0.05,0.05
3099,1,-1.007,0.993,0.05,0.05
3100,1,-1.007,0.993,0.05,0.05
3101,1,-1.007,0.993,0.05,0.05
3102,1,-1.005,0.995,0.05,0.05
3103,1,-1.007,0.993,0.05,0.05
3104,0,0.984,-1.016,0.05,0.05
3105,1,-1.011,0.989,0.05,0.05
3106,0,0.978,-1.022,0.05,0.05
3107,0,0.992,-1.008,0.05,0.05
3108,1,-1.009,0.991,0.05,0.05
3109,0,0.988,-1.012,0.05,0.05
3110,1,-1.007,0.993,0.05,0.05
3111,0,0.982,-1.018,0.05,0.05
3112,1,-1.007,0.993,0.05,0.05
3113,1,-1.007,0.993,0.05,0.05
3114,1,-1.007,0.993,0.05,0.05
3115,1,-1.017,0.983,0.05,0.05
3116,0,0.984,-1.016,0.05,0.05
3117,1,-1.015,0.985,0.05,0.05
3118,0,0.984,-1.016,0.05,0.05
3119,0,0.982,-1.018,0.05,0.05
3120,0,0.988,-1.012,0.05,0.05
3121,1,-1.011,0.989,0.05,0.05
3122,1,-1.025,0.975,0.05,0.05
3123,1,-1.019,0.981,0.05,0.05
3124,1,-1.023,0.977,0.05,0.05
3125,0,0.984,-1.016,0.05,0.05
3126,0,0.984,-1.016,0.05,0.05
3127,1,-1.005,0.995,0.05,0.05
3128,1,-1.013,0.987,0.05,0.05
3129,0,0.982,-1.018,0.05,0.05
3130,0,0.976,-1.024,0.05,0.05
3131,0,0.988,-1.012,0.05,0.05
3132,1,-1.009,0.991,0.05,0.05
3133,1,-1.013,0.987,0.05,0.05
3134,1,-1.009,0.991,0.05,0.05
3135,1,-1.015,0.985,0.05,0.05
3136,1,-1.013,0.987,0.05,0.05
3137,1,-1.009,0.991,0.05,0.05
3138,0,0.98,-1.02,0.05,0.05
3139,1,-1.009,0.991,0.05,0.05
3140,1,-1.009,0.991,0.05,0.05
3141,1,-1.013,0.987,0.05,0.05
3142,0,0.98,-1.02,0.05,0.05
3143,0,0.976,-1.024,0.05,0.05
3144,0,0.98,-1.02,0.05,0.05
3145,0,0.984,-1.016,0.05,0.05
3146,0,0.978,-1.022,0.05,0.05
3147,1,-1.009,0.991,0.05,0.05
3148,1,-1.013,0.987,0.05,0.05
3149,0,0.976,-1.024,0.05,0.05
3150,1,-1.017,0.983,0.05,0.05
3151,0,0.984,-1.016,0.05,0.05
3152,1,-1.013,0.987,0.05,0.05
3153,1,-1.017,0.983,0.05,0.05
3154,0,0.976,-1.024,0.05,0.05
3155,1,-1.017,0.983,0.05,0.05
3156,0,0.984,-1.016,0.05,0.05
3157,1,-1.017,0.983,0.05,0.05
3158,1,-1.013,0.987,0.05,0.05
3159,1,-1.015,0.985,0.05,0.05
3160,1,-1.015,0.985,0.05,0.05
3161,1,-1.019,0.981,0.05,0.05
3162,1,-1.023,0.977,0.05,0.05
3163,1,-1.021,0.979,0.05,0.05
3164,1,-1.017,0.983,0.05,0.05
3165,1,-1.009,0.991,0.05,0.05
3166,1,-1.023,0.977,0.05,0.05
3167,1,-1.013,0.987,0.05,0.05
3168,0,0.976,-1.024,0.05,0.05
3169,1,-1.021,0.979,0.05,0.05
3170,1,-1.015,0.985,0.05,0.05
3171,1,-1.021,0.979,0.05,0.05
3172,1,-1.017,0.983,0.05,0.05
3173,0,0.984,-1.016,0.05,0.05
3174,0,0.982,-1.018,0.05,0.05
3175,1,-1.019,0.981,0.05,0.05
3176,0,0.976,-1.024,0.05,0.05
3177,1,-1.013,0.987,0.05,0.05
3178,1,-1.017,0.983,0.05,0.05
3179,0,0.978,-1.022,0.05,0.05
3180,1,-1.021,0.979,0.05,0.05
3181,1,-1.013,0.987,0.05,0.05
3182,1,-1.025,0.975,0.05,0.05
3183,0,0.988,-1.012,0.05,0.05
3184,1,-1.025,0.975,0.05,0.05
3185,0,0.988,-1.012,0.05,0.05
3186,1,-1.017,0.983,0.05,0.05
3187,1,-1.021,0.979,0.05,0.05
3188,0,0.988,-1.012,0.05,0.05
3189,1,-1.011,0.989,0.05,0.05
3190,0,0.984,-1.016,0.05,0.05
3191,1,-1.003,0.997,0.05,0.05
3192,0,0.976,-1.024,0.05,0.05
3193,1,-1.021,0.979,0.05,0.05
3194,1,-1.013,0.987,0.05,0.05
3195,0,0.986,-1.014,0.05,0.05
3196,1,-1.021,0.979,0.05,0.05
3197,1,-1.009,0.991,0.05,0.05
3198,0,0.978,-1.022,0.05,0.05
3199,0,0.98,-1.02,0.05,0.05
3200,0,0.98,-1.02,0.05,0.05
3201,1,-1.007,0.993,0.05,0.05
3202,1,-1.011,0.989,0.05,0.05
3203,1,-1.011,0.989,0.05,0.05
3204,0,0.98,-1.02,0.05,0.05
3205,0,0.978,-1.022,0.05,0.05
3206,1,-1.011,0.989,0.05,0.05
3207,1,-1.011,0.989,0.05,0.05
3208,1,-1.019,0.981,0.05,0.05
3209,0,0.978,-1.022,0.05,0.05
3210,1,-1.011,0.989,0.05,0.05
3211,0,0.992,-1.008,0.05,0.05
3212,0,0.988,-1.012,0.05,0.05
3213,1,-1.015,0.985,0.05,0.05
3214,1,-1.015,0.985,0.05,0.05
3215,0,0.98,-1.02,0.05,0.05
3216,1,-1.015,0.985,0.05,0.05
3217,0,0.99,-1.01,0.05,0.05
3218,0,0.98,-1.02,0.05,0.05
3219,1,-1.015,0.985,0.05,0.05
3220,1,-1.011,0.989,0.05,0.05
3221,1,-1.021,0.979,0.05,0.05
3222,1,-1.015,0.985,0.05,0.05
3223,1,-1.019,0.981,0.05,0.05
3224,1,-1.019,0.981,0.05,0.05
3225,1,-1.019,0.981,0.05,0.05
3226,1,-1.019,0.981,0.05,0.05
3227,0,0.984,-1.016,0.05,0.05
3228,1,-1.017,0.983,0.05,0.05
3229,1,-1.015,0.985,0.05,0.05
3230,0,0.984,-1.016,0.05,0.05
3231,0,0.976,-1.024,0.05,0.05
3232,1,-1.015,0.985,0.05,0.05
3233,0,0.988,-1.012,0.05,0.05
3234,0,0.98,-1.02,0.05,0.05
3235,1,-1.019,0.981,0.05,0.05
3236,0,0.988,-1.012,0.05,0.05
3237,0,0.982,-1.018,0.05,0.05
3238,1,-1.019,0.981,0.05,0.05
3239,0,0.976,-1.024,0.05,0.05
3240,1,-1.017,0.983,0.05,0.05
3241,0,0.988,-1.012,0.05,0.05
3242,0,0.976,-1.024,0.05,0.05
3243,0,0.992,-1.008,0.05,0.05
3244,0,0.988,-1.012,0.05,0.05
3245,0,0.988,-1.012,0.05,0.05
3246,0,0.99,-1.01,0.05,0.05
3247,0,0.988,-1.012,0.05,0.05
3248,1,-1.017,0.983,0.05,0.05
3249,1,-1.019,0.981,0.05,0.05
3250,0,0.986,-1.014,0.05,0.05
3251,0,0.98,-1.02,0.05,0.05
3252,0,0.986,-1.014,0.05,0.05
3253,0,0.984,-1.016,0.05,0.05
3254,0,0.982,-1.018,0.05,0.05
3255,0,0.986,-1.014,0.05,0.05
3256,0,0.976,-1.024,0.05,0.05
3257,0,0.976,-1.024,0.05,0.05
3258,0,0.986,-1.014,0.05,0.05
3259,0,0.986,-1.014,0.05,0.05
3260,1,-1.013,0.987,0.05,0.05
3261,0,0.968,-1.032,0.05,0.05
3262,0,0.988,-1.012,0.05,0.05
3263,0,0.978,-1.022,0.05,0.05
3264,0,0.978,-1.022,0.05,0.05
3265,1,-1.017,0.983,0.05,0.05
3266,0,0.99,-1.01,0.05,0.05
3267,0,0.994,-1.006,0.05,0.05
3268,0,0.986,-1.014,0.05,0.05
3269,0,0.982,-1.018,0.05,0.05
3270,1,-1.003,0.997,0.05,0.05
3271,1,-1.003,0.997,0.05,0.05
3272,1,-1.003,0.997,0.05,0.05
3273,0,0.982,-1.018,0.05,0.05
3274,1,-1.003,0.997,0.05,0.05
3275,1,-1.007,0.993,0.05,0.05
3276,1,-1.019,0.981,0.05,0.05
3277,1,-1.015,0.985,0.05,0.05
3278,1,-1.003,0.997,0.05,0.05
3279,1,-1.003,0.997,0.05,0.05
3280,1,-1.003,0.997,0.05,0.05
3281,1,-1.011,0.989,0.05,0.05
3282,0,0.986,-1.014,0.05,0.05
3283,0,0.986,-1.014,0.05,0.05
3284,1,-1.023,0.977,0.05,0.05
3285,1,-1.009,0.991,0.05,0.05
3286,0,0.98,-1.02,0.05,0.05
3287,1,-1.015,0.985,0.05,0.05
3288,1,-1.015,0.985,0.05,0.05
3289,1,-1.015,0.985,0.05,0.05
3290,1,-1.015,0.985,0.05,0.05
3291,1,-1.011,0.989,0.05,0.05
3292,1,-1.015,0.985,0.05,0.05
3293,0,0.982,-1.018,0.05,0.05
3294,1,-1.015,0.985,0.05,0.05
3295,0,0.988,-1.012,0.05,0.05
3296,0,0.976,-1.024,0.05,0.05
3297,1,-1.013,0.987,0.05,0.05
3298,1,-1.017,0.983,0.05,0.05
3299,0,0.984,-1.016,0.05,0.05
3300,1,-1.017,0.983,0.05,0.05
3301,1,-1.015,0.985,0.05,0.05
3302,1,-1.015,0.985,0.05,0.05
3303,1,-1.017,0.983,0.05,0.05
3304,1,-1.017,0.983,0.05,0.05
3305,1,-1.023,0.977,0.05,0.05
3306,1,-1.017,0.983,0.05,0.05
3307,0,0.98,-1.02,0.05,0.05
3308,1,-1.017,0.983,0.05,0.05
3309,0,0.992,-1.008,0.05,0.05
3310,1,-1.017,0.983,0.05,0.05
3311,1,-1.019,0.981,0.05,0.05
3312,1,-1.017,0.983,0.05,0.05
3313,1,-1.015,0.985,0.05,0.05
3314,1,-1.015,0.985,0.05,0.05
3315,1,-1.017,0.983,0.05,0.05
3316,0,0.984,-1.016,0.05,0.05
3317,1,-1.017,0.983,0.05,0.05
3318,1,-1.017,0.983,0.05,0.05
3319,0,0.988,-1.012,0.05,0.05
3320,1,-1.015,0.985,0.05,0.05
3321,0,0.99,-1.01,0.05,0.05
3322,0,0.984,-1.016,0.05,0.05
3323,1,-1.007,0.993,0.05,0.05
3324,1,-1.011,0.989,0.05,0.05
3325,0,0.984,-1.016,0.05,0.05
3326,0,0.984,-1.016,0.05,0.05
3327,0,0.988,-1.012,0.05,0.05
3328,0,0.984,-1.016,0.05,0.05
3329,1,-1.009,0.991,0.05,0.05
3330,0,0.984,-1.016,0.05,0.05
3331,0,0.98,-1.02,0.05,0.05
3332,1,-1.007,0.993,0.05,0.05
3333,1,-1.007,0.993,0.05,0.05
3334,1,-1.011,0.989,0.05,0.05
3335,1,-1.007,0.993,0.05,0.05
3336,1,-1.005,0.995,0.05,0.05
3337,0,0.988,-1.012,0.05,0.05
3338,1,-1.013,0.987,0.05,0.05
3339,1,-1.011,0.989,0.05,0.05
3340,1,-1.011,0.989,0.05,0.05
3341,1,-1.007,0.993,0.05,0.05
3342,0,0.984,-1.016,0.05,0.05
3343,1,-1.009,0.991,0.05,0.05
3344,1,-1.007,0.993,0.05,0.05
3345,1,-1.007,0.993,0.05,0.05
3346,1,-1.007,0.993,0.05,0.05
3347,1,-1.011,0.989,0.05,0.05
3348,1,-1.007,0.993,0.05,0.05
3349,1,-1.009,0.991,0.05,0.05
3350,1,-1.011,0.989,0.05,0.05
3351,0,0.974,-1.026,0.05,0.05
3352,1,-1.019,0.981,0.05,0.05
3353,1,-1.013,0.987,0.05,0.05
3354,0,0.984,-1.016,0.05,0.05
3355,0,0.988,-1.012,0.05,0.05
3356,0,0.976,-1.024,0.05,0.05
3357,1,-1.007,0.993,0.05,0.05
3358,1,-1.021,0.979,0.05,0.05
3359,0,0.982,-1.018,0.05,0.05
3360,1,-1.011,0.989,0.05,0.05
3361,0,0.978,-1.022,0.05,0.05
3362,0,0.984,-1.016,0.05,0.05
3363,1,-1.005,0.995,0.05,0.05
3364,1,-1.025,0.975,0.05,0.05
3365,0,0.994,-1.006,0.05,0.05
3366,1,-1.009,0.991,0.05,0.05
3367,1,-1.009,0.991,0.05,0.05
3368,1,-1.005,0.995,0.05,0.05
3369,0,0.986,-1.014,0.05,0.05
3370,1,-1.011,0.989,0.05,0.05
3371,1,-1.009,0.991,0.05,0.05
3372,1,-1.009,0.991,0.05,0.05
3373,1,-1.011,0.989,0.05,0.05
3374,1,-1.009,0.991,0.05,0.05
3375,0,0.98,-1.02,0.05,0.05
3376,1,-1.009,0.991,0.05,0.05
3377,1,-1.013,0.987,0.05,0.05
3378,1,-1.009,0.991,0.05,0.05
3379,1,-1.017,0.983,0.05,0.05
3380,1,-1.009,0.991,0.05,0.05
3381,0,0.982,-1.018,0.05,0.05
3382,0,0.976,-1.024,0.05,0.05
3383,0,0.98,-1.02,0.05,0.05
3384,1,-1.011,0.989,0.05,0.05
3385,1,-1.013,0.987,0.05,0.05
3386,1,-1.013,0.987,0.05,0.05
3387,1,-1.015,0.985,0.05,0.05
3388,1,-1.013,0.987,0.05,0.05
3389,1,-1.017,0.983,0.05,0.05
3390,1,-1.023,0.977,0.05,0.05
3391,1,-1.019,0.981,0.05,0.05
3392,1,-1.019,0.981,0.05,0.05
3393,1,-1.017,0.983,0.05,0.05
3394,1,-1.017,0.983,0.05,0.05
3395,1,-1.023,0.977,0.05,0.05
3396,0,0.988,-1.012,0.05,0.05
3397,0,0.98,-1.02,0.05,0.05
3398,1,-1.017,0.983,0.05,0.05
3399,1,-1.017,0.983,0.05,0.05
3400,1,-1.019,0.981,0.05,0.05
3401,1,-1.013,0.987,0.05,0.05
3402,0,0.976,-1.024,0.05,0.05
3403,1,-1.021,0.979,0.05,0.05
3404,1,-1.013,0.987,0.05,0.05
3405,0,0.976,-1.024,0.05,0.05
3406,1,-1.019,0.981,0.05,0.05
3407,1,-1.019,0.981,0.05,0.05
3408,1,-1.019,0.981,0.05,0.05
3409,1,-1.017,0.983,0.05,0.05
3410,0,0.976,-1.024,0.05,0.05
3411,0,0.976,-1.024,0.05,0.05
3412,0,0.986,-1.014,0.05,0.05
3413,1,-1.015,0.985,0.05,0.05
3414,1,-1.017,0.983,0.05,0.05
3415,0,0.988,-1.012,0.05,0.05
3416,0,0.984,-1.016,0.05,0.05
3417,1,-1.013,0.987,0.05,0.05
3418,0,0.978,-1.022,0.05,0.05
3419,1,-1.015,0.985,0.05,0.05
3420,0,0.988,-1.012,0.05,0.05
3421,1,-1.023,0.977,0.05,0.05
3422,1,-1.019,0.981,0.05,0.05
3423,0,0.976,-1.024,0.05,0.05
3424,1,-1.017,0.983,0.05,0.05
3425,0,0.982,-1.018,0.05,0.05
3426,0,0.988,-1.012,0.05,0.05
3427,0,0.978,-1.022,0.05,0.05
3428,0,0.984,-1.016,0.05,0.05
3429,1,-1.021,0.979,0.05,0.05
3430,1,-1.023,0.977,0.05,0.05
3431,1,-1.021,0.979,0.05,0.05
3432,1,-1.009,0.991,0.05,0.05
3433,0,0.986,-1.014,0.05,0.05
3434,0,0.988,-1.012,0.05,0.05
3435,0,0.98,-1.02,0.05,0.05
3436,0,0.98,-1.02,0.05,0.05
3437,1,-1.009,0.991,0.05,0.05
3438,0,0.976,-1.024,0.05,0.05
3439,1,-1.011,0.989,0.05,0.05
3440,0,0.982,-1.018,0.05,0.05
3441,0,0.978,-1.022,0.05,0.05
3442,1,-1.015,0.985,0.05,0.05
3443,1,-1.011,0.989,0.05,0.05
3444,1,-1.013,0.987,0.05,0.05
3445,1,-1.011,0.989,0.05,0.05
3446,1,-1.021,0.979,0.05,0.05
3447,1,-1.013,0.987,0.05,0.05
3448,1,-1.009,0.991,0.05,0.05
3449,1,-1.011,0.989,0.05,0.05
3450,1,-1.007,0.993,0.05,0.05
3451,0,0.99,-1.01,0.05,0.05
3452,1,-1.015,0.985,0.05,0.05
3453,1,-1.019,0.981,0.05,0.05
3454,0,0.984,-1.016,0.05,0.05
3455,0,0.976,-1.024,0.05,0.05
3456,1,-1.011,0.989,0.05,0.05
3457,1,-1.007,0.993,0.05,0.05
3458,1,-1.025,0.975,0.05,0.05
3459,1,-1.019,0.981,0.05,0.05
3460,0,0.976,-1.024,0.05,0.05
3461,1,-1.019,0.981,0.05,0.05
3462,0,0.976,-1.024,0.05,0.05
3463,1,-1.023,0.977,0.05,0.05
3464,1,-1.015,0.985,0.05,0.05
3465,0,0.986,-1.014,0.05,0.05
3466,1,-1.019,0.981,0.05,0.05
3467,0,0.98,-1.02,0.05,0.05
3468,1,-1.017,0.983,0.05,0.05
3469,0,0.984,-1.016,0.05,0.05
3470,0,0.988,-1.012,0.05,0.05
3471,0,0.98,-1.02,0.05,0.05
3472,0,0.976,-1.024,0.05,0.05
3473,0,0.976,-1.024,0.05,0.05
3474,0,0.988,-1.012,0.05,0.05
3475,1,-1.017,0.983,0.05,0.05
3476,0,0.988,-1.012,0.05,0.05
3477,1,-1.013,0.987,0.05,0.05
3478,0,0.988,-1.012,0.05,0.05
3479,0,0.988,-1.012,0.05,0.05
3480,0,0.988,-1.012,0.05,0.05
3481,0,0.982,-1.018,0.05,0.05
3482,0,0.982,-1.018,0.05,0.05
3483,1,-1.013,0.987,0.05,0.05
3484,0,0.98,-1.02,0.05,0.05
3485,0,0.988,-1.012,0.05,0.05
3486,0,0.984,-1.016,0.05,0.05
3487,1,-1.011,0.989,0.05,0.05
3488,1,-1.019,0.981,0.05,0.05
3489,0,0.976,-1.024,0.05,0.05
3490,1,-1.021,0.979,0.05,0.05
3491,1,-1.021,0.979,0.05,0.05
3492,0,0.986,-1.014,0.05,0.05
3493,0,0.986,-1.014,0.05,0.05
3494,1,-1.017,0.983,0.05,0.05
3495,0,0.99,-1.01,0.05,0.05
3496,0,0.98,-1.02,0.05,0.05
3497,1,-1.019,0.981,0.05,0.05
3498,0,0.98,-1.02,0.05,0.05
3499,1,-1.021,0.979,0.05,0.05
3500,1,-1.011,0.989,0.05,0.05
3501,0,0.986,-1.014,0.05,0.05
3502,1,-1.019,0.981,0.05,0.05
3503,1,-1.003,0.997,0.05,0.05
3504,1,-1.003,0.997,0.05,0.05
3505,1,-1.003,0.997,0.05,0.05
3506,0,0.986,-1.014,0.05,0.05
3507,1,-1.005,0.995,0.05,0.05
3508,1,-1.003,0.997,0.05,0.05
3509,1,-1.003,0.997,0.05,0.05
3510,1,-1.003,0.997,0.05,0.05
3511,1,-1.007,0.993,0.05,0.05
3512,1,-1.003,0.997,0.05,0.05
3513,1,-1.003,0.997,0.05,0.05
3514,1,-1.003,0.997,0.05,0.05
3515,1,-1.019,0.981,0.05,0.05
3516,1,-1.027,0.973,0.05,0.05
3517,1,-1.019,0.981,0.05,0.05
3518,0,0.984,-1.016,0.05,0.05
3519,1,-1.009,0.991,0.05,0.05
3520,1,-1.021,0.979,0.05,0.05
3521,1,-1.009,0.991,0.05,0.05
3522,1,-1.027,0.973,0.05,0.05
3523,1,-1.015,0.985,0.05,0.05
3524,1,-1.023,0.977,0.05,0.05
3525,1,-1.015,0.985,0.05,0.05
3526,1,-1.015,0.985,0.05,0.05
3527,1,-1.015,0.985,0.05,0.05
3528,0,0.98,-1.02,0.05,0.05
3529,0,0.986,-1.014,0.05,0.05
3530,1,-1.015,0.985,0.05,0.05
3531,1,-1.015,0.985,0.05,0.05
3532,0,0.976,-1.024,0.05,0.05
3533,1,-1.013,0.987,0.05,0.05
3534,1,-1.013,0.987,0.05,0.05
3535,0,0.982,-1.018,0.05,0.05
3536,1,-1.017,0.983,0.05,0.05
3537,1,-1.011,0.989,0.05,0.05
3538,1,-1.015,0.985,0.05,0.05
3539,1,-1.017,0.983,0.05,0.05
3540,1,-1.011,0.989,0.05,0.05
3541,0,0.986,-1.014,0.05,0.05
3542,0,0.98,-1.02,0.05,0.05
3543,1,-1.017,0.983,0.05,0.05
3544,0,0.988,-1.012,0.05,0.05
3545,1,-1.015,0.985,0.05,0.05
3546,0,0.98,-1.02,0.05,0.05
3547,0,0.982,-1.018,0.05,0.05
3548,1,-1.013,0.987,0.05,0.05
3549,0,0.986,-1.014,0.05,0.05
3550,0,0.988,-1.012,0.05,0.05
3551,0,0.984,-1.016,0.05,0.05
3552,1,-1.011,0.989,0.05,0.05
3553,1,-1.019,0.981,0.05,0.05
3554,0,0.984,-1.016,0.05,0.05
3555,1,-1.015,0.985,0.05,0.05
3556,1,-1.013,0.987,0.05,0.05
3557,0,0.984,-1.016,0.05,0.05
3558,0,0.984,-1.016,0.05,0.05
3559,1,-1.013,0.987,0.05,0.05
3560,0,0.98,-1.02,0.05,0.05
3561,1,-1.017,0.983,0.05,0.05
3562,1,-1.013,0.987,0.05,0.05
3563,0,0.984,-1.016,0.05,0.05
3564,1,-1.011,0.989,0.05,0.05
3565,0,0.984,-1.016,0.05,0.05
3566,1,-1.013,0.987,0.05,0.05
3567,0,0.988,-1.012,0.05,0.05
3568,0,0.984,-1.016,0.05,0.05
3569,1,-1.007,0.993,0.05,0.05
3570,1,-1.011,0.989,0.05,0.05
3571,1,-1.011,0.989,0.05,0.05
3572,1,-1.011,0.989,0.05,0.05
3573,1,-1.005,0.995,0.05,0.05
3574,1,-1.023,0.977,0.05,0.05
3575,1,-1.011,0.989,0.05,0.05
3576,1,-1.005,0.995,0.05,0.05
3577,1,-1.015,0.985,0.05,0.05
3578,1,-1.011,0.989,0.05,0.05
3579,1,-1.009,0.991,0.05,0.05
3580,1,-1.007,0.993,0.05,0.05
3581,1,-1.011,0.989,0.05,0.05
3582,1,-1.007,0.993,0.05,0.05
3583,1,-1.007,0.993,0.05,0.05
3584,1,-1.009,0.991,0.05,0.05
3585,0,0.984,-1.016,0.05,0.05
3586,1,-1.011,0.989,0.05,0.05
3587,1,-1.019,0.981,0.05,0.05
3588,0,0.984,-1.016,0.05,0.05
3589,1,-1.023,0.977,0.05,0.05
3590,1,-1.021,0.979,0.05,0.05
3591,1,-1.013,0.987,0.05,0.05
3592,1,-1.013,0.987,0.05,0.05
3593,1,-1.017,0.983,0.05,0.05
3594,0,0.984,-1.016,0.05,0.05
3595,1,-1.005,0.995,0.05,0.05
3596,1,-1.017,0.983,0.05,0.05
3597,1,-1.011,0.989,0.05,0.05
3598,0,0.988,-1.012,0.05,0.05
3599,0,0.984,-1.016,0.05,0.05
3600,1,-1.019,0.981,0.05,0.05
3601,1,-1.017,0.983,0.05,0.05
3602,1,-1.009,0.991,0.05,0.05
3603,1,-1.013,0.987,0.05,0.05
3604,1,-1.013,0.987,0.05,0.05
3605,1,-1.011,0.989,0.05,0.05
3606,1,-1.009,0.991,0.05,0.05
3607,1,-1.019,0.981,0.05,0.05
3608,1,-1.009,0.991,0.05,0.05
3609,1,-1.009,0.991,0.05,0.05
3610,0,0.976,-1.024,0.05,0.05
3611,1,-1.017,0.983,0.05,0.05
3612,1,-1.011,0.989,0.05,0.05
3613,1,-1.011,0.989,0.05,0.05
3614,0,0.984,-1.016,0.05,0.05
3615,1,-1.027,0.973,0.05,0.05
3616,0,0.984,-1.016,0.05,0.05
3617,1,-1.021,0.979,0.05,0.05
3618,1,-1.019,0.981,0.05,0.05
3619,1,-1.013,0.987,0.05,0.05
3620,0,0.982,-1.018,0.05,0.05
3621,1,-1.013,0.987,0.05,0.05
3622,1,-1.013,0.987,0.05,0.05
3623,0,0.976,-1.024,0.05,0.05
3624,1,-1.019,0.981,0.05,0.05
3625,1,-1.013,0.987,0.05,0.05
3626,1,-1.017,0.983,0.05,0.05
3627,1,-1.013,0.987,0.05,0.05
3628,1,-1.011,0.989,0.05,0.05
3629,0,0.982,-1.018,0.05,0.05
3630,0,0.982,-1.018,0.05,0.05
3631,1,-1.019,0.981,0.05,0.05
3632,0,0.98,-1.02,0.05,0.05
3633,0,0.978,-1.022,0.05,0.05
3634,1,-1.017,0.983,0.05,0.05
3635,1,-1.025,0.975,0.05,0.05
3636,1,-1.017,0.983,0.05,0.05
3637,1,-1.013,0.987,0.05,0.05
3638,1,-1.017,0.983,0.05,0.05
3639,1,-1.021,0.979,0.05,0.05
3640,1,-1.023,0.977,0.05,0.05
3641,1,-1.021,0.979,0.05,0.05
3642,1,-1.021,0.979,0.05,0.05
3643,0,0.98,-1.02,0.05,0.05
3644,0,0.982,-1.018,0.05,0.05
3645,1,-1.011,0.989,0.05,0.05
3646,0,0.978,-1.022,0.05,0.05
3647,1,-1.017,0.983,0.05,0.05
3648,1,-1.021,0.979,0.05,0.05
3649,0,0.982,-1.018,0.05,0.05
3650,0,0.976,-1.024,0.05,0.05
3651,0,0.986,-1.014,0.05,0.05
3652,1,-1.021,0.979,0.05,0.05
3653,0,0.988,-1.012,0.05,0.05
3654,1,-1.019,0.981,0.05,0.05
3655,1,-1.021,0.979,0.05,0.05
3656,1,-1.021,0.979,0.05,0.05
3657,1,-1.021,0.979,0.05,0.05
3658,0,0.98,-1.02,0.05,0.05
3659,0,0.978,-1.022,0.05,0.05
3660,0,0.976,-1.024,0.05,0.05
3661,0,0.982,-1.018,0.05,0.05
3662,1,-1.013,0.987,0.05,0.05
3663,1,-1.017,0.983,0.05,0.05
3664,1,-1.023,0.977,0.05,0.05
3665,0,0.976,-1.024,0.05,0.05
3666,1,-1.021,0.979,0.05,0.05
3667,0,0.984,-1.016,0.05,0.05
3668,0,0.98,-1.02,0.05,0.05
3669,0,0.98,-1.02,0.05,0.05
3670,1,-1.011,0.989,0.05,0.05
3671,1,-1.007,0.993,0.05,0.05
3672,1,-1.011,0.989,0.05,0.05
3673,0,0.98,-1.02,0.05,0.05
3674,1,-1.015,0.985,0.05,0.05
3675,1,-1.013,0.987,0.05,0.05
3676,1,-1.011,0.989,0.05,0.05
3677,1,-1.015,0.985,0.05,0.05
3678,1,-1.011,0.989,0.05,0.05
3679,1,-1.015,0.985,0.05,0.05
3680,1,-1.009,0.991,0.05,0.05
3681,1,-1.015,0.985,0.05,0.05
3682,1,-1.011,0.989,0.05,0.05
3683,1,-1.017,0.983,0.05,0.05
3684,1,-1.019,0.981,0.05,0.05
3685,1,-1.017,0.983,0.05,0.05
3686,0,0.984,-1.016,0.05,0.05
3687,0,0.988,-1.012,0.05,0.05
3688,0,0.984,-1.016,0.05,0.05
3689,1,-1.015,0.985,0.05,0.05
3690,1,-1.015,0.985,0.05,0.05
3691,0,0.984,-1.016,0.05,0.05
3692,0,0.978,-1.022,0.05,0.05
3693,1,-1.011,0.989,0.05,0.05
3694,1,-1.015,0.985,0.05,0.05
3695,1,-1.019,0.981,0.05,0.05
3696,1,-1.015,0.985,0.05,0.05
3697,1,-1.015,0.985,0.05,0.05
3698,1,-1.019,0.981,0.05,0.05
3699,1,-1.015,0.985,0.05,0.05
3700,0,0.986,-1.014,0.05,0.05
3701,1,-1.025,0.975,0.05,0.05
3702,1,-1.021,0.979,0.05,0.05
3703,1,-1.019,0.981,0.05,0.05
3704,0,0.992,-1.008,0.05,0.05
3705,1,-1.019,0.981,0.05,0.05
3706,0,0.988,-1.012,0.05,0.05
3707,0,0.988,-1.012,0.05,0.05
3708,1,-1.015,0.985,0.05,0.05
3709,1,-1.011,0.989,0.05,0.05
3710,0,0.982,-1.018,0.05,0.05
3711,0,0.988,-1.012,0.05,0.05
3712,1,-1.017,0.983,0.05,0.05
3713,0,0.988,-1.012,0.05,0.05
3714,0,0.988,-1.012,0.05,0.05
3715,0,0.988,-1.012,0.05,0.05
3716,0,0.99,-1.01,0.05,0.05
3717,0,0.988,-1.012,0.05,0.05
3718,0,0.982,-1.018,0.05,0.05
3719,0,0.988,-1.012,0.05,0.05
3720,0,0.988,-1.012,0.05,0.05
3721,1,-1.019,0.981,0.05,0.05
3722,1,-1.021,0.979,0.05,0.05
3723,1,-1.017,0.983,0.05,0.05
3724,0,0.986,-1.014,0.05,0.05
3725,1,-1.019,0.981,0.05,0.05
3726,0,0.986,-1.014,0.05,0.05
3727,1,-1.019,0.981,0.05,0.05
3728,1,-1.019,0.981,0.05,0.05
3729,0,0.994,-1.006,0.05,0.05
3730,1,-1.013,0.987,0.05,0.05
3731,1,-1.013,0.987,0.05,0.05
3732,1,-1.019,0.981,0.05,0.05
3733,0,0.988,-1.012,0.05,0.05
3734,0,0.986,-1.014,0.05,0.05
3735,1,-1.015,0.985,0.05,0.05
3736,1,-1.023,0.977,0.05,0.05
3737,0,0.98,-1.02,0.05,0.05
3738,1,-1.003,0.997,0.05,0.05
3739,1,-1.015,0.985,0.05,0.05
3740,0,0.978,-1.022,0.05,0.05
3741,0,0.98,-1.02,0.05,0.05
3742,1,-1.005,0.995,0.05,0.05
3743,1,-1.011,0.989,0.05,0.05
3744,1,-1.003,0.997,0.05,0.05
3745,1,-1.005,0.995,0.05,0.05
3746,1,-1.003,0.997,0.05,0.05
3747,1,-1.007,0.993,0.05,0.05
3748,1,-1.003,0.997,0.05,0.05
3749,1,-1.003,0.997,0.05,0.05
3750,1,-1.003,0.997,0.05,0.05
3751,1,-1.011,0.989,0.05,0.05
3752,1,-1.015,0.985,0.05,0.05
3753,1,-1.015,0.985,0.05,0.05
3754,1,-1.011,0.989,0.05,0.05
3755,1,-1.019,0.981,0.05,0.05
3756,1,-1.009,0.991,0.05,0.05
3757,1,-1.017,0.983,0.05,0.05
3758,1,-1.015,0.985,0.05,0.05
3759,1,-1.011,0.989,0.05,0.05
3760,1,-1.019,0.981,0.05,0.05
3761,1,-1.015,0.985,0.05,0.05
3762,1,-1.017,0.983,0.05,0.05
3763,1,-1.011,0.989,0.05,0.05
3764,1,-1.015,0.985,0.05,0.05
3765,1,-1.015,0.985,0.05,0.05
3766,0,0.978,-1.022,0.05,0.05
3767,1,-1.013,0.987,0.05,0.05
3768,1,-1.015,0.985,0.05,0.05
3769,1,-1.017,0.983,0.05,0.05
3770,1,-1.017,0.983,0.05,0.05
3771,0,0.98,-1.02,0.05,0.05
3772,0,0.986,-1.014,0.05,0.05
3773,1,-1.017,0.983,0.05,0.05
3774,1,-1.017,0.983,0.05,0.05
3775,1,-1.017,0.983,0.05,0.05
3776,0,0.984,-1.016,0.05,0.05
3777,1,-1.017,0.983,0.05,0.05
3778,1,-1.013,0.987,0.05,0.05
3779,0,0.984,-1.016,0.05,0.05
3780,0,0.982,-1.018,0.05,0.05
3781,1,-1.017,0.983,0.05,0.05
3782,1,-1.015,0.985,0.05,0.05
3783,0,0.982,-1.018,0.05,0.05
3784,1,-1.019,0.981,0.05,0.05
3785,1,-1.017,0.983,0.05,0.05
3786,1,-1.013,0.987,0.05,0.05
3787,1,-1.017,0.983,0.05,0.05
3788,0,0.986,-1.014,0.05,0.05
3789,0,0.984,-1.016,0.05,0.05
3790,1,-1.017,0.983,0.05,0.05
3791,0,0.98,-1.02,0.05,0.05
3792,0,0.984,-1.016,0.05,0.05
3793,0,0.984,-1.016,0.05,0.05
3794,0,0.984,-1.016,0.05,0.05
3795,1,-1.007,0.993,0.05,0.05
3796,0,0.982,-1.018,0.05,0.05
3797,0,0.984,-1.016,0.05,0.05
3798,1,-1.013,0.987,0.05,0.05
3799,0,0.984,-1.016,0.05,0.05
3800,0,0.974,-1.026,0.05,0.05
3801,0,0.984,-1.016,0.05,0.05
3802,1,-1.007,0.993,0.05,0.05
3803,1,-1.015,0.985,0.05,0.05
3804,1,-1.011,0.989,0.05,0.05
3805,1,-1.011,0.989,0.05,0.05
3806,0,0.98,-1.02,0.05,0.05
3807,1,-1.009,0.991,0.05,0.05
3808,1,-1.017,0.983,0.05,0.05
3809,1,-1.011,0.989,0.05,0.05
3810,1,-1.011,0.989,0.05,0.05
3811,1,-1.009,0.991,0.05,0.05
3812,1,-1.011,0.989,0.05,0.05
3813,1,-1.011,0.989,0.05,0.05
3814,1,-1.011,0.989,0.05,0.05
3815,1,-1.007,0.993,0.05,0.05
3816,1,-1.017,0.983,0.05,0.05
3817,1,-1.011,0.989,0.05,0.05
3818,1,-1.009,0.991,0.05,0.05
3819,0,0.984,-1.016,0.05,0.05
3820,1,-1.017,0.983,0.05,0.05
3821,0,0.98,-1.02,0.05,0.05
3822,0,0.984,-1.016,0.05,0.05
3823,0,0.982,-1.018,0.05,0.05
3824,0,0.988,-1.012,0.05,0.05
3825,0,0.982,-1.018,0.05,0.05
3826,0,0.988,-1.012,0.05,0.05
3827,0,0.98,-1.02,0.05,0.05
3828,1,-1.013,0.987,0.05,0.05
3829,1,-1.015,0.985,0.05,0.05
3830,0,0.984,-1.016,0.05,0.05
3831,1,-1.007,0.993,0.05,0.05
3832,0,0.988,-1.012,0.05,0.05
3833,1,-1.009,0.991,0.05,0.05
3834,1,-1.009,0.991,0.05,0.05
3835,1,-1.009,0.991,0.05,0.05
3836,1,-1.011,0.989,0.05,0.05
3837,1,-1.009,0.991,0.05,0.05
3838,1,-1.009,0.991,0.05,0.05
3839,1,-1.009,0.991,0.05,0.05
3840,1,-1.009,0.991,0.05,0.05
3841,1,-1.011,0.989,0.05,0.05
3842,1,-1.019,0.981,0.05,0.05
3843,1,-1.019,0.981,0.05,0.05
3844,1,-1.009,0.991,0.05,0.05
3845,1,-1.011,0.989,0.05,0.05
3846,1,-1.013,0.987,0.05,0.05
3847,1,-1.011,0.989,0.05,0.05
3848,1,-1.017,0.983,0.05,0.05
3849,1,-1.025,0.975,0.05,0.05
3850,1,-1.017,0.983,0.05,0.05
3851,1,-1.009,0.991,0.05,0.05
3852,1,-1.023,0.977,0.05,0.05
3853,1,-1.023,0.977,0.05,0.05
3854,1,-1.015,0.985,0.05,0.05
3855,1,-1.017,0.983,0.05,0.05
3856,0,0.986,-1.014,0.05,0.05
3857,1,-1.023,0.977,0.05,0.05
3858,1,-1.023,0.977,0.05,0.05
3859,1,-1.017,0.983,0.05,0.05
3860,0,0.976,-1.024,0.05,0.05
3861,0,0.988,-1.012,0.05,0.05
3862,0,0.976,-1.024,0.05,0.05
3863,1,-1.015,0.985,0.05,0.05
3864,0,0.984,-1.016,0.05,0.05
3865,0,0.988,-1.012,0.05,0.05
3866,1,-1.021,0.979,0.05,0.05
3867,0,0.976,-1.024,0.05,0.05
3868,1,-1.013,0.987,0.05,0.05
3869,0,0.984,-1.016,0.05,0.05
3870,0,0.986,-1.014,0.05,0.05
3871,1,-1.017,0.983,0.05,0.05
3872,0,0.982,-1.018,0.05,0.05
3873,0,0.992,-1.008,0.05,0.05
3874,1,-1.017,0.983,0.05,0.05
3875,1,-1.023,0.977,0.05,0.05
3876,1,-1.021,0.979,0.05,0.05
3877,1,-1.015,0.985,0.05,0.05
3878,1,-1.007,0.993,0.05,0.05
3879,0,0.98,-1.02,0.05,0.05
3880,0,0.99,-1.01,0.05,0.05
3881,1,-1.017,0.983,0.05,0.05
3882,1,-1.023,0.977,0.05,0.05
3883,1,-1.013,0.987,0.05,0.05
3884,1,-1.017,0.983,0.05,0.05
3885,1,-1.021,0.979,0.05,0.05
3886,1,-1.017,0.983,0.05,0.05
3887,1,-1.017,0.983,0.05,0.05
3888,1,-1.021,0.979,0.05,0.05
3889,1,-1.013,0.987,0.05,0.05
3890,1,-1.017,0.983,0.05,0.05
3891,1,-1.017,0.983,0.05,0.05
3892,1,-1.021,0.979,0.05,0.05
3893,1,-1.023,0.977,0.05,0.05
3894,1,-1.017,0.983,0.05,0.05
3895,1,-1.013,0.987,0.05,0.05
3896,0,0.984,-1.016,0.05,0.05
3897,1,-1.011,0.989,0.05,0.05
3898,0,0.978,-1.022,0.05,0.05
3899,0,0.976,-1.024,0.05,0.05
3900,1,-1.009,0.991,0.05,0.05
3901,1,-1.021,0.979,0.05,0.05
3902,1,-1.017,0.983,0.05,0.05
3903,0,0.976,-1.024,0.05,0.05
3904,0,0.976,-1.024,0.05,0.05
3905,0,0.976,-1.024,0.05,0.05
3906,0,0.976,-1.024,0.05,0.05
3907,1,-1.011,0.989,0.05,0.05
3908,0,0.984,-1.016,0.05,0.05
3909,1,-1.007,0.993,0.05,0.05
3910,1,-1.013,0.987,0.05,0.05
3911,1,-1.015,0.985,0.05,0.05
3912,1,-1.017,0.983,0.05,0.05
3913,1,-1.011,0.989,0.05,0.05
3914,0,0.99,-1.01,0.05,0.05
3915,1,-1.013,0.987,0.05,0.05
3916,1,-1.011,0.989,0.05,0.05
3917,1,-1.011,0.989,0.05,0.05
3918,1,-1.011,0.989,0.05,0.05
3919,1,-1.011,0.989,0.05,0.05
3920,1,-1.011,0.989,0.05,0.05
3921,1,-1.011,0.989,0.05,0.05
3922,1,-1.011,0.989,0.05,0.05
3923,1,-1.021,0.979,0.05,0.05
3924,1,-1.009,0.991,0.05,0.05
3925,1,-1.013,0.987,0.05,0.05
3926,1,-1.011,0.989,0.05,0.05
3927,1,-1.009,0.991,0.05,0.05
3928,0,0.976,-1.024,0.05,0.05
3929,1,-1.011,0.989,0.05,0.05
3930,1,-1.015,0.985,0.05,0.05
3931,0,0.986,-1.014,0.05,0.05
3932,1,-1.015,0.985,0.05,0.05
3933,1,-1.015,0.985,0.05,0.05
3934,0,0.976,-1.024,0.05,0.05
3935,1,-1.015,0.985,0.05,0.05
3936,1,-1.015,0.985,0.05,0.05
3937,1,-1.017,0.983,0.05,0.05
3938,1,-1.019,0.981,0.05,0.05
3939,1,-1.019,0.981,0.05,0.05
3940,1,-1.019,0.981,0.05,0.05
3941,0,0.986,-1.014,0.05,0.05
3942,0,0.992,-1.008,0.05,0.05
3943,0,0.98,-1.02,0.05,0.05
3944,0,0.984,-1.016,0.05,0.05
3945,0,0.988,-1.012,0.05,0.05
3946,1,-1.017,0.983,0.05,0.05
3947,0,0.988,-1.012,0.05,0.05
3948,0,0.988,-1.012,0.05,0.05
3949,0,0.98,-1.02,0.05,0.05
3950,0,0.988,-1.012,0.05,0.05
3951,0,0.988,-1.012,0.05,0.05
3952,0,0.982,-1.018,0.05,0.05
3953,0,0.986,-1.014,0.05,0.05
3954,0,0.988,-1.012,0.05,0.05
3955,0,0.988,-1.012,0.05,0.05
3956,0,0.988,-1.012,0.05,0.05
3957,0,0.988,-1.012,0.05,0.05
3958,0,0.986,-1.014,0.05,0.05
3959,0,0.98,-1.02,0.05,0.05
3960,1,-1.017,0.983,0.05,0.05
3961,0,0.98,-1.02,0.05,0.05
3962,0,0.982,-1.018,0.05,0.05
3963,1,-1.019,0.981,0.05,0.05
3964,1,-1.019,0.981,0.05,0.05
3965,1,-1.019,0.981,0.05,0.05
3966,1,-1.019,0.981,0.05,0.05
3967,0,0.99,-1.01,0.05,0.05
3968,0,0.986,-1.014,0.05,0.05
3969,1,-1.019,0.981,0.05,0.05
3970,1,-1.019,0.981,0.05,0.05
3971,0,0.986,-1.014,0.05,0.05
3972,0,0.996,-1.004,0.05,0.05
3973,0,0.982,-1.018,0.05,0.05
3974,1,-1.017,0.983,0.05,0.05
3975,1,-1.003,0.997,0.05,0.05
3976,1,-1.003,0.997,0.05,0.05
3977,1,-1.003,0.997,0.05,0.05
3978,1,-1.003,0.997,0.05,0.05
3979,1,-1.005,0.995,0.05,0.05
3980,1,-1.003,0.997,0.05,0.05
3981,1,-1.003,0.997,0.05,0.05
3982,1,-1.007,0.993,0.05,0.05
3983,1,-1.003,0.997,0.05,0.05
3984,1,-1.007,0.993,0.05,0.05
3985,1,-1.003,0.997,0.05,0.05
3986,1,-1.011,0.989,0.05,0.05
3987,1,-1.003,0.997,0.05,0.05
3988,1,-1.015,0.985,0.05,0.05
3989,1,-1.011,0.989,0.05,0.05
3990,1,-1.015,0.985,0.05,0.05
3991,0,0.99,-1.01,0.05,0.05
3992,1,-1.015,0.985,0.05,0.05
3993,0,0.976,-1.024,0.05,0.05
3994,1,-1.009,0.991,0.05,0.05
3995,1,-1.013,0.987,0.05,0.05
3996,1,-1.017,0.983,0.05,0.05
3997,0,0.974,-1.026,0.05,0.05
3998,1,-1.015,0.985,0.05,0.05
3999,1,-1.015,0.985,0.05,0.05
4000,1,-1.015,0.985,0.05,0.05
4001,1,-1.011,0.989,0.05,0.05
4002,1,-1.015,0.985,0.05,0.05
4003,0,0.98,-1.02,0.05,0.05
4004,1,-1.015,0.985,0.05,0.05
4005,1,-1.015,0.985,0.05,0.05
4006,0,0.984,-1.016,0.05,0.05
4007,1,-1.013,0.987,0.05,0.05
4008,1,-1.023,0.977,0.05,0.05
4009,1,-1.017,0.983,0.05,0.05
4010,0,0.98,-1.02,0.05,0.05
4011,1,-1.017,0.983,0.05,0.05
4012,1,-1.017,0.983,0.05,0.05
4013,0,0.992,-1.008,0.05,0.05
4014,1,-1.017,0.983,0.05,0.05
4015,1,-1.017,0.983,0.05,0.05
4016,1,-1.015,0.985,0.05,0.05
4017,1,-1.011,0.989,0.05,0.05
4018,1,-1.015,0.985,0.05,0.05
4019,0,0.984,-1.016,0.05,0.05
4020,1,-1.015,0.985,0.05,0.05
4021,1,-1.011,0.989,0.05,0.05
4022,0,0.982,-1.018,0.05,0.05
4023,1,-1.015,0.985,0.05,0.05
4024,1,-1.013,0.987,0.05,0.05
4025,0,0.984,-1.016,0.05,0.05
4026,1,-1.015,0.985,0.05,0.05
4027,1,-1.015,0.985,0.05,0.05
4028,1,-1.015,0.985,0.05,0.05
4029,1,-1.013,0.987,0.05,0.05
4030,0,0.986,-1.014,0.05,0.05
4031,1,-1.007,0.993,0.05,0.05
4032,1,-1.015,0.985,0.05,0.05
4033,1,-1.017,0.983,0.05,0.05
4034,0,0.984,-1.016,0.05,0.05
4035,1,-1.015,0.985,0.05,0.05
4036,0,0.984,-1.016,0.05,0.05
4037,1,-1.009,0.991,0.05,0.05
4038,0,0.986,-1.014,0.05,0.05
4039,1,-1.007,0.993,0.05,0.05
4040,1,-1.011,0.989,0.05,0.05
4041,0,0.99,-1.01,0.05,0.05
4042,1,-1.019,0.981,0.05,0.05
4043,1,-1.005,0.995,0.05,0.05
4044,1,-1.013,0.987,0.05,0.05
4045,1,-1.011,0.989,0.05,0.05
4046,0,0.984,-1.016,0.05,0.05
4047,1,-1.011,0.989,0.05,0.05
4048,1,-1.009,0.991,0.05,0.05
4049,1,-1.011,0.989,0.05,0.05
4050,1,-1.011,0.989,0.05,0.05
4051,1,-1.011,0.989,0.05,0.05
4052,1,-1.011,0.989,0.05,0.05
4053,0,0.98,-1.02,0.05,0.05
4054,1,-1.017,0.983,0.05,0.05
4055,0,0.98,-1.02,0.05,0.05
4056,1,-1.015,0.985,0.05,0.05
4057,1,-1.017,0.983,0.05,0.05
4058,0,0.984,-1.016,0.05,0.05
4059,0,0.988,-1.012,0.05,0.05
4060,1,-1.019,0.981,0.05,0.05
4061,1,-1.015,0.985,0.05,0.05
4062,1,-1.015,0.985,0.05,0.05
4063,0,0.982,-1.018,0.05,0.05
4064,0,0.982,-1.018,0.05,0.05
4065,1,-1.019,0.981,0.05,0.05
4066,1,-1.005,0.995,0.05,0.05
4067,1,-1.013,0.987,0.05,0.05
4068,1,-1.009,0.991,0.05,0.05
4069,1,-1.009,0.991,0.05,0.05
4070,1,-1.009,0.991,0.05,0.05
4071,1,-1.015,0.985,0.05,0.05
4072,1,-1.009,0.991,0.05,0.05
4073,1,-1.009,0.991,0.05,0.05
4074,1,-1.017,0.983,0.05,0.05
4075,1,-1.009,0.991,0.05,0.05
4076,1,-1.013,0.987,0.05,0.05
4077,1,-1.011,0.989,0.05,0.05
4078,1,-1.009,0.991,0.05,0.05
4079,1,-1.009,0.991,0.05,0.05
4080,1,-1.009,0.991,0.05,0.05
4081,1,-1.017,0.983,0.05,0.05
4082,1,-1.009,0.991,0.05,0.05
4083,1,-1.013,0.987,0.05,0.05
4084,1,-1.013,0.987,0.05,0.05
4085,1,-1.013,0.987,0.05,0.05
4086,0,0.982,-1.018,0.05,0.05
4087,1,-1.017,0.983,0.05,0.05
4088,0,0.986,-1.014,0.05,0.05
4089,0,0.984,-1.016,0.05,0.05
4090,1,-1.011,0.989,0.05,0.05
4091,1,-1.013,0.987,0.05,0.05
4092,1,-1.013,0.987,0.05,0.05
4093,1,-1.015,0.985,0.05,0.05
4094,1,-1.013,0.987,0.05,0.05
4095,1,-1.017,0.983,0.05,0.05
4096,1,-1.019,0.981,0.05,0.05
4097,0,0.98,-1.02,0.05,0.05
4098,0,0.976,-1.024,0.05,0.05
4099,1,-1.015,0.985,0.05,0.05
4100,1,-1.019,0.981,0.05,0.05
4101,1,-1.021,0.979,0.05,0.05
4102,1,-1.019,0.981,0.05,0.05
4103,1,-1.013,0.987,0.05,0.05
4104,1,-1.017,0.983,0.05,0.05
4105,0,0.976,-1.024,0.05,0.05
4106,1,-1.021,0.979,0.05,0.05
4107,1,-1.013,0.987,0.05,0.05
4108,1,-1.013,0.987,0.05,0.05
4109,1,-1.017,0.983,0.05,0.05
4110,0,0.99,-1.01,0.05,0.05
4111,1,-1.017,0.983,0.05,0.05
4112,1,-1.009,0.991,0.05,0.05
4113,1,-1.017,0.983,0.05,0.05
4114,1,-1.017,0.983,0.05,0.05
4115,0,0.976,-1.024,0.05,0.05
4116,1,-1.013,0.987,0.05,0.05
4117,0,0.984,-1.016,0.05,0.05
4118,0,0.982,-1.018,0.05,0.05
4119,1,-1.013,0.987,0.05,0.05
4120,0,0.984,-1.016,0.05,0.05
4121,1,-1.021,0.979,0.05,0.05
4122,1,-1.013,0.987,0.05,0.05
4123,1,-1.023,0.977,0.05,0.05
4124,1,-1.019,0.981,0.05,0.05
4125,0,0.976,-1.024,0.05,0.05
4126,1,-1.017,0.983,0.05,0.05
4127,1,-1.025,0.975,0.05,0.05
4128,1,-1.017,0.983,0.05,0.05
4129,1,-1.011,0.989,0.05,0.05
4130,1,-1.021,0.979,0.05,0.05
4131,1,-1.009,0.991,0.05,0.05
4132,1,-1.017,0.983,0.05,0.05
4133,0,0.99,-1.01,0.05,0.05
4134,1,-1.017,0.983,0.05,0.05
4135,1,-1.011,0.989,0.05,0.05
4136,1,-1.009,0.991,0.05,0.05
4137,0,0.982,-1.018,0.05,0.05
4138,1,-1.025,0.975,0.05,0.05
4139,0,0.976,-1.024,0.05,0.05
4140,1,-1.011,0.989,0.05,0.05
4141,1,-1.007,0.993,0.05,0.05
4142,0,0.988,-1.012,0.05,0.05
4143,1,-1.011,0.989,0.05,0.05
4144,1,-1.011,0.989,0.05,0.05
4145,1,-1.011,0.989,0.05,0.05
4146,1,-1.015,0.985,0.05,0.05
4147,1,-1.013,0.987,0.05,0.05
4148,1,-1.017,0.983,0.05,0.05
4149,1,-1.011,0.989,0.05,0.05
4150,1,-1.011,0.989,0.05,0.05
4151,1,-1.011,0.989,0.05,0.05
4152,1,-1.011,0.989,0.05,0.05
4153,1,-1.011,0.989,0.05,0.05
4154,1,-1.011,0.989,0.05,0.05
4155,0,0.988,-1.012,0.05,0.05
4156,0,0.984,-1.016,0.05,0.05
4157,1,-1.015,0.985,0.05,0.05
4158,0,0.982,-1.018,0.05,0.05
4159,0,0.988,-1.012,0.05,0.05
4160,0,0.982,-1.018,0.05,0.05
4161,1,-1.011,0.989,0.05,0.05
4162,1,-1.023,0.977,0.05,0.05
4163,0,0.986,-1.014,0.05,0.05
4164,0,0.982,-1.018,0.05,0.05
4165,1,-1.015,0.985,0.05,0.05
4166,1,-1.015,0.985,0.05,0.05
4167,1,-1.017,0.983,0.05,0.05
4168,1,-1.019,0.981,0.05,0.05
4169,0,0.984,-1.016,0.05,0.05
4170,0,0.984,-1.016,0.05,0.05
4171,0,0.982,-1.018,0.05,0.05
4172,1,-1.021,0.979,0.05,0.05
4173,1,-1.025,0.975,0.05,0.05
4174,0,0.974,-1.026,0.05,0.05
4175,0,0.982,-1.018,0.05,0.05
4176,0,0.992,-1.008,0.05,0.05
4177,1,-1.017,0.983,0.05,0.05
4178,0,0.98,-1.02,0.05,0.05
4179,0,0.982,-1.018,0.05,0.05
4180,0,0.988,-1.012,0.05,0.05
4181,0,0.986,-1.014,0.05,0.05
4182,1,-1.017,0.983,0.05,0.05
4183,1,-1.015,0.985,0.05,0.05
4184,0,0.986,-1.014,0.05,0.05
4185,0,0.986,-1.014,0.05,0.05
4186,0,0.986,-1.014,0.05,0.05
4187,0,0.994,-1.006,0.05,0.05
4188,0,0.98,-1.02,0.05,0.05
4189,0,0.986,-1.014,0.05,0.05
4190,0,0.988,-1.012,0.05,0.05
4191,1,-1.017,0.983,0.05,0.05
4192,0,0.986,-1.014,0.05,0.05
4193,1,-1.017,0.983,0.05,0.05
4194,1,-1.017,0.983,0.05,0.05
4195,1,-1.019,0.981,0.05,0.05
4196,1,-1.013,0.987,0.05,0.05
4197,1,-1.019,0.981,0.05,0.05
4198,0,0.988,-1.012,0.05,0.05
4199,1,-1.019,0.981,0.05,0.05
4200,0,0.974,-1.026,0.05,0.05
4201,1,-1.009,0.991,0.05,0.05
4202,1,-1.017,0.983,0.05,0.05
4203,0,0.978,-1.022,0.05,0.05
4204,1,-1.019,0.981,0.05,0.05
4205,1,-1.017,0.983,0.05,0.05
4206,1,-1.009,0.991,0.05,0.05
4207,1,-1.003,0.997,0.05,0.05
4208,1,-1.007,0.993,0.05,0.05
4209,1,-1.003,0.997,0.05,0.05
4210,1,-1.003,0.997,0.05,0.05
4211,1,-1.007,0.993,0.05,0.05
4212,1,-1.003,0.997,0.05,0.05
4213,1,-1.003,0.997,0.05,0.05
4214,1,-1.003,0.997,0.05,0.05
4215,1,-1.007,0.993,0.05,0.05
4216,1,-1.015,0.985,0.05,0.05
4217,1,-1.007,0.993,0.05,0.05
4218,1,-1.007,0.993,0.05,0.05
4219,1,-1.007,0.993,0.05,0.05
4220,1,-1.017,0.983,0.05,0.05
4221,1,-1.015,0.985,0.05,0.05
4222,1,-1.015,0.985,0.05,0.05
4223,1,-1.015,0.985,0.05,0.05
4224,1,-1.013,0.987,0.05,0.05
4225,1,-1.015,0.985,0.05,0.05
4226,1,-1.013,0.987,0.05,0.05
4227,1,-1.013,0.987,0.05,0.05
4228,1,-1.015,0.985,0.05,0.05
4229,1,-1.005,0.995,0.05,0.05
4230,1,-1.015,0.985,0.05,0.05
4231,1,-1.011,0.989,0.05,0.05
4232,1,-1.015,0.985,0.05,0.05
4233,1,-1.017,0.983,0.05,0.05
4234,0,0.984,-1.016,0.05,0.05
4235,1,-1.015,0.985,0.05,0.05
4236,1,-1.015,0.985,0.05,0.05
4237,1,-1.015,0.985,0.05,0.05
4238,1,-1.013,0.987,0.05,0.05
4239,0,0.98,-1.02,0.05,0.05
4240,1,-1.019,0.981,0.05,0.05
4241,1,-1.021,0.979,0.05,0.05
4242,0,0.98,-1.02,0.05,0.05
4243,1,-1.017,0.983,0.05,0.05
4244,1,-1.017,0.983,0.05,0.05
4245,1,-1.017,0.983,0.05,0.05
4246,1,-1.017,0.983,0.05,0.05
4247,1,-1.007,0.993,0.05,0.05
4248,1,-1.013,0.987,0.05,0.05
4249,1,-1.019,0.981,0.05,0.05
4250,1,-1.015,0.985,0.05,0.05
4251,1,-1.013,0.987,0.05,0.05
4252,1,-1.015,0.985,0.05,0.05
4253,1,-1.017,0.983,0.05,0.05
4254,1,-1.017,0.983,0.05,0.05
4255,0,0.982,-1.018,0.05,0.05
4256,0,0.98,-1.02,0.05,0.05
4257,0,0.986,-1.014,0.05,0.05
4258,0,0.984,-1.016,0.05,0.05
4259,0,0.984,-1.016,0.05,0.05
4260,1,-1.017,0.983,0.05,0.05
4261,0,0.978,-1.022,0.05,0.05
4262,0,0.982,-1.018,0.05,0.05
4263,1,-1.013,0.987,0.05,0.05
4264,1,-1.015,0.985,0.05,0.05
4265,1,-1.015,0.985,0.05,0.05
4266,0,0.988,-1.012,0.05,0.05
4267,1,-1.015,0.985,0.05,0.05
4268,0,0.982,-1.018,0.05,0.05
4269,0,0.974,-1.026,0.05,0.05
4270,1,-1.017,0.983,0.05,0.05
4271,1,-1.011,0.989,0.05,0.05
4272,1,-1.007,0.993,0.05,0.05
4273,1,-1.011,0.989,0.05,0.05
4274,1,-1.009,0.991,0.05,0.05
4275,1,-1.011,0.989,0.05,0.05
4276,1,-1.013,0.987,0.05,0.05
4277,1,-1.011,0.989,0.05,0.05
4278,1,-1.011,0.989,0.05,0.05
4279,1,-1.011,0.989,0.05,0.05
4280,1,-1.011,0.989,0.05,0.05
4281,0,0.98,-1.02,0.05,0.05
4282,1,-1.011,0.989,0.05,0.05
4283,1,-1.015,0.985,0.05,0.05
4284,1,-1.025,0.975,0.05,0.05
4285,1,-1.015,0.985,0.05,0.05
4286,1,-1.011,0.989,0.05,0.05
4287,1,-1.011,0.989,0.05,0.05
4288,1,-1.017,0.983,0.05,0.05
4289,1,-1.017,0.983,0.05,0.05
4290,0,0.984,-1.016,0.05,0.05
4291,0,0.988,-1.012,0.05,0.05
4292,1,-1.017,0.983,0.05,0.05
4293,1,-1.015,0.985,0.05,0.05
4294,1,-1.017,0.983,0.05,0.05
4295,1,-1.019,0.981,0.05,0.05
4296,1,-1.019,0.981,0.05,0.05
4297,1,-1.015,0.985,0.05,0.05
4298,1,-1.009,0.991,0.05,0.05
4299,1,-1.013,0.987,0.05,0.05
4300,1,-1.013,0.987,0.05,0.05
4301,0,0.976,-1.024,0.05,0.05
4302,1,-1.015,0.985,0.05,0.05
4303,1,-1.009,0.991,0.05,0.05
4304,1,-1.009,0.991,0.05,0.05
4305,1,-1.023,0.977,0.05,0.05
4306,1,-1.009,0.991,0.05,0.05
4307,1,-1.009,0.991,0.05,0.05
4308,1,-1.009,0.991,0.05,0.05
4309,1,-1.009,0.991,0.05,0.05
4310,1,-1.019,0.981,0.05,0.05
4311,1,-1.009,0.991,0.05,0.05
4312,1,-1.013,0.987,0.05,0.05
4313,1,-1.015,0.985,0.05,0.05
4314,1,-1.009,0.991,0.05,0.05
4315,1,-1.009,0.991,0.05,0.05
4316,1,-1.013,0.987,0.05,0.05
4317,1,-1.013,0.987,0.05,0.05
4318,1,-1.017,0.983,0.05,0.05
4319,1,-1.009,0.991,0.05,0.05
4320,0,0.988,-1.012,0.05,0.05
4321,1,-1.019,0.981,0.05,0.05
4322,0,0.984,-1.016,0.05,0.05
4323,1,-1.017,0.983,0.05,0.05
4324,0,0.976,-1.024,0.05,0.05
4325,1,-1.013,0.987,0.05,0.05
4326,1,-1.013,0.987,0.05,0.05
4327,0,0.988,-1.012,0.05,0.05
4328,0,0.978,-1.022,0.05,0.05
4329,0,0.992,-1.008,0.05,0.05
4330,0,0.978,-1.022,0.05,0.05
4331,1,-1.013,0.987,0.05,0.05
4332,1,-1.009,0.991,0.05,0.05
4333,1,-1.015,0.985,0.05,0.05
4334,0,0.976,-1.024,0.05,0.05
4335,1,-1.021,0.979,0.05,0.05
4336,1,-1.015,0.985,0.05,0.05
4337,0,0.982,-1.018,0.05,0.05
4338,1,-1.013,0.987,0.05,0.05
4339,1,-1.017,0.983,0.05,0.05
4340,0,0.976,-1.024,0.05,0.05
4341,1,-1.013,0.987,0.05,0.05
4342,0,0.978,-1.022,0.05,0.05
4343,0,0.976,-1.024,0.05,0.05
4344,1,-1.021,0.979,0.05,0.05
4345,0,0.98,-1.02,0.05,0.05
4346,1,-1.013,0.987,0.05,0.05
4347,1,-1.015,0.985,0.05,0.05
4348,1,-1.013,0.987,0.05,0.05
4349,1,-1.015,0.985,0.05,0.05
4350,1,-1.021,0.979,0.05,0.05
4351,0,0.978,-1.022,0.05,0.05
4352,0,0.978,-1.022,0.05,0.05
4353,1,-1.013,0.987,0.05,0.05
4354,0,0.982,-1.018,0.05,0.05
4355,0,0.982,-1.018,0.05,0.05
4356,1,-1.027,0.973,0.05,0.05
4357,1,-1.013,0.987,0.05,0.05
4358,0,0.988,-1.012,0.05,0.05
4359,1,-1.013,0.987,0.05,0.05
4360,1,-1.011,0.989,0.05,0.05
4361,0,0.976,-1.024,0.05,0.05
4362,1,-1.019,0.981,0.05,0.05
4363,0,0.98,-1.02,0.05,0.05
4364,1,-1.009,0.991,0.05,0.05
4365,0,0.984,-1.016,0.05,0.05
4366,1,-1.021,0.979,0.05,0.05
4367,1,-1.017,0.983,0.05,0.05
4368,1,-1.009,0.991,0.05,0.05
4369,0,0.976,-1.024,0.05,0.05
4370,1,-1.021,0.979,0.05,0.05
4371,1,-1.025,0.975,0.05,0.05
4372,1,-1.011,0.989,0.05,0.05
4373,1,-1.011,0.989,0.05,0.05
4374,1,-1.011,0.989,0.05,0.05
4375,1,-1.015,0.985,0.05,0.05
4376,1,-1.013,0.987,0.05,0.05
4377,1,-1.015,0.985,0.05,0.05
4378,1,-1.011,0.989,0.05,0.05
4379,1,-1.011,0.989,0.05,0.05
4380,1,-1.011,0.989,0.05,0.05
4381,1,-1.015,0.985,0.05,0.05
4382,1,-1.011,0.989,0.05,0.05
4383,1,-1.017,0.983,0.05,0.05
4384,1,-1.013,0.987,0.05,0.05
4385,1,-1.019,0.981,0.05,0.05
4386,1,-1.019,0.981,0.05,0.05
4387,1,-1.017,0.983,0.05,0.05
4388,0,0.984,-1.016,0.05,0.05
4389,1,-1.015,0.985,0.05,0.05
4390,0,0.976,-1.024,0.05,0.05
4391,0,0.99,-1.01,0.05,0.05
4392,0,0.984,-1.016,0.05,0.05
4393,0,0.98,-1.02,0.05,0.05
4394,1,-1.013,0.987,0.05,0.05
4395,1,-1.019,0.981,0.05,0.05
4396,1,-1.011,0.989,0.05,0.05
4397,1,-1.015,0.985,0.05,0.05
4398,1,-1.013,0.987,0.05,0.05
4399,0,0.982,-1.018,0.05,0.05
4400,1,-1.013,0.987,0.05,0.05
4401,0,0.988,-1.012,0.05,0.05
4402,1,-1.015,0.985,0.05,0.05
4403,1,-1.007,0.993,0.05,0.05
4404,0,0.984,-1.016,0.05,0.05
4405,0,0.988,-1.012,0.05,0.05
4406,0,0.982,-1.018,0.05,0.05
4407,0,0.986,-1.014,0.05,0.05
4408,1,-1.017,0.983,0.05,0.05
4409,1,-1.017,0.983,0.05,0.05
4410,0,0.99,-1.01,0.05,0.05
4411,0,0.986,-1.014,0.05,0.05
4412,0,0.984,-1.016,0.05,0.05
4413,1,-1.025,0.975,0.05,0.05
4414,0,0.99,-1.01,0.05,0.05
4415,0,0.99,-1.01,0.05,0.05
4416,0,0.986,-1.014,0.05,0.05
4417,0,0.988,-1.012,0.05,0.05
4418,0,0.986,-1.014,0.05,0.05
4419,0,0.986,-1.014,0.05,0.05
4420,1,-1.019,0.981,0.05,0.05
4421,0,0.984,-1.016,0.05,0.05
4422,1,-1.019,0.981,0.05,0.05
4423,0,0.98,-1.02,0.05,0.05
4424,1,-1.019,0.981,0.05,0.05
4425,1,-1.019,0.981,0.05,0.05
4426,1,-1.009,0.991,0.05,0.05
4427,0,0.98,-1.02,0.05,0.05
4428,0,0.982,-1.018,0.05,0.05
4429,0,0.98,-1.02,0.05,0.05
4430,1,-1.019,0.981,0.05,0.05
4431,0,0.992,-1.008,0.05,0.05
4432,1,-1.017,0.983,0.05,0.05
4433,1,-1.023,0.977,0.05,0.05
4434,1,-1.021,0.979,0.05,0.05
4435,1,-1.009,0.991,0.05,0.05
4436,0,0.982,-1.018,0.05,0.05
4437,0,0.978,-1.022,0.05,0.05
4438,1,-1.003,0.997,0.05,0.05
4439,1,-1.007,0.993,0.05,0.05
4440,1,-1.007,0.993,0.05,0.05
4441,1,-1.007,0.993,0.05,0.05
4442,1,-1.003,0.997,0.05,0.05
4443,1,-1.003,0.997,0.05,0.05
4444,1,-1.003,0.997,0.05,0.05
4445,1,-1.003,0.997,0.05,0.05
4446,1,-1.003,0.997,0.05,0.05
4447,1,-1.003,0.997,0.05,0.05
4448,0,0.982,-1.018,0.05,0.05
4449,1,-1.003,0.997,0.05,0.05
4450,1,-1.011,0.989,0.05,0.05
4451,1,-1.015,0.985,0.05,0.05
4452,1,-1.015,0.985,0.05,0.05
4453,1,-1.015,0.985,0.05,0.05
4454,1,-1.017,0.983,0.05,0.05
4455,1,-1.009,0.991,0.05,0.05
4456,1,-1.017,0.983,0.05,0.05
4457,1,-1.015,0.985,0.05,0.05
4458,1,-1.015,0.985,0.05,0.05
4459,1,-1.015,0.985,0.05,0.05
4460,1,-1.011,0.989,0.05,0.05
4461,0,0.986,-1.014,0.05,0.05
4462,0,0.972,-1.028,0.05,0.05
4463,1,-1.013,0.987,0.05,0.05
4464,1,-1.015,0.985,0.05,0.05
4465,1,-1.015,0.985,0.05,0.05
4466,1,-1.015,0.985,0.05,0.05
4467,1,-1.013,0.987,0.05,0.05
4468,1,-1.015,0.985,0.05,0.05
4469,1,-1.007,0.993,0.05,0.05
4470,1,-1.017,0.983,0.05,0.05
4471,0,0.984,-1.016,0.05,0.05
4472,0,0.99,-1.01,0.05,0.05
4473,0,0.984,-1.016,0.05,0.05
4474,1,-1.017,0.983,0.05,0.05
4475,1,-1.013,0.987,0.05,0.05
4476,1,-1.017,0.983,0.05,0.05
4477,1,-1.017,0.983,0.05,0.05
4478,1,-1.017,0.983,0.05,0.05
4479,1,-1.011,0.989,0.05,0.05
4480,1,-1.015,0.985,0.05,0.05
4481,1,-1.011,0.989,0.05,0.05
4482,1,-1.013,0.987,0.05,0.05
4483,1,-1.015,0.985,0.05,0.05
4484,1,-1.017,0.983,0.05,0.05
4485,1,-1.017,0.983,0.05,0.05
4486,1,-1.019,0.981,0.05,0.05
4487,1,-1.011,0.989,0.05,0.05
4488,0,0.986,-1.014,0.05,0.05
4489,1,-1.015,0.985,0.05,0.05
4490,0,0.984,-1.016,0.05,0.05
4491,1,-1.011,0.989,0.05,0.05
4492,1,-1.015,0.985,0.05,0.05
4493,1,-1.019,0.981,0.05,0.05
4494,1,-1.015,0.985,0.05,0.05
4495,1,-1.021,0.979,0.05,0.05
4496,0,0.98,-1.02,0.05,0.05
4497,1,-1.013,0.987,0.05,0.05
4498,1,-1.017,0.983,0.05,0.05
4499,1,-1.019,0.981,0.05,0.05
4500,1,-1.021,0.979,0.05,0.05
4501,1,-1.017,0.983,0.05,0.05
4502,1,-1.011,0.989,0.05,0.05
4503,1,-1.011,0.989,0.05,0.05
4504,1,-1.011,0.989,0.05,0.05
4505,1,-1.011,0.989,0.05,0.05
4506,1,-1.005,0.995,0.05,0.05
4507,1,-1.011,0.989,0.05,0.05
4508,1,-1.013,0.987,0.05,0.05
4509,1,-1.007,0.993,0.05,0.05
4510,1,-1.011,0.989,0.05,0.05
4511,1,-1.011,0.989,0.05,0.05
4512,1,-1.017,0.983,0.05,0.05
4513,1,-1.011,0.989,0.05,0.05
4514,1,-1.011,0.989,0.05,0.05
4515,1,-1.011,0.989,0.05,0.05
4516,1,-1.009,0.991,0.05,0.05
4517,1,-1.009,0.991,0.05,0.05
4518,0,0.98,-1.02,0.05,0.05
4519,1,-1.017,0.983,0.05,0.05
4520,1,-1.015,0.985,0.05,0.05
4521,1,-1.019,0.981,0.05,0.05
4522,1,-1.013,0.987,0.05,0.05
4523,1,-1.023,0.977,0.05,0.05
4524,1,-1.019,0.981,0.05,0.05
4525,0,0.986,-1.014,0.05,0.05
4526,1,-1.021,0.979,0.05,0.05
4527,0,0.982,-1.018,0.05,0.05
4528,1,-1.007,0.993,0.05,0.05
4529,1,-1.015,0.985,0.05,0.05
4530,1,-1.005,0.995,0.05,0.05
4531,1,-1.011,0.989,0.05,0.05
4532,1,-1.013,0.987,0.05,0.05
4533,1,-1.017,0.983,0.05,0.05
4534,1,-1.009,0.991,0.05,0.05
4535,1,-1.009,0.991,0.05,0.05
4536,1,-1.017,0.983,0.05,0.05
4537,1,-1.015,0.985,0.05,0.05
4538,1,-1.009,0.991,0.05,0.05
4539,1,-1.011,0.989,0.05,0.05
4540,1,-1.009,0.991,0.05,0.05
4541,1,-1.009,0.991,0.05,0.05
4542,1,-1.011,0.989,0.05,0.05
4543,1,-1.009,0.991,0.05,0.05
4544,1,-1.009,0.991,0.05,0.05
4545,1,-1.013,0.987,0.05,0.05
4546,1,-1.009,0.991,0.05,0.05
4547,1,-1.015,0.985,0.05,0.05
4548,1,-1.013,0.987,0.05,0.05
4549,1,-1.011,0.989,0.05,0.05
4550,1,-1.013,0.987,0.05,0.05
4551,1,-1.013,0.987,0.05,0.05
4552,0,0.988,-1.012,0.05,0.05
4553,1,-1.019,0.981,0.05,0.05
4554,1,-1.015,0.985,0.05,0.05
4555,1,-1.011,0.989,0.05,0.05
4556,1,-1.013,0.987,0.05,0.05
4557,1,-1.013,0.987,0.05,0.05
4558,1,-1.019,0.981,0.05,0.05
4559,1,-1.011,0.989,0.05,0.05
4560,1,-1.017,0.983,0.05,0.05
4561,1,-1.013,0.987,0.05,0.05
4562,1,-1.017,0.983,0.05,0.05
4563,1,-1.013,0.987,0.05,0.05
4564,0,0.974,-1.026,0.05,0.05
4565,1,-1.013,0.987,0.05,0.05
4566,0,0.98,-1.02,0.05,0.05
4567,0,0.982,-1.018,0.05,0.05
4568,1,-1.013,0.987,0.05,0.05
4569,0,0.986,-1.014,0.05,0.05
4570,0,0.986,-1.014,0.05,0.05
4571,1,-1.021,0.979,0.05,0.05
4572,0,0.976,-1.024,0.05,0.05
4573,1,-1.021,0.979,0.05,0.05
4574,1,-1.019,0.981,0.05,0.05
4575,1,-1.021,0.979,0.05,0.05
4576,1,-1.015,0.985,0.05,0.05
4577,1,-1.009,0.991,0.05,0.05
4578,0,0.98,-1.02,0.05,0.05
4579,1,-1.009,0.991,0.05,0.05
4580,0,0.98,-1.02,0.05,0.05
4581,1,-1.023,0.977,0.05,0.05
4582,0,0.98,-1.02,0.05,0.05
4583,1,-1.013,0.987,0.05,0.05
4584,1,-1.017,0.983,0.05,0.05
4585,1,-1.023,0.977,0.05,0.05
4586,1,-1.009,0.991,0.05,0.05
4587,1,-1.015,0.985,0.05,0.05
4588,0,0.982,-1.018,0.05,0.05
4589,1,-1.021,0.979,0.05,0.05
4590,1,-1.009,0.991,0.05,0.05
4591,1,-1.023,0.977,0.05,0.05
4592,1,-1.027,0.973,0.05,0.05
4593,0,0.99,-1.01,0.05,0.05
4594,0,0.984,-1.016,0.05,0.05
4595,1,-1.009,0.991,0.05,0.05
4596,1,-1.025,0.975,0.05,0.05
4597,1,-1.013,0.987,0.05,0.05
4598,1,-1.009,0.991,0.05,0.05
4599,1,-1.013,0.987,0.05,0.05
4600,1,-1.011,0.989,0.05,0.05
4601,1,-1.019,0.981,0.05,0.05
4602,1,-1.009,0.991,0.05,0.05
4603,0,0.976,-1.024,0.05,0.05
4604,1,-1.015,0.985,0.05,0.05
4605,0,0.984,-1.016,0.05,0.05
4606,1,-1.025,0.975,0.05,0.05
4607,0,0.98,-1.02,0.05,0.05
4608,1,-1.007,0.993,0.05,0.05
4609,1,-1.015,0.985,0.05,0.05
4610,0,0.984,-1.016,0.05,0.05
4611,1,-1.011,0.989,0.05,0.05
4612,1,-1.015,0.985,0.05,0.05
4613,0,0.984,-1.016,0.05,0.05
4614,1,-1.011,0.989,0.05,0.05
4615,1,-1.011,0.989,0.05,0.05
4616,1,-1.011,0.989,0.05,0.05
4617,1,-1.011,0.989,0.05,0.05
4618,1,-1.011,0.989,0.05,0.05
4619,1,-1.011,0.989,0.05,0.05
4620,1,-1.015,0.985,0.05,0.05
4621,0,0.988,-1.012,0.05,0.05
4622,1,-1.013,0.987,0.05,0.05
4623,0,0.986,-1.014,0.05,0.05
4624,0,0.982,-1.018,0.05,0.05
4625,1,-1.027,0.973,0.05,0.05
4626,1,-1.011,0.989,0.05,0.05
4627,0,0.986,-1.014,0.05,0.05
4628,1,-1.015,0.985,0.05,0.05
4629,1,-1.011,0.989,0.05,0.05
4630,1,-1.019,0.981,0.05,0.05
4631,0,0.98,-1.02,0.05,0.05
4632,0,0.982,-1.018,0.05,0.05
4633,1,-1.011,0.989,0.05,0.05
4634,1,-1.015,0.985,0.05,0.05
4635,0,0.994,-1.006,0.05,0.05
4636,0,0.986,-1.014,0.05,0.05
4637,1,-1.015,0.985,0.05,0.05
4638,0,0.98,-1.02,0.05,0.05
4639,1,-1.017,0.983,0.05,0.05
4640,1,-1.015,0.985,0.05,0.05
4641,1,-1.017,0.983,0.05,0.05
4642,1,-1.017,0.983,0.05,0.05
4643,1,-1.017,0.983,0.05,0.05
4644,1,-1.019,0.981,0.05,0.05
4645,1,-1.017,0.983,0.05,0.05
4646,0,0.982,-1.018,0.05,0.05
4647,1,-1.019,0.981,0.05,0.05
4648,1,-1.015,0.985,0.05,0.05
4649,0,0.982,-1.018,0.05,0.05
4650,0,0.986,-1.014,0.05,0.05
4651,0,0.986,-1.014,0.05,0.05
4652,0,0.986,-1.014,0.05,0.05
4653,0,0.988,-1.012,0.05,0.05
4654,0,0.986,-1.014,0.05,0.05
4655,1,-1.017,0.983,0.05,0.05
4656,1,-1.015,0.985,0.05,0.05
4657,0,0.984,-1.016,0.05,0.05
4658,1,-1.017,0.983,0.05,0.05
4659,1,-1.017,0.983,0.05,0.05
4660,1,-1.017,0.983,0.05,0.05
4661,0,0.99,-1.01,0.05,0.05
4662,0,0.982,-1.018,0.05,0.05
4663,1,-1.017,0.983,0.05,0.05
4664,1,-1.017,0.983,0.05,0.05
4665,1,-1.013,0.987,0.05,0.05
4666,1,-1.021,0.979,0.05,0.05
4667,0,0.98,-1.02,0.05,0.05
4668,1,-1.019,0.981,0.05,0.05
4669,0,0.978,-1.022,0.05,0.05
4670,1,-1.019,0.981,0.05,0.05
4671,0,0.986,-1.014,0.05,0.05
4672,1,-1.019,0.981,0.05,0.05
4673,0,0.984,-1.016,0.05,0.05
4674,1,-1.003,0.997,0.05,0.05
4675,1,-1.003,0.997,0.05,0.05
4676,1,-1.003,0.997,0.05,0.05
4677,1,-1.003,0.997,0.05,0.05
4678,1,-1.011,0.989,0.05,0.05
4679,1,-1.003,0.997,0.05,0.05
4680,1,-1.003,0.997,0.05,0.05
4681,1,-1.003,0.997,0.05,0.05
4682,1,-1.003,0.997,0.05,0.05
4683,1,-1.007,0.993,0.05,0.05
4684,1,-1.003,0.997,0.05,0.05
4685,1,-1.003,0.997,0.05,0.05
4686,1,-1.015,0.985,0.05,0.05
4687,1,-1.011,0.989,0.05,0.05
4688,1,-1.015,0.985,0.05,0.05
4689,1,-1.015,0.985,0.05,0.05
4690,1,-1.015,0.985,0.05,0.05
4691,0,0.984,-1.016,0.05,0.05
4692,1,-1.009,0.991,0.05,0.05
4693,1,-1.013,0.987,0.05,0.05
4694,1,-1.015,0.985,0.05,0.05
4695,0,0.984,-1.016,0.05,0.05
4696,0,0.982,-1.018,0.05,0.05
4697,1,-1.015,0.985,0.05,0.05
4698,1,-1.015,0.985,0.05,0.05
4699,1,-1.017,0.983,0.05,0.05
4700,1,-1.011,0.989,0.05,0.05
4701,1,-1.015,0.985,0.05,0.05
4702,1,-1.015,0.985,0.05,0.05
4703,1,-1.015,0.985,0.05,0.05
4704,1,-1.015,0.985,0.05,0.05
4705,1,-1.023,0.977,0.05,0.05
4706,0,0.982,-1.018,0.05,0.05
4707,1,-1.019,0.981,0.05,0.05
4708,0,0.984,-1.016,0.05,0.05
4709,1,-1.013,0.987,0.05,0.05
4710,0,0.978,-1.022,0.05,0.05
4711,1,-1.017,0.983,0.05,0.05
4712,1,-1.019,0.981,0.05,0.05
4713,1,-1.009,0.991,0.05,0.05
4714,1,-1.017,0.983,0.05,0.05
4715,1,-1.019,0.981,0.05,0.05
4716,1,-1.017,0.983,0.05,0.05
4717,1,-1.017,0.983,0.05,0.05
4718,1,-1.015,0.985,0.05,0.05
4719,1,-1.019,0.981,0.05,0.05
4720,1,-1.017,0.983,0.05,0.05
4721,1,-1.015,0.985,0.05,0.05
4722,1,-1.011,0.989,0.05,0.05
4723,1,-1.017,0.983,0.05,0.05
4724,1,-1.015,0.985,0.05,0.05
4725,1,-1.017,0.983,0.05,0.05
4726,1,-1.017,0.983,0.05,0.05
4727,1,-1.013,0.987,0.05,0.05
4728,1,-1.015,0.985,0.05,0.05
4729,1,-1.019,0.981,0.05,0.05
4730,1,-1.017,0.983,0.05,0.05
4731,1,-1.019,0.981,0.05,0.05
4732,0,0.99,-1.01,0.05,0.05
4733,1,-1.015,0.985,0.05,0.05
4734,1,-1.019,0.981,0.05,0.05
4735,1,-1.015,0.985,0.05,0.05
4736,0,0.982,-1.018,0.05,0.05
4737,1,-1.015,0.985,0.05,0.05
4738,0,0.99,-1.01,0.05,0.05
4739,1,-1.011,0.989,0.05,0.05
4740,1,-1.011,0.989,0.05,0.05
4741,1,-1.011,0.989,0.05,0.05
4742,1,-1.005,0.995,0.05,0.05
4743,0,0.978,-1.022,0.05,0.05
4744,1,-1.013,0.987,0.05,0.05
4745,1,-1.017,0.983,0.05,0.05
4746,1,-1.019,0.981,0.05,0.05
4747,1,-1.011,0.989,0.05,0.05
4748,1,-1.011,0.989,0.05,0.05
4749,1,-1.011,0.989,0.05,0.05
4750,1,-1.023,0.977,0.05,0.05
4751,0,0.976,-1.024,0.05,0.05
4752,0,0.988,-1.012,0.05,0.05
4753,1,-1.009,0.991,0.05,0.05
4754,1,-1.009,0.991,0.05,0.05
4755,1,-1.017,0.983,0.05,0.05
4756,1,-1.017,0.983,0.05,0.05
4757,0,0.982,-1.018,0.05,0.05
4758,0,0.98,-1.02,0.05,0.05
4759,1,-1.023,0.977,0.05,0.05
4760,1,-1.015,0.985,0.05,0.05
4761,0,0.99,-1.01,0.05,0.05
4762,0,0.982,-1.018,0.05,0.05
4763,1,-1.015,0.985,0.05,0.05
4764,1,-1.017,0.983,0.05,0.05
4765,0,0.982,-1.018,0.05,0.05
4766,1,-1.019,0.981,0.05,0.05
4767,1,-1.005,0.995,0.05,0.05
4768,1,-1.013,0.987,0.05,0.05
4769,1,-1.021,0.979,0.05,0.05
4770,1,-1.009,0.991,0.05,0.05
4771,1,-1.017,0.983,0.05,0.05
4772,1,-1.009,0.991,0.05,0.05
4773,0,0.98,-1.02,0.05,0.05
4774,0,0.984,-1.016,0.05,0.05
4775,1,-1.011,0.989,0.05,0.05
4776,1,-1.011,0.989,0.05,0.05
4777,1,-1.009,0.991,0.05,0.05
4778,0,0.978,-1.022,0.05,0.05
4779,1,-1.009,0.991,0.05,0.05
4780,1,-1.009,0.991,0.05,0.05
4781,1,-1.009,0.991,0.05,0.05
4782,1,-1.013,0.987,0.05,0.05
4783,1,-1.017,0.983,0.05,0.05
4784,1,-1.013,0.987,0.05,0.05
4785,1,-1.013,0.987,0.05,0.05
4786,1,-1.013,0.987,0.05,0.05
4787,1,-1.007,0.993,0.05,0.05
4788,1,-1.025,0.975,0.05,0.05
4789,0,0.982,-1.018,0.05,0.05
4790,0,0.982,-1.018,0.05,0.05
4791,1,-1.013,0.987,0.05,0.05
4792,0,0.982,-1.018,0.05,0.05
4793,1,-1.017,0.983,0.05,0.05
4794,1,-1.011,0.989,0.05,0.05
4795,1,-1.017,0.983,0.05,0.05
4796,1,-1.011,0.989,0.05,0.05
4797,0,0.982,-1.018,0.05,0.05
4798,1,-1.017,0.983,0.05,0.05
4799,0,0.978,-1.022,0.05,0.05
4800,0,0.984,-1.016,0.05,0.05
4801,1,-1.013,0.987,0.05,0.05
4802,1,-1.021,0.979,0.05,0.05
4803,1,-1.021,0.979,0.05,0.05
4804,0,0.99,-1.01,0.05,0.05
4805,1,-1.017,0.983,0.05,0.05
4806,1,-1.015,0.985,0.05,0.05
4807,1,-1.021,0.979,0.05,0.05
4808,0,0.984,-1.016,0.05,0.05
4809,1,-1.015,0.985,0.05,0.05
4810,1,-1.015,0.985,0.05,0.05
4811,1,-1.023,0.977,0.05,0.05
4812,1,-1.013,0.987,0.05,0.05
4813,1,-1.013,0.987,0.05,0.05
4814,1,-1.017,0.983,0.05,0.05
4815,1,-1.017,0.983,0.05,0.05
4816,0,0.98,-1.02,0.05,0.05
4817,0,0.98,-1.02,0.05,0.05
4818,1,-1.023,0.977,0.05,0.05
4819,1,-1.009,0.991,0.05,0.05
4820,1,-1.013,0.987,0.05,0.05
4821,1,-1.015,0.985,0.05,0.05
4822,0,0.984,-1.016,0.05,0.05
4823,0,0.986,-1.014,0.05,0.05
4824,0,0.982,-1.018,0.05,0.05
4825,1,-1.013,0.987,0.05,0.05
4826,1,-1.013,0.987,0.05,0.05
4827,1,-1.015,0.985,0.05,0.05
4828,1,-1.021,0.979,0.05,0.05
4829,0,0.976,-1.024,0.05,0.05
4830,1,-1.019,0.981,0.05,0.05
4831,1,-1.009,0.991,0.05,0.05
4832,1,-1.019,0.981,0.05,0.05
4833,1,-1.009,0.991,0.05,0.05
4834,1,-1.013,0.987,0.05,0.05
4835,1,-1.017,0.983,0.05,0.05
4836,1,-1.009,0.991,0.05,0.05
4837,1,-1.009,0.991,0.05,0.05
4838,0,0.986,-1.014,0.05,0.05
4839,0,0.984,-1.016,0.05,0.05
4840,1,-1.009,0.991,0.05,0.05
4841,1,-1.007,0.993,0.05,0.05
4842,0,0.988,-1.012,0.05,0.05
4843,1,-1.011,0.989,0.05,0.05
4844,1,-1.011,0.989,0.05,0.05
4845,1,-1.015,0.985,0.05,0.05
4846,1,-1.013,0.987,0.05,0.05
4847,1,-1.011,0.989,0.05,0.05
4848,1,-1.013,0.987,0.05,0.05
4849,1,-1.011,0.989,0.05,0.05
4850,1,-1.011,0.989,0.05,0.05
4851,1,-1.011,0.989,0.05,0.05
4852,0,0.978,-1.022,0.05,0.05
4853,1,-1.011,0.989,0.05,0.05
4854,1,-1.015,0.985,0.05,0.05
4855,1,-1.017,0.983,0.05,0.05
4856,1,-1.011,0.989,0.05,0.05
4857,1,-1.015,0.985,0.05,0.05
4858,0,0.978,-1.022,0.05,0.05
4859,0,0.982,-1.018,0.05,0.05
4860,0,0.984,-1.016,0.05,0.05
4861,1,-1.011,0.989,0.05,0.05
4862,0,0.982,-1.018,0.05,0.05
4863,1,-1.015,0.985,0.05,0.05
4864,1,-1.021,0.979,0.05,0.05
4865,1,-1.011,0.989,0.05,0.05
4866,0,0.982,-1.018,0.05,0.05
4867,0,0.984,-1.016,0.05,0.05
4868,1,-1.017,0.983,0.05,0.05
4869,0,0.992,-1.008,0.05,0.05
4870,1,-1.025,0.975,0.05,0.05
4871,1,-1.017,0.983,0.05,0.05
4872,1,-1.017,0.983,0.05,0.05
4873,0,0.986,-1.014,0.05,0.05
4874,0,0.986,-1.014,0.05,0.05
4875,1,-1.021,0.979,0.05,0.05
4876,0,0.982,-1.018,0.05,0.05
4877,1,-1.017,0.983,0.05,0.05
4878,1,-1.017,0.983,0.05,0.05
4879,1,-1.017,0.983,0.05,0.05
4880,0,0.984,-1.016,0.05,0.05
4881,0,0.974,-1.026,0.05,0.05
4882,1,-1.015,0.985,0.05,0.05
4883,0,0.982,-1.018,0.05,0.05
4884,1,-1.017,0.983,0.05,0.05
4885,1,-1.025,0.975,0.05,0.05
4886,1,-1.015,0.985,0.05,0.05
4887,0,0.986,-1.014,0.05,0.05
4888,0,0.988,-1.012,0.05,0.05
4889,0,0.982,-1.018,0.05,0.05
4890,0,0.984,-1.016,0.05,0.05
4891,1,-1.015,0.985,0.05,0.05
4892,0,0.98,-1.02,0.05,0.05
4893,1,-1.007,0.993,0.05,0.05
4894,1,-1.017,0.983,0.05,0.05
4895,1,-1.013,0.987,0.05,0.05
4896,1,-1.011,0.989,0.05,0.05
4897,1,-1.017,0.983,0.05,0.05
4898,0,0.98,-1.02,0.05,0.05
4899,1,-1.017,0.983,0.05,0.05
4900,0,0.988,-1.012,0.05,0.05
4901,0,0.98,-1.02,0.05,0.05
4902,0,0.988,-1.012,0.05,0.05
4903,0,0.978,-1.022,0.05,0.05
4904,1,-1.021,0.979,0.05,0.05
4905,1,-1.009,0.991,0.05,0.05
4906,0,0.984,-1.016,0.05,0.05
4907,1,-1.023,0.977,0.05,0.05
4908,1,-1.017,0.983,0.05,0.05
4909,1,-1.003,0.997,0.05,0.05
4910,1,-1.003,0.997,0.05,0.05
4911,1,-1.003,0.997,0.05,0.05
4912,1,-1.003,0.997,0.05,0.05
4913,1,-1.007,0.993,0.05,0.05
4914,1,-1.019,0.981,0.05,0.05
4915,1,-1.003,0.997,0.05,0.05
4916,1,-1.003,0.997,0.05,0.05
4917,1,-1.003,0.997,0.05,0.05
4918,1,-1.007,0.993,0.05,0.05
4919,1,-1.003,0.997,0.05,0.05
4920,1,-1.003,0.997,0.05,0.05
4921,1,-1.019,0.981,0.05,0.05
4922,1,-1.003,0.997,0.05,0.05
4923,1,-1.011,0.989,0.05,0.05
4924,1,-1.011,0.989,0.05,0.05
4925,1,-1.011,0.989,0.05,0.05
4926,1,-1.015,0.985,0.05,0.05
4927,1,-1.015,0.985,0.05,0.05
4928,0,0.984,-1.016,0.05,0.05
4929,1,-1.021,0.979,0.05,0.05
4930,1,-1.011,0.989,0.05,0.05
4931,1,-1.013,0.987,0.05,0.05
4932,1,-1.011,0.989,0.05,0.05
4933,1,-1.015,0.985,0.05,0.05
4934,0,0.982,-1.018,0.05,0.05
4935,1,-1.011,0.989,0.05,0.05
4936,1,-1.015,0.985,0.05,0.05
4937,1,-1.015,0.985,0.05,0.05
4938,1,-1.015,0.985,0.05,0.05
4939,1,-1.013,0.987,0.05,0.05
4940,1,-1.015,0.985,0.05,0.05
4941,1,-1.017,0.983,0.05,0.05
4942,1,-1.017,0.983,0.05,0.05
4943,0,0.982,-1.018,0.05,0.05
4944,1,-1.017,0.983,0.05,0.05
4945,0,0.982,-1.018,0.05,0.05
4946,1,-1.017,0.983,0.05,0.05
4947,0,0.982,-1.018,0.05,0.05
4948,1,-1.019,0.981,0.05,0.05
4949,1,-1.019,0.981,0.05,0.05
4950,1,-1.017,0.983,0.05,0.05
4951,1,-1.017,0.983,0.05,0.05
4952,1,-1.017,0.983,0.05,0.05
4953,1,-1.017,0.983,0.05,0.05
4954,1,-1.011,0.989,0.05,0.05
4955,0,0.982,-1.018,0.05,0.05
4956,1,-1.019,0.981,0.05,0.05
4957,0,0.982,-1.018,0.05,0.05
4958,1,-1.017,0.983,0.05,0.05
4959,0,0.98,-1.02,0.05,0.05
4960,1,-1.009,0.991,0.05,0.05
4961,1,-1.015,0.985,0.05,0.05
4962,1,-1.015,0.985,0.05,0.05
4963,1,-1.015,0.985,0.05,0.05
4964,1,-1.017,0.983,0.05,0.05
4965,0,0.988,-1.012,0.05,0.05
4966,0,0.982,-1.018,0.05,0.05
4967,1,-1.015,0.985,0.05,0.05
4968,1,-1.017,0.983,0.05,0.05
4969,0,0.982,-1.018,0.05,0.05
4970,0,0.98,-1.02,0.05,0.05
4971,1,-1.017,0.983,0.05,0.05
4972,0,0.982,-1.018,0.05,0.05
4973,0,0.982,-1.018,0.05,0.05
4974,1,-1.011,0.989,0.05,0.05
4975,1,-1.005,0.995,0.05,0.05
4976,1,-1.005,0.995,0.05,0.05
4977,0,0.978,-1.022,0.05,0.05
4978,1,-1.011,0.989,0.05,0.05
4979,1,-1.007,0.993,0.05,0.05
4980,1,-1.011,0.989,0.05,0.05
4981,1,-1.017,0.983,0.05,0.05
4982,1,-1.017,0.983,0.05,0.05
4983,1,-1.011,0.989,0.05,0.05
4984,1,-1.011,0.989,0.05,0.05
4985,0,0.974,-1.026,0.05,0.05
4986,0,0.984,-1.016,0.05,0.05
4987,1,-1.009,0.991,0.05,0.05
4988,1,-1.017,0.983,0.05,0.05
4989,1,-1.017,0.983,0.05,0.05
4990,1,-1.015,0.985,0.05,0.05
4991,0,0.982,-1.018,0.05,0.05
4992,1,-1.015,0.985,0.05,0.05
4993,1,-1.015,0.985,0.05,0.05
4994,1,-1.021,0.979,0.05,0.05
4995,1,-1.017,0.983,0.05,0.05
4996,1,-1.015,0.985,0.05,0.05
4997,0,0.986,-1.014,0.05,0.05
4998,0,0.984,-1.016,0.05,0.05
4999,1,-1.015,0.985,0.05,0.05
5000,1,-1.005,0.995,0.05,0.05
