episode,winner,reward_0,reward_1,loss_0,loss_1,entropy_0,entropy_1
1,0,0.991,-0.009,3.217727,-0.245276,3.964143,4.224009
2,1,-0.011,0.99,-0.824844,2.849066,3.636848,3.439853
3,0,0.989,-0.011,1.924787,-0.694234,3.395367,3.520762
4,1,-0.011,0.99,-1.417379,2.25976,3.724839,3.635611
5,1,-0.013,0.988,-1.033227,1.66889,3.958571,3.489959
6,0,0.991,-0.009,2.95713,-2.015639,4.376795,3.95821
7,1,-0.011,0.99,-0.96033,1.4508,3.726696,4.081305
8,0,0.988,-0.012,2.573843,-2.285852,3.8005,3.797231
9,1,-0.013,0.988,-1.182361,0.919417,3.54357,3.468566
10,1,-0.014,0.987,-0.647176,0.600594,3.107827,3.448493
11,1,-0.011,0.99,-0.426767,0.087008,4.096072,3.919117
12,0,0.988,-0.012,3.196709,-2.658673,4.006411,3.303677
13,1,-0.008,0.993,-0.519546,0.132257,3.887521,4.227134
14,0,0.989,-0.011,2.558182,-2.392225,3.634388,3.327773
15,0,0.99,-0.01,2.597966,-2.188244,3.997042,3.678087
16,0,0.989,-0.011,2.043636,-1.853999,4.051655,3.654659
17,0,0.987,-0.013,0.500382,-1.142164,3.669041,3.546628
18,0,0.988,-0.012,-0.168182,-0.764685,3.309663,3.379612
19,0,0.989,-0.011,-0.758046,-0.367322,3.663956,3.433629
20,0,0.993,-0.007,-0.610048,-0.044798,4.473234,3.734805
21,1,-0.013,0.988,-2.901763,3.366231,3.647455,3.621739
22,1,-0.011,0.99,-2.394707,3.39076,3.692892,3.706711
23,0,0.988,-0.012,1.095437,-0.433785,3.607772,3.780606
24,1,-0.012,0.989,-1.656967,2.854414,3.548787,3.480402
25,0,0.99,-0.01,1.312729,-0.727292,3.563239,3.7071
26,0,0.988,-0.012,1.173638,-0.629845,3.452403,3.190254
27,1,-0.013,0.988,-1.726303,2.508686,3.367025,3.643604
28,1,-0.01,0.991,-1.920957,2.735066,3.885072,3.89086
29,0,0.99,-0.01,2.164497,-1.158478,3.931708,3.312382
30,0,0.99,-0.01,1.396047,-1.016253,4.077332,3.673271
31,0,0.991,-0.009,1.346128,-1.041882,4.457714,3.955101
32,0,0.987,-0.013,0.236635,-0.627547,3.803059,2.77228
33,1,-0.01,0.991,-2.435565,2.955952,3.259712,3.775745
34,1,-0.012,0.989,-2.796873,2.460707,3.824815,3.467768
35,1,-0.011,0.99,-2.027508,2.557552,3.310278,4.019814
36,1,-0.01,0.991,-1.782169,2.187646,3.522812,4.013795
37,1,-0.009,0.992,-1.064115,1.411174,3.160117,4.16931
38,1,-0.012,0.989,-1.072909,0.634819,3.496997,3.419554
39,0,0.989,-0.011,2.352969,-2.290918,3.383543,3.198036
40,1,-0.012,0.989,-0.744161,-0.053891,3.323701,3.075613
41,1,-0.011,0.99,-0.652463,-0.168101,3.61613,3.90017
42,0,0.987,-0.013,2.845817,-2.626358,3.770045,3.332896
43,0,0.988,-0.012,2.535802,-2.492982,3.785859,3.708257
44,1,-0.013,0.988,-0.664088,0.235038,3.505165,2.953478
45,1,-0.01,0.991,-0.871923,0.940007,4.00099,3.475245
46,1,-0.01,0.991,-0.935422,0.751055,4.093812,4.008326
47,1,-0.012,0.989,-0.570127,0.320937,2.954738,3.839515
48,1,-0.012,0.989,-0.591706,-0.125751,3.321953,3.348136
49,0,0.992,-0.008,3.401267,-2.868711,4.095194,3.587041
50,1,-0.011,0.99,-0.649145,0.008303,3.701517,3.494361
51,0,0.989,-0.011,2.777356,-2.125772,3.780282,3.388247
52,0,0.99,-0.01,2.420196,-1.987045,3.469339,3.6115
53,1,-0.012,0.989,-1.089525,0.840599,3.900636,3.338299
54,0,0.989,-0.011,1.646437,-1.179499,3.541989,2.927974
55,1,-0.014,0.987,-1.048724,0.968279,3.444504,3.586156
56,1,-0.011,0.99,-1.210455,1.366896,3.759615,3.334935
57,1,-0.011,0.99,-1.169613,1.20211,3.584339,3.873168
58,0,0.989,-0.011,2.252407,-2.379776,3.260321,3.830154
59,0,0.992,-0.008,2.500245,-2.398266,4.417841,4.669109
60,1,-0.012,0.989,-1.23665,1.209079,3.877599,3.980673
61,0,0.993,-0.007,2.081036,-1.790461,4.466624,4.205396
62,0,0.995,-0.005,1.821109,-1.463033,4.979211,4.525586
63,1,-0.009,0.992,-1.606384,1.52347,3.62389,3.29647
64,0,0.988,-0.012,0.755944,-1.764352,3.199695,3.938259
65,1,-0.01,0.991,-1.752576,2.184793,3.247492,4.348598
66,0,0.989,-0.011,1.119083,-1.048305,3.984968,3.228982
67,1,-0.012,0.989,-1.897841,1.443497,3.469513,3.124636
68,1,-0.013,0.988,-1.758246,1.399058,3.363287,3.548816
69,1,-0.012,0.989,-1.340488,0.82769,3.51128,3.421379
70,0,0.99,-0.01,2.034086,-2.142201,4.093575,3.894488
71,1,-0.011,0.99,-1.02288,0.958794,3.146011,4.121628
72,0,0.99,-0.01,2.376609,-1.900784,3.579841,2.915875
73,1,-0.01,0.991,-1.006082,0.462848,3.230375,3.62418
74,0,0.989,-0.011,2.605532,-2.427603,3.793228,3.596602
75,0,0.992,-0.008,1.968372,-1.260222,4.078156,3.611632
76,0,0.986,-0.014,1.77338,-1.279518,3.646347,2.901598
77,0,0.99,-0.01,1.332746,-1.167903,4.308652,3.972386
78,0,0.987,-0.013,0.673788,-0.961285,3.244312,3.138291
79,1,-0.011,0.99,-2.38595,2.583288,3.134873,3.543813
80,0,0.992,-0.008,0.042115,-0.528619,4.709464,3.427578
81,0,0.988,-0.012,0.030122,-0.7262,3.253096,3.663048
82,1,-0.012,0.989,-2.367897,2.45766,3.399458,3.582944
83,1,-0.011,0.99,-2.390339,3.08514,3.494345,4.028302
84,1,-0.011,0.99,-2.093473,2.363115,3.966733,3.583004
85,0,0.989,-0.011,0.969886,-1.028222,3.486673,3.62224
86,0,0.988,-0.012,1.171829,-1.155027,3.853788,3.838306
87,1,-0.01,0.991,-1.231243,1.931708,2.941922,3.85741
88,1,-0.01,0.991,-1.142408,2.041716,3.082044,4.389409
89,0,0.989,-0.011,1.462651,-1.274801,3.769309,3.226812
90,0,0.989,-0.011,1.855405,-1.475462,3.888784,3.466973
91,1,-0.011,0.99,-1.496033,1.801886,3.060638,3.297079
92,1,-0.012,0.989,-1.634172,1.508319,3.610261,3.765518
93,0,0.989,-0.011,1.69181,-1.62041,3.308537,3.564055
94,1,-0.01,0.991,-1.270487,1.70763,3.61832,3.62929
95,1,-0.009,0.992,-1.732326,2.118947,4.244717,3.977608
96,1,-0.012,0.989,-0.961748,1.079075,3.368782,3.629414
97,1,-0.014,0.987,-0.689995,0.055446,3.420255,3.191041
98,1,-0.011,0.99,-0.408665,0.016702,3.382829,3.349435
99,0,0.991,-0.009,3.111181,-2.545418,4.11642,3.731741
100,1,-0.014,0.987,-0.677245,0.519084,3.3834,3.593181
101,0,0.987,-0.013,3.079878,-2.221722,4.090456,3.219944
102,1,-0.011,0.99,-0.501285,0.156269,3.387057,4.50566
103,0,0.987,-0.013,2.220678,-2.134266,3.318206,3.336174
104,1,-0.01,0.991,-0.682706,0.643968,3.237505,4.299178
105,0,0.988,-0.012,2.036863,-2.077023,3.402354,3.363295
106,1,-0.011,0.99,-1.188028,1.318666,3.902457,4.065816
107,0,0.988,-0.012,2.027734,-2.013711,3.476608,3.572717
108,0,0.988,-0.012,1.450889,-1.499698,2.950266,2.927336
109,0,0.987,-0.013,1.539753,-1.517897,3.736226,3.320368
110,0,0.992,-0.008,1.526796,-1.217166,4.504563,3.836601
111,1,-0.011,0.99,-2.792275,2.582566,4.198627,3.954589
112,0,0.99,-0.01,0.110569,-0.932092,4.05751,3.389396
113,1,-0.013,0.988,-2.206695,2.44079,3.249953,3.658034
114,0,0.993,-0.007,1.216462,-1.227466,3.566854,3.964762
115,0,0.992,-0.008,0.361474,-0.83671,4.082967,3.722607
116,0,0.987,-0.013,0.339544,-0.811815,3.423339,3.45595
117,1,-0.005,0.996,-2.618105,3.733465,3.671318,4.69523
118,1,-0.013,0.988,-1.922969,1.986761,3.051761,3.156466
119,1,-0.013,0.988,-1.94184,1.706924,3.429724,3.295168
120,1,-0.008,0.993,-1.595288,2.394933,3.307637,3.938039
121,0,0.988,-0.012,2.17287,-1.351468,3.785153,3.097271
122,0,0.991,-0.009,1.544511,-1.267889,3.35992,3.729645
123,0,0.988,-0.012,1.438282,-1.079306,3.761613,3.091783
124,1,-0.009,0.992,-1.626814,2.130178,3.793886,4.307749
125,1,-0.01,0.991,-1.917895,2.130488,3.952694,3.763508
126,0,0.992,-0.008,1.942592,-1.147037,4.446773,3.234192
127,0,0.989,-0.011,1.186832,-1.221482,3.457277,3.266547
128,1,-0.01,0.991,-1.313372,1.955344,3.018418,4.103304
129,1,-0.007,0.994,-1.723968,2.467647,3.892168,4.372944
130,0,0.992,-0.008,1.710197,-1.375964,4.282369,4.083878
131,0,0.99,-0.01,1.313099,-1.227459,4.016936,3.490426
132,0,0.99,-0.01,1.569345,-1.594663,3.569366,3.565175
133,0,0.988,-0.012,0.569914,-0.857885,3.829837,2.96484
134,1,-0.009,0.992,-1.984792,2.667192,3.365381,4.403211
135,0,0.99,-0.01,0.498423,-1.090897,3.679367,3.709683
136,0,0.99,-0.01,0.617102,-1.127846,3.756119,3.246558
137,1,-0.012,0.989,-2.55422,2.796115,3.567205,3.590846
138,0,0.988,-0.012,0.174981,-0.703191,3.740303,3.5253
139,1,-0.012,0.989,-2.504537,2.487857,3.555614,3.544533
140,0,0.992,-0.008,0.854977,-1.00979,4.071436,4.497722
141,1,-0.014,0.987,-2.13904,1.957056,3.669166,3.342689
142,0,0.99,-0.01,1.271833,-0.818805,3.942671,2.725722
143,0,0.987,-0.013,0.653254,-1.094979,3.127669,3.439899
144,1,-0.01,0.991,-2.771711,2.970538,3.897037,3.893651
145,1,-0.012,0.989,-2.201255,2.614411,3.587587,4.056942
146,0,0.989,-0.011,1.227705,-1.156904,3.553837,3.45385
147,1,-0.013,0.988,-2.2795,2.098996,3.716083,3.539958
148,1,-0.012,0.989,-1.63713,1.865004,3.590482,3.653957
149,1,-0.013,0.988,-1.252005,1.507415,3.190771,3.517425
150,1,-0.009,0.992,-1.201041,1.298695,3.828933,4.185834
151,0,0.988,-0.012,2.281212,-2.48738,3.666974,3.888994
152,1,-0.014,0.987,-0.928748,0.510944,3.183844,3.388598
153,1,-0.014,0.987,-0.79263,0.111416,3.215288,3.016561
154,0,0.989,-0.011,2.371045,-1.942206,3.843272,3.204977
155,0,0.989,-0.011,2.55684,-3.019868,3.694271,4.041886
156,1,-0.012,0.989,-0.855193,0.648082,3.427235,3.846282
157,0,0.988,-0.012,1.789244,-1.716609,3.14881,3.274357
158,0,0.99,-0.01,1.95986,-1.626699,3.612115,3.442009
159,0,0.987,-0.013,1.861062,-1.608855,3.62825,3.452171
160,0,0.987,-0.013,0.960635,-1.063487,3.075916,3.281322
161,0,0.985,-0.015,0.728084,-1.094141,3.287187,3.56673
162,1,-0.01,0.991,-2.13283,2.737242,3.503808,3.662992
163,1,-0.012,0.989,-2.136756,2.237252,3.599952,3.37048
164,0,0.99,-0.01,0.373627,-0.803291,3.975649,3.801612
165,1,-0.014,0.987,-1.566903,1.574617,3.097031,2.612261
166,0,0.99,-0.01,1.080827,-1.111207,3.938121,4.012136
167,1,-0.005,0.996,-2.025926,2.759974,4.733634,4.871471
168,0,0.99,-0.01,1.651861,-1.189856,4.492851,3.944981
169,1,-0.012,0.989,-1.421274,1.981286,2.733662,3.481139
170,0,0.987,-0.013,1.099488,-1.010499,3.173537,2.975893
171,1,-0.009,0.992,-1.597883,2.122213,3.705815,3.984488
172,1,-0.01,0.991,-1.261732,1.558075,3.525193,3.604402
173,0,0.988,-0.012,1.514032,-1.260988,3.402989,2.637001
174,1,-0.01,0.991,-1.077499,1.285158,3.56529,4.185861
175,0,0.995,-0.005,2.675593,-1.333048,4.978621,2.617443
176,0,0.989,-0.011,1.914368,-1.07749,4.383388,2.83461
177,0,0.989,-0.011,1.426533,-1.516675,3.365699,3.382622
178,0,0.99,-0.01,0.835085,-1.158555,3.424262,3.878722
179,1,-0.012,0.989,-2.311892,2.265512,3.345572,3.694164
180,0,0.989,-0.011,0.264671,-1.039486,4.294622,3.751526
181,0,0.987,-0.013,0.208312,-0.940592,3.633588,3.475112
182,1,-0.01,0.991,-2.406378,2.501894,3.929621,4.297449
183,0,0.991,-0.009,0.757292,-0.922965,3.674253,3.41772
184,1,-0.014,0.987,-2.236655,2.109562,3.304043,3.306559
185,0,0.989,-0.011,0.461587,-0.985853,3.646912,3.259023
186,0,0.987,-0.013,0.425544,-0.992388,4.132733,3.834917
187,1,-0.014,0.987,-1.887393,1.937628,3.354524,3.229109
188,0,0.989,-0.011,0.876629,-0.891934,3.898474,3.175296
189,0,0.99,-0.01,1.262439,-1.013779,3.614699,3.034758
190,1,-0.012,0.989,-2.386801,2.64166,3.989402,3.602853
191,1,-0.01,0.991,-1.571898,2.369397,3.079938,4.071224
192,0,0.988,-0.012,1.004622,-0.913068,3.43448,2.591363
193,0,0.987,-0.013,1.09132,-0.971348,3.503212,3.393296
194,0,0.988,-0.012,0.693252,-0.713989,3.997905,3.429929
195,0,0.991,-0.009,0.476573,-0.695955,4.360885,3.220676
196,0,0.991,-0.009,0.742631,-0.866763,3.784922,3.597141
197,1,-0.008,0.993,-2.055058,2.240361,2.959122,3.363317
198,0,0.99,-0.01,0.162131,-0.505274,4.112722,3.601104
199,0,0.988,-0.012,-0.287943,-0.518094,3.646096,3.113377
200,1,-0.008,0.993,-2.171739,2.751504,3.566848,4.385327
201,1,-0.013,0.988,-2.205521,2.421447,3.382818,3.446024
202,1,-0.009,0.992,-2.051096,2.787826,4.086368,3.855875
203,0,0.991,-0.009,1.920684,-1.044198,4.153486,3.240659
204,0,0.992,-0.008,2.305051,-0.864692,4.546051,3.309801
205,0,0.988,-0.012,1.051225,-0.728353,4.274339,3.220687
206,0,0.986,-0.014,0.908724,-1.022602,3.071864,3.190777
207,1,-0.013,0.988,-2.037368,2.096366,3.388054,3.107332
208,1,-0.012,0.989,-2.053421,2.888073,3.24024,3.881261
209,0,0.992,-0.008,1.671617,-1.078043,4.155776,3.790938
210,0,0.991,-0.009,1.1138,-0.889566,4.600885,3.72044
211,0,0.988,-0.012,0.212856,-0.618489,3.76272,3.093447
212,1,-0.013,0.988,-2.254477,2.289936,3.55305,3.532917
213,1,-0.009,0.992,-1.919848,2.966523,3.279036,3.87529
214,0,0.99,-0.01,0.704644,-0.804429,3.898925,3.224561
215,0,0.989,-0.011,0.832121,-0.993532,3.248207,3.491392
216,1,-0.011,0.99,-2.665423,2.068928,4.130967,3.223895
217,1,-0.011,0.99,-2.073214,2.394937,3.979229,4.248134
218,0,0.99,-0.01,1.093997,-1.35725,3.391928,3.946966
219,0,0.991,-0.009,1.451062,-1.262192,4.5911,4.04328
220,1,-0.013,0.988,-2.337136,1.874367,3.59651,3.090446
221,1,-0.008,0.993,-2.184184,2.449846,4.230048,4.267919
222,1,-0.01,0.991,-1.618635,1.828099,3.402625,4.04117
223,0,0.99,-0.01,1.68533,-1.385923,3.803282,3.192488
224,0,0.995,-0.005,2.234093,-1.873263,4.637753,4.452426
225,0,0.991,-0.009,1.357883,-1.489066,4.079806,4.0594
226,0,0.99,-0.01,1.368365,-1.132414,4.195231,3.188534
227,0,0.988,-0.012,0.5956,-0.98132,3.796893,3.358365
228,0,0.988,-0.012,0.148323,-0.770496,3.48734,3.186031
229,0,0.991,-0.009,0.280472,-0.858092,3.842913,3.71124
230,1,-0.01,0.991,-3.006673,3.088401,3.655931,3.779858
231,0,0.988,-0.012,-0.355267,-0.469588,3.706738,3.048621
232,0,0.988,-0.012,-0.32763,-0.460511,3.822691,3.548065
233,1,-0.008,0.993,-2.732647,3.561273,4.033664,4.326157
234,0,0.992,-0.008,0.930753,-0.524763,4.480183,3.196737
235,1,-0.014,0.987,-2.446196,2.570185,3.406839,3.446954
236,1,-0.009,0.992,-2.335146,2.931763,4.143403,4.152322
237,0,0.986,-0.014,0.809421,-0.765806,2.906016,3.191241
238,0,0.987,-0.013,0.960968,-0.68656,3.268367,2.921295
239,0,0.988,-0.012,1.094048,-0.845183,4.021386,3.843493
240,1,-0.012,0.989,-1.778365,2.839781,2.982652,3.698168
241,0,0.992,-0.008,1.011883,-0.579699,4.770089,2.943908
242,1,-0.011,0.99,-2.24624,2.954776,3.756002,4.061472
243,0,0.99,-0.01,1.027472,-0.910841,4.077348,3.426054
244,1,-0.012,0.989,-2.023905,2.455055,3.692449,3.702001
245,1,-0.01,0.991,-2.073342,2.574114,4.102636,4.306972
246,1,-0.013,0.988,-1.727187,1.844987,3.565553,3.534131
247,1,-0.012,0.989,-1.067361,1.397655,3.028069,3.713521
248,0,0.988,-0.012,1.546205,-1.494722,3.58283,3.420075
249,1,-0.01,0.991,-1.377411,1.356403,4.015922,3.573097
250,0,0.987,-0.013,1.852415,-1.729641,3.525321,3.322371
251,1,-0.01,0.991,-1.511113,1.427856,4.328312,4.1828
252,0,0.986,-0.014,1.856751,-2.112821,3.157642,3.158178
253,1,-0.012,0.989,-1.072523,1.000187,3.151307,3.175721
254,0,0.995,-0.005,2.946074,-2.709392,4.611516,4.829114
255,0,0.99,-0.01,1.604177,-1.667645,3.452272,3.595353
256,1,-0.011,0.99,-1.308983,0.93398,3.569725,3.575045
257,1,-0.009,0.992,-1.440159,1.284104,3.968604,3.848755
258,1,-0.014,0.987,-1.446276,0.662589,3.432707,3.339358
259,0,0.989,-0.011,2.22352,-2.280782,3.698127,3.363851
260,0,0.99,-0.01,2.087118,-1.767797,3.47063,3.303511
261,1,-0.011,0.99,-1.300852,0.99395,3.351968,3.433418
262,1,-0.01,0.991,-1.338087,0.545996,3.877804,4.022552
263,0,0.991,-0.009,2.429565,-2.430644,4.242299,4.170357
264,1,-0.008,0.993,-1.191618,1.389669,3.605293,4.055756
265,0,0.992,-0.008,2.555646,-1.43426,4.475564,2.830001
266,1,-0.011,0.99,-1.24681,1.001509,3.393753,3.633705
267,1,-0.01,0.991,-0.98482,0.486114,3.296116,3.107806
268,0,0.993,-0.007,2.728392,-2.237754,4.05476,3.31155
269,0,0.99,-0.01,2.218383,-2.35566,3.826725,3.661393
270,1,-0.011,0.99,-1.338665,1.064066,3.622481,4.045836
271,1,-0.009,0.992,-1.275541,0.952102,4.032339,3.882093
272,0,0.989,-0.011,1.970504,-2.178112,3.530944,3.381487
273,1,-0.008,0.993,-1.317244,1.175575,3.764465,4.152885
274,0,0.995,-0.005,2.989638,-2.556632,4.875127,3.958071
275,1,-0.009,0.992,-1.17801,0.774647,3.992719,3.658254
276,1,-0.01,0.991,-1.215471,0.216339,3.744126,3.974052
277,0,0.991,-0.009,2.538333,-2.474658,4.220865,4.114631
278,1,-0.013,0.988,-1.238265,0.368152,3.693462,3.604102
279,1,-0.012,0.989,-0.993489,0.20937,3.811278,3.628267
280,1,-0.01,0.991,-0.727221,0.617923,2.998267,3.866797
281,0,0.99,-0.01,2.835071,-2.207788,4.156089,3.210683
282,1,-0.013,0.988,-1.209912,0.841206,3.882254,3.623251
283,1,-0.013,0.988,-0.897001,0.463501,3.446077,2.571543
284,1,-0.009,0.992,-0.588515,-0.020512,3.380863,3.939195
285,0,0.988,-0.012,2.249769,-2.18265,3.5061,3.489094
286,1,-0.006,0.995,-0.745361,1.12337,3.456541,4.584427
287,1,-0.011,0.99,-0.858309,0.686166,3.559901,3.616859
288,1,-0.012,0.989,-0.776256,-0.163709,3.705757,3.903193
289,1,-0.01,0.991,-0.511157,0.343616,3.168601,3.930331
290,0,0.994,-0.006,3.786958,-2.414963,4.716269,3.471254
291,1,-0.013,0.988,-0.712466,0.252567,3.165194,3.716256
292,0,0.99,-0.01,2.866463,-2.602951,3.731113,3.382803
293,0,0.99,-0.01,3.0546,-1.884936,4.239051,2.863418
294,0,0.992,-0.008,2.588093,-2.275467,3.670231,3.576179
295,1,-0.011,0.99,-1.30897,1.050447,4.118926,3.326191
296,1,-0.01,0.991,-0.863627,0.635469,3.390105,3.269335
297,1,-0.011,0.99,-1.266167,1.163242,3.941488,4.005309
298,1,-0.006,0.995,-0.737796,1.237481,3.479462,4.685617
299,0,0.99,-0.01,2.70556,-1.876022,3.988014,2.944003
300,0,0.992,-0.008,2.516625,-2.195774,3.801228,3.337766
301,1,-0.01,0.991,-1.095066,0.726127,3.511495,3.308406
302,0,0.993,-0.007,3.154104,-1.589386,4.755117,2.615064
303,1,-0.013,0.988,-1.098561,0.647816,3.323191,3.646048
304,1,-0.01,0.991,-1.360911,0.815782,3.845631,3.478838
305,0,0.99,-0.01,2.494606,-2.243453,4.409413,3.67049
306,1,-0.014,0.987,-1.076131,0.727526,3.216302,3.068945
307,1,-0.013,0.988,-1.266303,0.819436,3.515525,3.211193
308,1,-0.01,0.991,-0.901198,0.04734,3.897573,3.821656
309,1,-0.016,0.985,-0.604331,-0.379258,3.353392,2.935544
310,0,0.99,-0.01,2.811278,-2.152582,4.055179,3.761117
311,0,0.991,-0.009,2.661272,-1.968182,3.776155,3.244425
312,1,-0.012,0.989,-0.863076,0.8005,3.424914,3.535014
313,0,0.99,-0.01,2.545374,-2.183826,3.906688,3.659155
314,0,0.986,-0.014,2.283284,-1.52959,3.85109,3.030648
315,0,0.993,-0.007,2.0645,-1.757499,4.149826,4.387938
316,1,-0.01,0.991,-1.995744,2.197164,4.032598,4.037582
317,1,-0.012,0.989,-1.564825,1.688455,3.839177,3.67345
318,0,0.986,-0.014,1.097429,-1.305282,3.219767,3.363117
319,0,0.992,-0.008,1.867105,-1.178877,4.326313,3.263834
320,0,0.986,-0.014,0.901838,-0.885173,3.132231,2.747133
321,0,0.99,-0.01,0.675395,-0.816462,4.469107,3.391617
322,1,-0.011,0.99,-2.783254,2.695149,3.648811,3.391744
323,0,0.986,-0.014,0.402915,-0.7906,3.060854,2.865169
324,1,-0.011,0.99,-1.817671,2.501906,3.023891,3.832973
325,1,-0.01,0.991,-2.261425,2.551348,3.734651,3.879907
326,1,-0.011,0.99,-1.753008,2.180734,3.559083,3.577067
327,1,-0.012,0.989,-1.681803,1.896454,3.542609,3.424357
328,0,0.991,-0.009,2.191906,-1.37318,4.297441,3.520407
329,1,-0.012,0.989,-1.49159,1.510691,4.070943,3.225361
330,0,0.99,-0.01,2.200413,-1.323139,4.102055,3.176554
331,1,-0.008,0.993,-1.660416,2.336594,4.329823,4.335076
332,1,-0.012,0.989,-1.096424,1.616907,3.267458,3.595994
333,1,-0.012,0.989,-1.206694,0.895994,3.903989,3.798147
334,1,-0.009,0.992,-1.119113,1.086851,4.042516,3.541354
335,0,0.988,-0.012,2.046665,-2.46139,3.105959,3.425891
336,0,0.989,-0.011,2.377209,-1.749359,4.110117,3.0965
337,1,-0.014,0.987,-0.897131,0.592741,3.05906,3.295761
338,1,-0.011,0.99,-0.775204,0.111521,3.623774,3.430558
339,1,-0.014,0.987,-0.951169,0.457372,3.374771,2.336524
340,0,0.989,-0.011,2.030315,-1.956146,3.603212,3.825484
341,0,0.991,-0.009,1.89317,-2.000511,3.008935,3.4591
342,0,0.992,-0.008,2.704067,-1.894516,4.335644,3.577767
343,0,0.989,-0.011,2.009169,-1.311558,4.063714,3.021321
344,1,-0.012,0.989,-1.454595,1.813517,3.411048,3.61723
345,0,0.988,-0.012,1.468469,-1.696136,3.33619,3.771807
346,0,0.99,-0.01,1.026928,-1.053774,4.348724,3.92228
347,0,0.989,-0.011,0.744527,-0.988535,3.134845,3.304398
348,0,0.991,-0.009,0.597764,-0.987474,4.253326,3.899793
349,1,-0.011,0.99,-2.946186,3.032671,3.993832,4.3696
350,0,0.988,-0.012,-0.028607,-0.779746,3.458111,3.186488
351,1,-0.008,0.993,-2.762664,2.697409,4.098132,3.596375
352,1,-0.011,0.99,-2.369361,2.784041,3.872322,4.010565
353,1,-0.013,0.988,-1.626117,1.929344,3.422815,3.436783
354,0,0.989,-0.011,1.372354,-1.139506,3.907265,3.286371
355,1,-0.01,0.991,-1.204479,2.022154,3.637532,4.262029
356,1,-0.014,0.987,-1.38871,1.444652,3.524924,3.326922
357,0,0.987,-0.013,1.592823,-1.103451,3.518118,2.887809
358,0,0.99,-0.01,1.556283,-1.226011,2.989656,3.16295
359,0,0.987,-0.013,1.320447,-0.893335,4.138085,2.825462
360,1,-0.011,0.99,-1.43452,1.749349,3.867676,3.578971
361,0,0.989,-0.011,1.510024,-1.352861,3.592558,3.734592
362,1,-0.007,0.994,-2.670058,3.172201,4.580446,4.36334
363,1,-0.011,0.99,-1.302829,1.964869,2.978638,3.556978
364,0,0.99,-0.01,1.289429,-1.108778,4.045197,3.114758
365,0,0.995,-0.005,2.916779,-1.706446,5.055126,4.79764
366,0,0.987,-0.013,0.491859,-0.829943,3.057909,3.156453
367,1,-0.009,0.992,-2.2704,2.726552,4.127178,4.222839
368,0,0.989,-0.011,0.734078,-0.819336,3.879991,3.212075
369,0,0.99,-0.01,0.944255,-1.350933,3.568842,3.872205
370,0,0.989,-0.011,0.770249,-0.861551,3.158637,3.402423
371,1,-0.01,0.991,-2.017877,2.681367,3.21259,3.736522
372,0,0.992,-0.008,0.884966,-0.870445,4.034029,3.424167
373,0,0.99,-0.01,0.925214,-1.15435,4.088709,3.968103
374,0,0.988,-0.012,0.262033,-0.70049,3.736701,3.499183
375,1,-0.011,0.99,-2.797265,3.335443,3.456389,4.252919
376,0,0.988,-0.012,-0.000153,-0.618489,3.649594,3.309888
377,1,-0.012,0.989,-2.53969,2.922151,3.507022,4.017577
378,1,-0.011,0.99,-2.45605,2.813137,3.848952,4.119473
379,0,0.988,-0.012,0.303668,-0.692148,3.321188,3.274777
380,1,-0.008,0.993,-2.500424,3.159092,4.487405,4.178026
381,0,0.99,-0.01,1.610842,-1.316256,3.829897,4.009243
382,0,0.995,-0.005,1.692275,-1.262426,4.130887,4.373825
383,0,0.99,-0.01,1.193351,-1.009925,3.98904,3.869656
384,1,-0.007,0.994,-2.123194,3.27023,3.632948,4.323215
385,0,0.988,-0.012,0.372401,-0.757465,4.161258,3.07835
386,1,-0.01,0.991,-2.262054,2.977482,3.466315,3.918877
387,1,-0.011,0.99,-2.091745,2.230349,3.755854,3.817742
388,0,0.989,-0.011,1.214081,-0.994457,3.569723,3.13146
389,0,0.987,-0.013,0.455417,-0.853172,3.520046,3.26179
390,0,0.991,-0.009,1.324772,-1.202187,3.702003,3.973766
391,0,0.991,-0.009,0.856214,-0.803311,3.909817,3.047089
392,0,0.989,-0.011,1.003044,-1.0042,3.844604,3.418231
393,0,0.992,-0.008,0.167136,-0.540517,4.396198,3.132767
394,1,-0.012,0.989,-2.827517,2.929758,3.447811,3.847897
395,1,-0.011,0.99,-2.475507,2.698977,3.252916,3.677437
396,0,0.994,-0.006,0.555841,-0.760168,4.87651,4.08571
397,1,-0.011,0.99,-2.443832,2.682808,3.453232,3.718087
398,0,0.988,-0.012,0.267499,-0.82129,3.582819,3.381124
399,0,0.989,-0.011,0.218982,-0.66512,3.444419,2.978692
400,1,-0.01,0.991,-2.992968,2.797427,4.412712,3.953411
401,1,-0.009,0.992,-1.887149,2.757466,3.480393,4.139845
402,0,0.991,-0.009,1.651387,-0.828033,4.464585,2.98748
403,0,0.994,-0.006,2.000761,-1.164809,4.751517,3.578843
404,1,-0.01,0.991,-2.250695,2.515769,4.103984,3.817589
405,1,-0.01,0.991,-1.741378,2.437661,3.630195,4.168096
406,1,-0.009,0.992,-1.514475,2.172917,3.59672,4.126644
407,0,0.989,-0.011,1.666651,-1.295817,4.012513,3.458414
408,1,-0.012,0.989,-1.534626,1.734847,3.423024,3.554131
409,1,-0.009,0.992,-1.662475,2.127888,3.776847,4.02477
410,1,-0.013,0.988,-1.335313,0.840469,3.826789,3.004841
411,1,-0.013,0.988,-0.984198,0.620125,3.412186,3.946356
412,1,-0.008,0.993,-0.974554,0.621327,3.772535,4.106353
413,1,-0.006,0.995,-0.915007,-0.158576,4.597808,4.311949
414,0,0.988,-0.012,2.842465,-2.791287,3.886069,3.139436
415,0,0.987,-0.013,2.174549,-3.354584,3.210351,3.840896
416,1,-0.01,0.991,-0.986587,0.12199,4.038127,3.985028
417,0,0.992,-0.008,2.95689,-3.292679,3.986909,4.134173
418,0,0.989,-0.011,2.311844,-2.222169,3.696828,3.610148
419,1,-0.013,0.988,-0.904097,0.447564,3.515131,3.502938
420,1,-0.007,0.994,-1.203072,1.456777,4.456355,4.202147
421,1,-0.013,0.988,-1.112845,0.827761,4.054985,3.797228
422,1,-0.01,0.991,-1.011503,1.203794,3.542505,4.207391
423,1,-0.01,0.991,-0.885579,0.635331,3.535105,4.378366
424,1,-0.012,0.989,-0.778731,0.299419,3.22859,3.924181
425,0,0.987,-0.013,2.507099,-2.261276,3.691365,2.802268
426,1,-0.012,0.989,-0.733866,-0.590844,3.753918,3.912287
427,0,0.992,-0.008,3.036585,-2.907333,3.912338,4.011461
428,0,0.985,-0.015,2.001678,-1.761617,3.308113,2.792929
429,0,0.988,-0.012,2.238609,-1.699587,3.622177,3.017889
430,1,-0.01,0.991,-0.967302,1.222308,3.62604,3.836112
431,0,0.988,-0.012,1.741018,-1.53738,3.389488,3.317336
432,0,0.989,-0.011,2.25,-1.692247,3.808246,3.569716
433,0,0.991,-0.009,1.800372,-1.519173,4.01409,3.891868
434,1,-0.01,0.991,-1.513485,2.330807,3.58556,4.200769
435,1,-0.011,0.99,-1.55256,2.230534,3.388928,4.184261
436,1,-0.01,0.991,-1.331208,2.024999,3.71872,4.363685
437,1,-0.008,0.993,-1.672712,2.334018,4.560467,4.481749
438,1,-0.008,0.993,-0.986254,1.752485,3.465245,4.519236
439,0,0.991,-0.009,2.504116,-2.043851,3.712088,3.570716
440,1,-0.01,0.991,-1.227326,1.199133,3.937988,3.755246
441,1,-0.008,0.993,-0.97928,0.96379,4.106429,4.479855
442,0,0.99,-0.01,2.588569,-2.264035,3.926075,3.668446
443,1,-0.013,0.988,-1.053665,0.208551,4.035372,3.612272
444,0,0.986,-0.014,1.572719,-2.036572,2.766082,3.383996
445,1,-0.011,0.99,-1.034344,0.849573,3.471467,4.151361
446,1,-0.011,0.99,-1.126303,0.805735,3.795266,3.746915
447,0,0.99,-0.01,1.835292,-2.276816,2.97946,3.845891
448,1,-0.009,0.992,-0.886184,0.57249,3.487033,4.235032
449,0,0.989,-0.011,2.068637,-2.019902,3.565218,3.412553
450,0,0.989,-0.011,1.82241,-2.077688,3.261401,3.584304
451,1,-0.015,0.986,-0.987209,0.554839,2.953195,3.060442
452,1,-0.012,0.989,-1.346555,1.155376,3.903424,3.959041
453,0,0.99,-0.01,2.271428,-1.969309,4.086419,3.368579
454,0,0.989,-0.011,1.970245,-1.754138,3.628123,3.29477
455,1,-0.012,0.989,-1.086086,0.767874,3.558098,3.172451
456,0,0.992,-0.008,2.419121,-1.873001,4.285658,3.949301
457,0,0.992,-0.008,2.097219,-1.414384,4.346949,3.207129
458,1,-0.008,0.993,-1.711987,2.36572,3.853561,4.385462
459,0,0.991,-0.009,1.559902,-1.2723,4.205255,3.428444
460,0,0.992,-0.008,1.785881,-1.463139,4.600951,4.246124
461,1,-0.01,0.991,-1.917223,2.041417,3.644156,3.533143
462,0,0.989,-0.011,1.312269,-1.441921,3.80918,3.756468
463,1,-0.014,0.987,-1.772513,1.458003,3.177836,3.129956
464,0,0.989,-0.011,1.013501,-1.332582,3.347519,3.562574
465,1,-0.012,0.989,-2.188382,2.088691,3.512962,3.468791
466,0,0.99,-0.01,1.054453,-1.152039,4.093146,3.656169
467,0,0.99,-0.01,0.768057,-1.087683,3.563461,3.688728
468,1,-0.006,0.995,-2.141028,2.852463,3.613329,4.696115
469,1,-0.012,0.989,-1.927536,1.95171,3.318504,3.264072
470,0,0.989,-0.011,0.880482,-1.320865,3.71004,4.130111
471,0,0.992,-0.008,1.569615,-1.372879,3.942741,3.933061
472,0,0.992,-0.008,0.861718,-1.073172,4.140547,3.474029
473,1,-0.008,0.993,-2.958714,2.939399,4.30919,4.012695
474,1,-0.007,0.994,-2.289545,3.000642,3.8585,4.268353
475,0,0.989,-0.011,0.250168,-0.810047,3.635317,3.269218
476,1,-0.012,0.989,-2.488087,2.012694,3.86076,3.459133
477,1,-0.01,0.991,-1.601947,1.758668,3.571384,3.466862
478,0,0.989,-0.011,1.435431,-1.198104,3.981198,3.048594
479,1,-0.011,0.99,-1.576109,1.524588,3.732022,3.89794
480,1,-0.009,0.992,-1.617734,2.12213,3.985249,4.339645
481,1,-0.015,0.986,-1.073848,0.784123,3.15405,3.353072
482,0,0.988,-0.012,2.163131,-1.681042,3.726331,2.867702
483,0,0.989,-0.011,2.318405,-2.467565,3.768273,3.843641
484,0,0.989,-0.011,2.139514,-1.564878,3.817572,2.989634
485,1,-0.012,0.989,-1.193594,0.724347,3.922349,3.355407
486,0,0.987,-0.013,1.751856,-1.496904,3.76265,2.90058
487,1,-0.01,0.991,-1.325584,1.600407,3.550388,3.951658
488,1,-0.01,0.991,-1.62281,1.380926,4.173687,3.924899
489,1,-0.012,0.989,-1.462536,1.149662,3.753319,3.352935
490,1,-0.01,0.991,-1.08137,1.265802,3.65494,4.166843
491,1,-0.012,0.989,-1.109587,0.417192,4.212349,3.715585
492,1,-0.012,0.989,-0.703267,-0.116923,3.342079,2.9107
493,0,0.985,-0.015,1.736179,-1.959362,2.805256,2.803952
494,1,-0.013,0.988,-0.596765,-0.303863,3.345392,3.684402
495,0,0.988,-0.012,2.593703,-2.082015,3.849795,3.230381
496,0,0.99,-0.01,2.76303,-1.895835,4.303533,3.262022
497,0,0.993,-0.007,3.073467,-1.913098,4.631409,3.233792
498,1,-0.014,0.987,-0.88962,0.78785,3.162124,3.179142
499,1,-0.012,0.989,-0.936587,1.266979,3.059879,3.697985
500,0,0.992,-0.008,2.57352,-2.108722,4.310254,4.352273
501,1,-0.009,0.992,-0.990336,1.541042,3.878185,4.439322
502,0,0.995,-0.005,3.194859,-2.113469,4.785751,4.652931
503,1,-0.014,0.987,-1.200773,0.807732,3.64472,3.128711
504,1,-0.014,0.987,-0.988448,0.924072,3.038543,3.417279
505,0,0.988,-0.012,1.879843,-1.95666,3.37075,3.448218
506,0,0.988,-0.012,2.097594,-1.616012,3.800403,3.096057
507,1,-0.011,0.99,-1.576566,1.610388,4.410595,4.469337
508,1,-0.012,0.989,-1.387886,1.30298,3.840141,3.540846
509,0,0.994,-0.006,2.562324,-1.63163,4.23698,3.28772
510,1,-0.014,0.987,-1.135992,0.715594,3.380283,3.160142
511,0,0.986,-0.014,2.039412,-1.517844,3.768503,2.572201
512,0,0.995,-0.005,3.096533,-1.337662,4.869737,2.897949
513,1,-0.012,0.989,-1.217388,1.047572,3.371151,3.66748
514,1,-0.012,0.989,-1.00383,0.495237,3.064188,3.366
515,0,0.989,-0.011,1.927896,-1.999914,3.724655,3.666334
516,1,-0.009,0.992,-1.404689,1.538512,3.977423,4.524251
517,0,0.989,-0.011,1.93465,-1.476737,3.753718,3.052588
518,0,0.986,-0.014,1.540658,-1.770112,3.516212,3.380973
519,1,-0.012,0.989,-1.416396,1.5785,3.428565,4.228573
520,0,0.994,-0.006,2.232708,-1.883362,4.428981,4.28543
521,1,-0.014,0.987,-1.511646,1.374354,3.469294,3.433146
522,0,0.99,-0.01,1.445994,-1.444065,3.876697,3.406518
523,0,0.987,-0.013,0.881814,-1.245979,3.724836,3.340221
524,1,-0.012,0.989,-2.069487,1.661795,3.944469,3.483208
525,0,0.99,-0.01,0.842976,-1.20742,3.574557,3.778418
526,1,-0.014,0.987,-1.650785,1.528952,3.389451,3.569578
527,1,-0.01,0.991,-1.664403,1.711852,3.704327,3.951334
528,0,0.992,-0.008,1.652351,-1.185163,4.217219,3.342896
529,1,-0.013,0.988,-1.712809,1.396198,3.590279,3.036546
530,0,0.989,-0.011,1.584339,-1.760454,3.52687,3.738558
531,0,0.99,-0.01,1.875199,-1.320702,4.146219,3.252965
532,0,0.992,-0.008,1.550969,-1.716957,4.464603,4.482037
533,0,0.992,-0.008,1.057644,-0.919331,4.631415,3.126824
534,0,0.998,-0.002,1.344158,-1.31114,5.199901,5.017618
535,0,0.989,-0.011,-0.041298,-0.670954,4.308573,3.157895
536,0,0.987,-0.013,-0.64667,-0.777031,3.150544,3.294058
537,0,0.988,-0.012,-0.56369,-0.654939,3.556535,3.706923
538,1,-0.013,0.988,-2.829075,2.419512,3.490065,3.307921
539,0,0.993,-0.007,0.344406,-0.570759,3.95093,4.459672
540,1,-0.009,0.992,-2.497564,3.032399,3.331986,3.812159
541,0,0.993,-0.007,0.468138,-0.300802,4.545765,3.208707
542,1,-0.011,0.99,-2.142372,2.652308,3.833416,3.461149
543,1,-0.011,0.99,-2.430642,2.656932,3.980265,3.497799
544,1,-0.008,0.993,-1.915294,2.972081,3.582361,4.034
545,1,-0.008,0.993,-1.560445,2.605147,3.739183,4.188705
546,1,-0.008,0.993,-1.360636,2.510809,3.460332,4.445557
547,0,0.989,-0.011,1.977835,-1.478091,3.678201,3.652524
548,1,-0.013,0.988,-1.203042,1.526954,3.53408,3.409258
549,0,0.988,-0.012,1.90801,-1.149361,3.763558,2.952304
550,1,-0.013,0.988,-0.895011,0.968756,2.959684,3.515159
551,0,0.989,-0.011,1.868936,-1.741414,3.707891,4.043387
552,0,0.995,-0.005,3.271073,-1.774654,4.755673,4.361876
553,1,-0.012,0.989,-1.457451,1.87008,3.414272,3.405113
554,1,-0.011,0.99,-1.063812,1.585272,3.150748,3.730977
555,0,0.986,-0.014,1.84627,-1.680287,3.465331,3.428326
556,0,0.989,-0.011,1.980033,-1.37657,3.586123,3.546541
557,1,-0.007,0.994,-1.351799,2.12321,3.940608,3.655759
558,0,0.995,-0.005,2.944906,-1.263775,4.843683,3.980774
559,0,0.99,-0.01,1.88918,-1.334631,3.970225,3.490762
560,0,0.992,-0.008,2.364776,-1.380853,4.244989,3.869796
561,1,-0.009,0.992,-1.356666,2.705231,3.372373,4.493284
562,0,0.988,-0.012,1.511892,-1.520634,3.339951,3.702176
563,0,0.987,-0.013,1.132164,-1.257196,3.293012,3.766788
564,1,-0.011,0.99,-1.720613,2.258535,3.566961,3.60624
565,0,0.991,-0.009,1.360517,-1.183934,3.785872,3.952842
566,0,0.989,-0.011,0.939357,-0.79143,4.249075,3.574419
567,0,0.989,-0.011,0.502017,-0.732073,3.84846,3.301242
568,1,-0.01,0.991,-3.038342,2.372636,4.143993,3.243354
569,1,-0.012,0.989,-1.96684,1.690903,3.633177,3.277766
570,1,-0.015,0.986,-2.324235,2.096459,3.354781,3.351929
571,1,-0.011,0.99,-1.758619,1.940742,3.547532,3.259523
572,1,-0.013,0.988,-1.641138,1.128257,3.556071,2.954123
573,0,0.991,-0.009,2.55775,-1.632397,4.553736,3.924415
574,1,-0.009,0.992,-1.719835,2.014194,4.070843,3.851219
575,0,0.992,-0.008,1.74586,-1.45022,3.580889,3.952621
576,0,0.987,-0.013,1.444106,-1.237687,3.495147,3.249665
577,1,-0.01,0.991,-1.215673,1.788032,2.840151,3.845405
578,0,0.989,-0.011,1.161269,-1.036352,3.633432,3.327559
579,1,-0.01,0.991,-1.524085,1.893138,3.475682,3.837021
580,0,0.988,-0.012,1.451048,-1.320597,3.565628,3.494019
581,1,-0.013,0.988,-1.634023,1.562865,3.370408,3.143333
582,0,0.985,-0.015,1.017629,-1.133166,3.531383,3.376547
583,1,-0.013,0.988,-1.225434,1.233077,3.243433,3.87924
584,1,-0.009,0.992,-1.364493,1.714459,3.695977,3.688673
585,0,0.988,-0.012,1.442549,-1.766096,3.231577,3.795606
586,1,-0.014,0.987,-1.327957,0.856262,3.373497,3.0683
587,0,0.993,-0.007,2.433494,-1.60485,4.687194,4.275692
588,0,0.991,-0.009,1.775659,-1.167331,4.011646,3.267476
589,1,-0.012,0.989,-1.736467,1.906658,3.492402,3.388206
590,1,-0.009,0.992,-1.506375,1.45862,3.817032,3.940982
591,0,0.99,-0.01,1.969714,-1.676589,4.133963,3.464331
592,0,0.988,-0.012,1.552449,-0.989972,3.66579,3.000099
593,1,-0.01,0.991,-1.260906,1.078445,3.59255,3.400343
594,0,0.991,-0.009,1.65997,-1.221809,4.000664,3.860045
595,1,-0.013,0.988,-1.34897,1.389358,3.170576,3.169623
596,0,0.985,-0.015,0.929723,-1.336415,3.329909,3.55279
597,1,-0.016,0.985,-1.336579,0.943917,3.301541,3.116135
598,0,0.99,-0.01,1.651421,-1.379375,3.707967,3.747547
599,1,-0.009,0.992,-1.202011,1.854552,3.512597,3.641556
600,0,0.99,-0.01,1.641793,-1.383495,3.895743,4.442646
601,1,-0.01,0.991,-1.756021,2.995684,3.297092,4.186913
602,1,-0.009,0.992,-1.130182,1.740255,3.213593,3.891263
603,0,0.988,-0.012,1.372852,-1.732295,3.702926,3.832143
604,1,-0.011,0.99,-1.53028,1.335592,3.401944,3.467854
605,1,-0.012,0.989,-1.221762,1.665928,3.210603,3.662169
606,0,0.988,-0.012,1.887617,-1.505467,3.472465,3.097765
607,0,0.989,-0.011,2.271669,-1.914788,3.793937,3.166942
608,1,-0.009,0.992,-1.201278,1.848614,3.257363,4.171773
609,1,-0.012,0.989,-1.125287,0.983285,3.285526,3.040031
610,1,-0.012,0.989,-1.005883,0.477151,3.085116,3.127863
611,1,-0.011,0.99,-1.260758,0.719563,3.606148,3.710856
612,1,-0.014,0.987,-0.914748,0.331959,3.138486,3.149272
613,1,-0.011,0.99,-0.583049,-0.133193,2.932259,3.452988
614,1,-0.013,0.988,-0.667657,-0.469934,3.769543,3.742966
615,0,0.991,-0.009,3.523954,-2.519089,4.242277,3.265517
616,1,-0.011,0.99,-0.727224,0.335421,4.027442,3.361069
617,1,-0.01,0.991,-0.578202,-0.085994,3.711919,3.697202
618,0,0.99,-0.01,3.125277,-2.376493,3.774945,3.407886
619,0,0.989,-0.011,2.530098,-2.214827,3.426973,3.656684
620,1,-0.012,0.989,-0.600913,0.383132,3.309537,3.706475
621,1,-0.008,0.993,-0.598059,0.422887,3.186415,3.850498
622,1,-0.013,0.988,-0.716516,0.660974,3.356525,3.331069
623,0,0.988,-0.012,2.470766,-1.911365,3.352545,3.159428
624,1,-0.013,0.988,-0.607765,0.51381,3.094361,3.004897
625,0,0.988,-0.012,2.613333,-1.884616,3.974823,3.13497
626,0,0.989,-0.011,2.261825,-1.690503,3.407212,3.194198
627,0,0.989,-0.011,2.388966,-1.793526,3.53722,3.297593
628,0,0.988,-0.012,2.049612,-1.288131,3.919681,3.389164
629,1,-0.013,0.988,-1.029146,1.743465,3.291197,3.737628
630,0,0.989,-0.011,1.89016,-1.118238,3.920326,3.236952
631,0,0.999,-0.001,2.987682,-1.803646,5.12349,5.212677
632,0,0.989,-0.011,1.251594,-1.206498,3.52928,3.911607
633,1,-0.007,0.994,-1.221145,2.531094,2.911981,4.552283
634,1,-0.011,0.99,-1.80943,2.419076,3.898954,3.759593
635,0,0.987,-0.013,0.622982,-0.777696,3.895056,3.426401
636,1,-0.013,0.988,-1.807304,2.453268,3.447957,3.661717
637,0,0.988,-0.012,1.409112,-1.103452,3.716568,3.314735
638,0,0.989,-0.011,1.086116,-1.045171,3.511762,3.310603
639,1,-0.01,0.991,-1.568844,1.506843,3.872866,3.284657
640,1,-0.008,0.993,-1.97257,2.942373,3.740053,4.534805
641,1,-0.011,0.99,-1.514908,2.283488,3.210592,4.224155
642,1,-0.007,0.994,-1.6002,2.822628,3.82583,4.817626
643,0,0.99,-0.01,2.582823,-1.600314,4.026327,3.285728
644,1,-0.01,0.991,-1.537171,2.506093,3.783941,4.349512
645,1,-0.01,0.991,-1.313888,1.406229,3.887387,3.611324
646,1,-0.014,0.987,-1.003008,1.273412,2.877044,3.236388
647,0,0.988,-0.012,1.9835,-1.836226,3.199191,3.44293
648,1,-0.013,0.988,-0.937323,1.048503,3.24925,3.502829
649,0,0.989,-0.011,2.576714,-2.15992,4.036676,3.299666
650,0,0.989,-0.011,2.552915,-2.292248,4.110204,4.109245
651,0,0.988,-0.012,2.254071,-1.888748,3.305901,3.084306
652,0,0.989,-0.011,1.888345,-1.835667,3.548038,3.770266
653,0,0.991,-0.009,2.058489,-1.664217,3.548087,3.482733
654,1,-0.013,0.988,-1.295598,1.539133,3.540935,3.523793
655,0,0.989,-0.011,1.895939,-1.444266,3.592163,3.579361
656,0,0.989,-0.011,1.530222,-1.156845,3.435921,3.209058
657,1,-0.009,0.992,-1.821251,2.203111,3.763546,3.407377
658,1,-0.012,0.989,-1.547501,1.917487,3.356524,3.309775
659,1,-0.011,0.99,-1.345394,2.0585,3.166397,3.90244
660,1,-0.011,0.99,-1.262163,1.667801,3.308657,3.403912
661,1,-0.011,0.99,-1.012831,1.362959,3.167671,3.558658
662,1,-0.01,0.991,-1.167052,1.12302,3.524266,3.31481
663,0,0.991,-0.009,2.675946,-1.812449,4.0974,3.488528
664,1,-0.011,0.99,-0.779777,0.448018,3.269335,3.48948
665,1,-0.009,0.992,-0.970562,0.520025,3.743301,3.573633
666,0,0.99,-0.01,2.77804,-2.04621,4.104464,3.206794
667,0,0.99,-0.01,2.309283,-2.22781,3.837913,3.546891
668,0,0.991,-0.009,2.774728,-1.834754,3.872365,3.253513
669,0,0.988,-0.012,2.016982,-1.887621,3.612763,3.537309
670,1,-0.009,0.992,-1.290021,1.317184,4.067668,4.15956
671,0,0.988,-0.012,1.77662,-1.248971,3.561326,2.949746
672,0,0.99,-0.01,2.061839,-1.744531,3.698721,3.523383
673,0,0.993,-0.007,2.336827,-2.104358,4.016998,4.583219
674,1,-0.011,0.99,-1.925037,1.942192,4.043523,3.875587
675,1,-0.01,0.991,-1.396779,2.065817,3.338882,4.298886
676,0,0.988,-0.012,1.403648,-1.346599,3.37718,3.611123
677,0,0.989,-0.011,1.381644,-1.202505,3.813686,3.584415
678,0,0.991,-0.009,1.00637,-1.065329,4.128219,3.658552
679,0,0.988,-0.012,0.698139,-0.798694,4.166247,2.812404
680,1,-0.009,0.992,-2.188085,2.421943,3.750077,3.941067
681,0,0.989,-0.011,0.301256,-0.858952,4.027811,3.690761
682,0,0.988,-0.012,0.384082,-0.902415,3.270711,3.133463
683,1,-0.012,0.989,-2.645882,2.90334,3.806267,4.173599
684,1,-0.012,0.989,-1.968425,2.244456,3.241956,3.288393
685,0,0.99,-0.01,1.13262,-0.986093,4.157362,3.537874
686,0,0.985,-0.015,0.143595,-0.776614,2.631768,3.170671
687,0,0.993,-0.007,1.557305,-1.008675,4.497703,3.446944
688,0,0.987,-0.013,0.393381,-0.873002,3.222192,3.048054
689,0,0.988,-0.012,0.098467,-0.668754,3.565161,3.175172
690,0,0.99,-0.01,0.04812,-0.634189,3.234524,3.344343
691,0,0.991,-0.009,0.491267,-0.605486,4.531273,2.91625
692,0,0.989,-0.011,0.1,-0.786245,4.311113,3.77791
693,0,0.99,-0.01,-0.200858,-0.621068,4.164359,3.690179
694,1,-0.013,0.988,-2.963503,2.585728,3.670192,3.228331
695,0,0.99,-0.01,-0.013028,-0.44123,4.121554,3.086881
696,1,-0.012,0.989,-2.369701,2.531743,3.184314,3.183582
697,0,0.99,-0.01,0.231022,-0.494121,3.583289,3.078475
698,0,0.989,-0.011,0.093469,-0.406998,3.93497,3.210965
699,1,-0.011,0.99,-1.97132,3.062225,3.216909,4.208503
700,1,-0.014,0.987,-2.3349,2.399382,3.679881,3.26896
701,0,0.989,-0.011,0.993005,-0.94039,3.137572,3.921804
702,0,0.989,-0.011,1.6524,-1.007977,4.173566,3.310845
703,1,-0.011,0.99,-1.511,2.260351,3.067304,3.681006
704,0,0.993,-0.007,1.290334,-1.054917,4.4767,4.326232
705,1,-0.013,0.988,-1.817923,2.057721,3.410088,3.31618
706,0,0.989,-0.011,1.150178,-0.981348,4.229091,3.584232
707,1,-0.011,0.99,-2.208635,2.606891,3.908094,4.222634
708,1,-0.008,0.993,-2.160198,3.225061,3.792175,4.570302
709,1,-0.012,0.989,-1.422175,1.360237,3.33525,3.465135
710,1,-0.011,0.99,-1.52164,1.728955,3.538653,3.396039
711,0,0.988,-0.012,1.419352,-1.193527,3.305722,3.067618
712,1,-0.01,0.991,-1.448574,2.257228,3.609835,4.555163
713,0,0.993,-0.007,2.396496,-1.577778,4.397255,3.819182
714,0,0.99,-0.01,1.888172,-1.294662,4.205004,3.685343
715,0,0.994,-0.006,2.161988,-2.217894,3.695584,4.470936
716,1,-0.012,0.989,-1.294564,1.407266,3.166951,3.257737
717,1,-0.013,0.988,-1.268682,1.106951,3.061185,3.074616
718,0,0.987,-0.013,1.606988,-1.42727,3.309359,2.971811
719,1,-0.013,0.988,-1.500242,1.686001,3.46054,3.505791
720,1,-0.013,0.988,-1.408151,1.537551,3.136901,3.556041
721,1,-0.015,0.986,-1.16563,0.889313,3.367024,3.08277
722,0,0.988,-0.012,1.69648,-1.474162,3.643889,3.553242
723,0,0.988,-0.012,1.864648,-1.708526,3.410998,3.414379
724,0,0.989,-0.011,2.076612,-1.703607,3.702992,3.403152
725,1,-0.01,0.991,-1.560374,1.656645,4.143509,4.024252
726,1,-0.013,0.988,-1.391488,1.751261,3.527279,3.866344
727,1,-0.013,0.988,-1.383022,1.45,3.72835,3.935916
728,1,-0.013,0.988,-1.241539,0.903014,3.902671,3.275104
729,0,0.989,-0.011,2.229523,-1.797416,3.827796,3.288636
730,0,0.989,-0.011,2.183849,-1.825417,3.612024,3.020502
731,0,0.991,-0.009,2.427269,-2.361063,3.845606,4.138505
732,0,0.988,-0.012,1.801304,-1.4084,3.50885,2.947597
733,0,0.988,-0.012,1.64289,-1.72946,3.53878,3.669081
734,0,0.99,-0.01,1.74546,-1.165056,4.270417,2.984525
735,0,0.988,-0.012,0.975536,-1.295818,3.753013,3.72514
736,0,0.988,-0.012,0.240602,-0.928941,3.659897,3.360852
737,1,-0.014,0.987,-2.752538,1.809686,3.651507,3.041282
738,0,0.99,-0.01,0.02955,-0.829634,3.594278,3.555463
739,1,-0.013,0.988,-2.30394,2.21965,3.285643,3.502778
740,1,-0.012,0.989,-2.08519,2.313705,3.483434,3.7993
741,0,0.991,-0.009,0.749321,-1.216657,3.598859,4.428901
742,1,-0.012,0.989,-2.187644,2.161042,3.549808,3.443712
743,1,-0.01,0.991,-1.598161,1.874498,3.250732,3.34161
744,1,-0.011,0.99,-1.708156,1.926777,3.852794,3.506696
745,1,-0.013,0.988,-1.724157,2.091358,3.506399,3.527895
746,0,0.99,-0.01,2.158181,-1.54001,3.890857,3.654123
747,1,-0.008,0.993,-1.48248,2.080554,3.825143,3.739908
748,1,-0.013,0.988,-1.001751,0.970038,3.159276,3.321002
749,0,0.989,-0.011,2.192945,-1.572884,3.875965,3.424072
750,1,-0.008,0.993,-1.26722,1.634543,4.112309,3.936434
751,0,0.992,-0.008,2.650276,-1.337071,4.436159,3.416345
752,1,-0.01,0.991,-1.325778,2.275366,3.68559,4.521363
753,0,0.99,-0.01,2.52505,-1.878951,4.216183,3.602416
754,0,0.987,-0.013,1.559106,-1.425714,3.146452,3.392119
755,1,-0.013,0.988,-1.236513,1.181761,3.291069,2.674865
756,1,-0.009,0.992,-1.232639,1.646021,3.741551,4.005136
757,1,-0.012,0.989,-1.06814,1.294183,3.238116,3.69569
758,0,0.988,-0.012,2.038159,-1.877834,3.497227,3.564602
759,0,0.988,-0.012,2.162529,-2.325682,3.496784,3.83481
760,1,-0.011,0.99,-1.27549,1.386544,3.883317,3.339138
761,1,-0.007,0.994,-1.081191,1.905476,3.550145,4.710263
762,0,0.99,-0.01,2.394136,-2.351734,4.138264,4.297695
763,0,0.992,-0.008,2.560673,-2.004312,4.198394,4.013535
764,1,-0.014,0.987,-1.065911,0.751655,3.303236,3.300579
765,1,-0.009,0.992,-1.182555,1.155028,3.946607,4.084066
766,0,0.989,-0.011,1.966881,-1.760297,3.513199,3.391959
767,1,-0.011,0.99,-1.193727,1.044313,3.872205,3.750719
768,0,0.99,-0.01,1.857054,-2.248238,3.27092,3.950623
769,0,0.989,-0.011,2.096129,-1.783606,3.777636,3.398556
770,0,0.988,-0.012,1.544259,-1.750308,3.332432,3.492358
771,1,-0.01,0.991,-1.565687,1.733587,3.638005,4.129367
772,0,0.989,-0.011,1.523659,-1.540071,3.728864,3.419305
773,0,0.989,-0.011,1.331707,-1.612078,3.182635,3.355197
774,1,-0.013,0.988,-1.791431,1.096799,3.938775,3.569011
775,0,0.99,-0.01,1.301699,-1.260093,3.951483,3.381594
776,1,-0.008,0.993,-1.8822,2.097927,3.556221,3.783518
777,0,0.987,-0.013,0.789273,-1.226663,3.388096,3.177114
778,0,0.989,-0.011,1.043316,-1.297355,3.963492,3.564536
779,0,0.987,-0.013,0.505851,-1.231606,3.491522,3.361147
780,1,-0.013,0.988,-2.348612,2.078019,3.670053,3.826572
781,1,-0.011,0.99,-2.968355,2.25923,3.955002,3.729834
782,0,0.991,-0.009,0.782366,-1.170865,3.824765,3.555409
783,0,0.989,-0.011,0.17681,-0.926925,3.58777,3.049452
784,0,0.988,-0.012,0.24128,-0.996099,3.979661,3.481922
785,0,0.987,-0.013,0.255825,-0.851351,3.599597,2.860919
786,0,0.987,-0.013,-0.564233,-0.788471,3.658194,3.848341
787,0,0.985,-0.015,-0.398375,-0.435642,3.21545,2.100421
788,1,-0.011,0.99,-2.116771,2.623952,3.749907,3.926069
789,1,-0.013,0.988,-1.827399,2.370695,3.079769,3.173263
790,1,-0.009,0.992,-1.627379,3.225448,3.66751,4.640938
791,1,-0.014,0.987,-1.370854,1.672921,3.505159,3.002775
792,1,-0.01,0.991,-1.507921,2.337509,3.860165,3.858192
793,0,0.988,-0.012,2.178092,-1.054945,3.863089,3.253477
794,0,0.988,-0.012,2.145638,-1.176981,3.465268,3.364844
795,0,0.992,-0.008,2.124947,-1.096071,3.702337,3.685526
796,0,0.989,-0.011,2.294323,-1.19027,3.749005,3.417116
797,0,0.988,-0.012,1.978114,-0.998803,3.7636,3.205249
798,0,0.989,-0.011,1.677408,-0.831011,3.53462,2.974629
799,0,0.988,-0.012,1.119708,-0.740139,3.532082,3.345921
800,0,0.986,-0.014,0.39976,-0.578617,2.982293,3.350907
801,1,-0.012,0.989,-1.761527,2.606227,3.292513,3.622301
802,1,-0.013,0.988,-2.252839,2.121409,3.871535,2.980339
803,1,-0.011,0.99,-1.992486,2.923594,3.454532,3.920889
804,0,0.987,-0.013,0.658288,-0.722581,3.329961,3.462682
805,0,0.99,-0.01,1.175112,-0.78209,3.832499,3.29066
806,0,0.989,-0.011,0.995015,-0.839206,3.927243,3.442939
807,0,0.986,-0.014,0.826701,-0.791762,3.620876,2.980879
808,0,0.99,-0.01,0.386642,-0.743111,3.758039,3.419224
809,1,-0.013,0.988,-2.552174,2.551988,3.798192,3.680889
810,1,-0.009,0.992,-2.463373,2.806943,3.831553,3.809129
811,1,-0.013,0.988,-1.740872,2.232721,2.934039,3.420567
812,1,-0.008,0.993,-2.148009,3.269304,3.82144,4.474338
813,0,0.989,-0.011,1.11616,-0.916747,3.743671,3.163686
814,1,-0.012,0.989,-1.631634,1.865743,3.636926,3.382286
815,0,0.989,-0.011,1.388193,-0.937142,4.018106,3.35141
816,0,0.992,-0.008,2.007887,-1.490561,4.59993,4.558496
817,0,0.987,-0.013,0.749294,-1.059424,3.06686,3.498511
818,0,0.988,-0.012,0.55224,-0.848408,3.463014,3.508354
819,1,-0.014,0.987,-2.048718,2.341908,3.425896,3.655847
820,1,-0.014,0.987,-2.056257,1.960193,3.275417,3.347432
821,0,0.985,-0.015,0.326111,-1.000176,2.504111,3.745831
822,0,0.99,-0.01,0.659626,-0.785188,4.038344,3.190908
823,1,-0.013,0.988,-1.924363,2.43454,3.108495,3.782596
824,0,0.991,-0.009,0.898124,-0.885029,3.765341,3.410627
825,1,-0.013,0.988,-1.639034,2.042507,3.189178,3.643296
826,1,-0.008,0.993,-2.280699,2.528976,4.080809,3.700403
827,0,0.987,-0.013,0.752938,-0.854354,3.384246,2.966972
828,0,0.986,-0.014,0.721941,-1.007302,3.440759,3.449548
829,0,0.989,-0.011,0.802785,-0.941485,3.754815,3.22522
830,1,-0.013,0.988,-1.871552,1.832083,3.391266,3.09337
831,0,0.992,-0.008,1.414154,-1.368457,3.499915,3.924058
832,0,0.985,-0.015,0.143498,-0.637963,3.358616,2.683664
833,0,0.993,-0.007,1.206375,-1.057577,4.236454,4.209959
834,1,-0.009,0.992,-2.892797,3.054929,4.405371,4.090391
835,0,0.989,-0.011,0.582021,-0.669536,3.874311,3.105323
836,0,0.987,-0.013,0.407231,-0.697478,3.423515,3.337921
837,0,0.989,-0.011,0.127345,-0.706324,3.81964,3.908986
838,1,-0.011,0.99,-2.622236,2.904705,3.753395,3.673352
839,1,-0.009,0.992,-1.998016,3.056231,2.932539,4.175143
840,0,0.988,-0.012,0.124256,-0.617738,3.459427,3.139871
841,1,-0.012,0.989,-2.194399,2.088977,3.486495,3.08107
842,1,-0.013,0.988,-2.074393,2.401389,3.540323,3.725286
843,0,0.988,-0.012,0.989466,-0.931429,3.27586,2.857859
844,0,0.988,-0.012,1.21527,-1.157876,3.482552,3.492769
845,1,-0.011,0.99,-1.71392,2.529083,3.44561,3.971218
846,1,-0.009,0.992,-1.842389,2.315285,3.635524,3.858082
847,0,0.989,-0.011,1.457867,-1.238937,4.232731,3.336236
848,1,-0.01,0.991,-1.662899,2.359113,3.436995,3.859033
849,1,-0.011,0.99,-1.648686,2.103366,3.548081,4.037063
850,0,0.989,-0.011,1.630755,-1.43578,4.061188,3.638705
851,0,0.991,-0.009,1.605377,-1.378566,4.15895,4.00804
852,1,-0.013,0.988,-1.873715,1.814606,3.846917,3.762145
853,1,-0.01,0.991,-1.548232,1.867647,3.444273,3.691643
854,0,0.993,-0.007,1.907313,-1.277859,4.532442,3.744008
855,0,0.986,-0.014,1.147954,-1.336598,3.106939,3.408746
856,1,-0.011,0.99,-1.918688,1.775931,4.099121,3.613498
857,0,0.989,-0.011,1.60993,-1.366574,4.224714,3.379207
858,1,-0.011,0.99,-1.804234,1.813113,3.490581,3.367416
859,0,0.99,-0.01,1.46346,-1.26903,3.640552,3.226835
860,0,0.986,-0.014,0.906589,-1.229301,3.802048,3.273373
861,0,0.991,-0.009,1.320426,-1.129996,4.180106,3.305943
862,1,-0.011,0.99,-1.67575,2.342354,3.264297,4.300426
863,1,-0.013,0.988,-1.646007,1.911832,3.332808,3.906175
864,1,-0.009,0.992,-1.719562,2.312701,3.482145,4.305481
865,0,0.99,-0.01,1.343491,-1.531095,3.608257,3.899645
866,1,-0.012,0.989,-1.623538,1.925226,3.356317,3.749584
867,0,0.987,-0.013,0.965593,-1.182001,3.584822,3.358547
868,0,0.992,-0.008,1.278534,-1.126772,4.334438,3.774956
869,0,0.988,-0.012,1.074354,-1.175326,3.947216,3.241208
870,1,-0.012,0.989,-1.924122,1.504867,3.565599,2.967606
871,1,-0.011,0.99,-1.860296,2.336673,3.196868,3.676455
872,0,0.992,-0.008,1.178495,-1.140923,4.583288,3.378909
873,0,0.989,-0.011,0.860784,-1.291348,3.364224,3.60061
874,0,0.991,-0.009,0.680537,-0.968687,4.481514,3.6239
875,0,0.994,-0.006,1.137901,-1.08594,4.60364,3.77632
876,1,-0.013,0.988,-2.603506,1.792435,3.554425,2.837324
877,1,-0.011,0.99,-2.677546,2.459744,3.972143,3.849476
878,1,-0.011,0.99,-2.658558,2.257644,3.911053,3.650275
879,1,-0.011,0.99,-2.084043,1.751967,3.820893,3.65433
880,1,-0.008,0.993,-2.207393,1.99386,4.53211,4.018435
881,1,-0.006,0.995,-1.891246,2.359353,4.500957,4.901601
882,0,0.99,-0.01,1.960237,-1.576854,4.046905,3.351108
883,1,-0.012,0.989,-1.244172,1.215622,3.124869,3.855419
884,0,0.99,-0.01,1.60711,-1.96497,3.655122,4.122828
885,0,0.991,-0.009,1.83501,-1.607081,3.907103,3.637281
886,1,-0.012,0.989,-1.486454,1.262915,3.75605,3.827642
887,0,0.988,-0.012,1.534414,-1.336509,3.708329,2.955168
888,1,-0.01,0.991,-1.424579,1.757748,3.552771,4.432799
889,1,-0.013,0.988,-1.245151,0.900026,3.448671,3.661863
890,0,0.989,-0.011,1.851386,-1.851872,4.180258,3.936552
891,1,-0.012,0.989,-1.29243,1.430771,3.152731,3.617339
892,0,0.988,-0.012,1.382982,-1.41205,3.597484,3.339172
893,1,-0.013,0.988,-1.154761,0.694156,3.289359,2.47661
894,1,-0.007,0.994,-1.314266,1.598155,4.158319,4.650247
895,1,-0.012,0.989,-0.954906,0.546884,3.219435,3.739458
896,1,-0.013,0.988,-1.253823,0.398755,3.784046,3.565464
897,0,0.989,-0.011,2.071718,-1.952088,3.587573,3.348363
898,1,-0.012,0.989,-0.854614,0.488271,3.039227,3.792548
899,0,0.991,-0.009,2.712749,-2.187737,4.046198,3.255248
900,1,-0.005,0.996,-1.346394,1.471472,4.915969,4.691005
901,1,-0.014,0.987,-0.969121,-0.070661,3.697409,3.704104
902,1,-0.012,0.989,-0.914337,0.599626,3.506866,3.759865
903,0,0.989,-0.011,2.483751,-2.090228,3.65045,3.289886
904,0,0.994,-0.006,3.443346,-2.53228,4.882123,3.87756
905,1,-0.012,0.989,-0.992363,0.486373,3.467295,3.081567
906,1,-0.009,0.992,-0.925885,0.940385,3.621424,4.171403
907,0,0.991,-0.009,2.229026,-2.057285,3.959473,4.431748
908,1,-0.012,0.989,-0.806223,0.663758,3.177102,4.126301
909,0,0.994,-0.006,3.277323,-2.482822,4.685814,4.077619
910,0,0.988,-0.012,1.921306,-2.317225,3.227432,3.61441
911,1,-0.013,0.988,-1.09014,0.661219,3.448936,3.118132
912,0,0.99,-0.01,2.081645,-1.451471,4.121663,3.328394
913,0,0.99,-0.01,2.550782,-2.256481,3.892333,3.893124
914,0,0.989,-0.011,1.677485,-1.387773,3.563815,3.31912
915,1,-0.009,0.992,-1.530156,2.117953,3.756104,4.441445
916,0,0.988,-0.012,1.495641,-1.346871,3.846007,3.479066
917,0,0.988,-0.012,1.040194,-1.108529,3.683809,3.695837
918,1,-0.01,0.991,-1.792499,2.367618,3.78565,3.961854
919,1,-0.012,0.989,-1.844978,2.019619,3.387177,3.74404
920,0,0.988,-0.012,1.375494,-1.449003,3.467314,3.492117
921,0,0.987,-0.013,1.258493,-1.352048,3.742036,3.659565
922,0,0.996,-0.004,1.700204,-1.087063,4.551559,3.509579
923,0,0.988,-0.012,0.352806,-0.876833,3.781688,3.267851
924,0,0.99,-0.01,0.315015,-1.049215,3.745746,3.600087
925,0,0.991,-0.009,0.340009,-0.838387,4.334884,3.658938
926,0,0.99,-0.01,0.29501,-1.007933,3.821718,3.623609
927,0,0.988,-0.012,-0.859837,-0.473947,3.572284,3.41505
928,1,-0.012,0.989,-2.289268,2.822841,3.078992,3.671825
929,1,-0.009,0.992,-2.240123,2.948287,3.743616,4.339857
930,1,-0.01,0.991,-2.785751,2.812058,4.356936,4.101947
931,0,0.996,-0.004,1.35652,-1.02944,4.755319,5.020596
932,0,0.99,-0.01,0.802852,-0.772214,3.809742,3.33707
933,1,-0.014,0.987,-2.002093,2.485864,3.433581,3.792011
934,0,0.987,-0.013,0.694947,-0.91367,3.538276,3.154455
935,1,-0.013,0.988,-2.182502,2.18928,3.558803,3.600757
936,1,-0.01,0.991,-2.46425,2.427578,4.169483,3.949594
937,0,0.988,-0.012,1.383595,-1.54951,3.737082,3.816001
938,0,0.99,-0.01,1.213953,-1.097891,4.079122,3.672499
939,0,0.988,-0.012,0.825233,-0.913664,3.959695,3.177138
940,1,-0.014,0.987,-1.833887,1.823748,3.057704,3.293322
941,0,0.992,-0.008,0.945173,-1.116987,4.077118,3.669283
942,1,-0.012,0.989,-1.682194,2.506649,2.966187,4.076387
943,0,0.988,-0.012,0.397262,-0.929719,3.092898,3.470318
944,1,-0.013,0.988,-2.164634,2.02228,3.531832,3.656122
945,0,0.991,-0.009,0.389919,-0.978938,3.516726,3.826005
946,1,-0.011,0.99,-2.087547,2.446724,3.600121,4.006991
947,1,-0.011,0.99,-1.997949,2.101311,3.41045,3.857212
948,0,0.992,-0.008,1.71125,-1.701291,4.13887,4.090194
949,1,-0.012,0.989,-1.917031,1.930706,3.4321,3.236357
950,1,-0.01,0.991,-1.684143,2.373173,3.471668,4.341605
951,0,0.992,-0.008,1.395168,-1.193177,3.715965,3.296757
952,0,0.992,-0.008,1.819695,-1.430562,4.495027,3.493299
953,0,0.99,-0.01,1.142355,-1.553873,3.745589,4.15514
954,0,0.993,-0.007,1.146688,-1.001265,3.674615,3.387217
955,0,0.989,-0.011,0.577807,-1.0335,3.94737,3.611438
956,1,-0.01,0.991,-2.190529,2.10975,3.403925,3.634136
957,1,-0.01,0.991,-2.382724,2.472093,3.541286,3.868453
958,1,-0.013,0.988,-2.429113,2.218657,3.723007,3.693341
959,1,-0.011,0.99,-1.659148,2.199646,3.109677,3.807636
960,0,0.988,-0.012,1.13737,-1.168716,3.73684,3.132794
961,1,-0.011,0.99,-1.561044,1.714285,3.217033,3.811154
962,0,0.99,-0.01,1.010989,-1.397191,3.279902,3.391634
963,1,-0.012,0.989,-1.434314,1.105032,3.405064,3.667176
964,0,0.99,-0.01,2.039199,-1.731978,4.063199,3.572811
965,0,0.991,-0.009,1.312764,-1.409297,3.957773,3.94962
966,0,0.99,-0.01,0.877918,-1.073651,4.433511,3.755498
967,0,0.989,-0.011,0.703256,-0.996356,3.466102,3.333229
968,0,0.988,-0.012,0.533595,-1.023938,3.132981,3.293607
969,0,0.988,-0.012,0.326237,-0.74847,3.757406,3.333114
970,0,0.99,-0.01,0.196977,-0.743359,3.561934,3.939239
971,1,-0.01,0.991,-2.839157,2.570221,3.74274,3.281517
972,1,-0.008,0.993,-4.109995,3.615666,4.638463,4.383045
973,1,-0.013,0.988,-2.402384,2.238168,3.452585,3.255231
974,1,-0.009,0.992,-2.706039,2.947315,4.131789,4.172237
975,1,-0.011,0.99,-2.440829,2.262937,4.071583,3.360479
976,0,0.988,-0.012,0.987164,-1.06858,3.138995,3.26495
977,0,0.994,-0.006,1.235865,-1.222207,3.286878,4.126756
978,1,-0.009,0.992,-1.895222,2.248501,3.536399,3.363546
979,1,-0.01,0.991,-1.8226,2.38942,3.678005,4.059156
980,0,0.991,-0.009,1.819371,-1.152363,4.479768,3.413086
981,0,0.986,-0.014,0.934479,-1.199376,3.437443,3.603272
982,0,0.989,-0.011,1.076713,-1.092697,3.701945,3.612125
983,0,0.99,-0.01,0.917117,-0.986567,3.527142,3.527828
984,1,-0.012,0.989,-2.060783,1.906848,3.536607,3.343331
985,0,0.987,-0.013,0.430024,-1.113861,3.876101,3.985115
986,0,0.99,-0.01,0.457905,-1.059632,3.248055,4.063681
987,1,-0.011,0.99,-2.440379,2.525437,3.375815,3.749897
988,0,0.989,-0.011,0.762309,-1.081603,3.607607,3.747161
989,1,-0.014,0.987,-2.196052,2.022606,3.416631,3.361626
990,1,-0.009,0.992,-2.324813,2.208439,3.909267,3.734631
991,0,0.987,-0.013,0.572233,-0.945982,3.316498,3.227371
992,0,0.989,-0.011,0.744213,-1.122915,3.462185,3.641243
993,1,-0.01,0.991,-2.275759,2.32187,3.689704,3.603848
994,1,-0.013,0.988,-1.788918,2.248033,3.214302,3.878807
995,0,0.993,-0.007,1.375361,-1.127278,4.706159,3.752217
996,0,0.99,-0.01,0.922618,-1.073913,3.625959,3.409063
997,1,-0.012,0.989,-1.862088,1.870209,3.456661,3.541377
998,1,-0.008,0.993,-2.805952,2.938027,4.435298,4.373444
999,0,0.989,-0.011,1.418123,-1.43665,3.801435,3.719054
1000,0,0.989,-0.011,0.696454,-1.100479,3.77491,3.29599
1001,0,0.992,-0.008,0.767107,-1.053411,4.14746,3.920249
1002,0,0.987,-0.013,0.665821,-1.113657,3.347946,3.531481
1003,0,0.991,-0.009,0.581757,-1.223774,3.585421,4.318148
1004,0,0.99,-0.01,0.306153,-0.960512,3.563035,3.739359
1005,0,0.991,-0.009,0.224758,-1.004146,4.291061,4.111589
1006,0,0.989,-0.011,-0.109755,-0.772679,4.236062,3.453396
1007,1,-0.011,0.99,-2.971269,2.766492,3.939563,3.832094
1008,1,-0.013,0.988,-2.116127,1.989322,3.231567,3.038474
1009,0,0.989,-0.011,-0.656548,-0.593142,3.96082,3.033813
1010,0,0.99,-0.01,0.739666,-0.671221,4.099087,3.079474
1011,1,-0.012,0.989,-2.42391,2.881246,3.523329,3.978973
1012,1,-0.013,0.988,-2.763023,1.993096,3.813237,2.846439
1013,0,0.987,-0.013,0.420527,-0.756062,3.20301,3.457205
1014,1,-0.013,0.988,-1.891998,2.142351,3.492904,3.580859
1015,1,-0.013,0.988,-1.669718,2.287745,3.27639,3.699262
1016,0,0.989,-0.011,1.205836,-1.12195,4.122525,4.017826
1017,1,-0.007,0.994,-1.779941,3.010986,3.861708,4.776659
1018,0,0.99,-0.01,1.370207,-1.284795,3.468391,3.759832
1019,0,0.989,-0.011,1.703199,-1.356723,3.584385,3.691281
1020,1,-0.01,0.991,-2.058889,2.545958,3.515008,4.036926
1021,0,0.992,-0.008,1.687551,-1.350204,4.079097,4.192689
1022,1,-0.011,0.99,-1.818603,2.511683,3.403563,3.732089
1023,0,0.99,-0.01,1.24152,-1.047087,3.992595,3.313109
1024,0,0.992,-0.008,1.779009,-1.376346,4.209614,3.770353
1025,1,-0.011,0.99,-1.827093,1.952435,3.561218,3.541687
1026,1,-0.014,0.987,-1.642353,1.513063,3.267386,3.095118
1027,1,-0.013,0.988,-1.808672,1.763262,3.564195,3.393171
1028,1,-0.012,0.989,-1.794304,1.365715,3.702864,2.877654
1029,0,0.988,-0.012,1.315552,-1.193849,3.612576,3.331921
1030,0,0.992,-0.008,1.97387,-1.799356,3.759107,3.869496
1031,0,0.991,-0.009,1.988001,-1.282469,4.381612,3.605635
1032,1,-0.011,0.99,-1.350863,1.805972,2.919063,3.900496
1033,0,0.989,-0.011,1.280217,-1.098718,3.580148,3.180323
1034,1,-0.01,0.991,-1.7505,2.281805,3.245358,3.834481
1035,0,0.988,-0.012,1.022829,-1.186941,3.493484,3.469961
1036,0,0.989,-0.011,1.57904,-1.453257,3.886643,3.645771
1037,1,-0.012,0.989,-1.548128,1.838178,3.021592,3.564822
1038,0,0.99,-0.01,1.259093,-1.214364,3.644502,3.823957
1039,0,0.991,-0.009,1.113687,-0.909226,4.165525,3.496611
1040,1,-0.015,0.986,-2.096203,1.531174,3.343363,2.819849
1041,1,-0.007,0.994,-2.787682,2.525694,4.32503,3.713081
1042,0,0.986,-0.014,0.685335,-1.163774,2.945348,3.335902
1043,0,0.989,-0.011,1.046253,-0.943473,4.076061,3.361423
1044,1,-0.011,0.99,-1.852962,1.893161,3.203493,3.11966
1045,0,0.99,-0.01,1.063181,-0.920119,3.946899,3.264711
1046,0,0.991,-0.009,0.731424,-0.90707,3.618392,3.337214
1047,1,-0.013,0.988,-2.576837,2.203015,3.575407,3.411312
1048,1,-0.011,0.99,-1.608268,1.9679,2.803905,3.312617
1049,1,-0.012,0.989,-2.157393,2.271834,3.678439,3.711145
1050,1,-0.01,0.991,-1.776409,1.912683,3.54788,3.642656
1051,1,-0.009,0.992,-1.761046,2.147422,3.851805,3.872145
1052,0,0.989,-0.011,1.069248,-1.400777,3.2365,3.905807
1053,1,-0.009,0.992,-1.803321,1.892133,4.058367,3.860421
1054,0,0.995,-0.005,2.43011,-1.801279,4.771162,4.259152
1055,1,-0.014,0.987,-1.715768,0.926793,3.838751,2.967859
1056,1,-0.012,0.989,-1.590284,1.462243,3.748326,3.595196
1057,0,0.992,-0.008,2.120652,-1.638477,4.264734,3.583329
1058,0,0.987,-0.013,1.752177,-1.569241,3.773726,3.347334
1059,1,-0.009,0.992,-1.420597,1.405909,3.92891,3.655237
1060,1,-0.009,0.992,-1.321922,1.535219,3.564629,4.039301
1061,0,0.991,-0.009,1.854492,-1.36775,3.721326,3.299277
1062,1,-0.004,0.997,-1.855347,2.537176,5.101648,4.848769
1063,1,-0.01,0.991,-1.281746,1.262924,3.584907,3.694539
1064,0,0.989,-0.011,1.912682,-1.986844,3.769937,3.622675
1065,1,-0.008,0.993,-1.715258,1.763633,4.592572,4.156045
1066,0,0.991,-0.009,2.307034,-1.69567,3.855121,2.955044
1067,1,-0.011,0.99,-1.323098,0.850471,3.841339,3.737992
1068,1,-0.01,0.991,-1.303975,1.14279,3.862607,4.290725
1069,1,-0.014,0.987,-1.024611,0.579643,3.387303,3.696664
1070,1,-0.01,0.991,-0.990959,0.520112,3.923922,3.550722
1071,1,-0.01,0.991,-0.730153,0.442432,3.152628,4.35063
1072,0,0.992,-0.008,3.017017,-3.185505,4.126323,4.061053
1073,1,-0.008,0.993,-0.725569,0.001277,3.838085,4.230824
1074,1,-0.009,0.992,-0.709219,-0.247677,3.940013,4.079
1075,0,0.99,-0.01,3.26524,-2.585617,4.36501,3.623664
1076,0,0.991,-0.009,2.710399,-2.219705,3.710076,3.567376
1077,0,0.989,-0.011,2.228256,-2.230529,3.353202,3.55201
1078,1,-0.011,0.99,-0.931716,0.79697,3.633902,2.938628
1079,1,-0.011,0.99,-0.922202,1.171651,3.435872,3.926219
1080,0,0.993,-0.007,3.226938,-1.667813,4.828992,3.559052
1081,1,-0.005,0.996,-1.121084,1.881978,4.08502,4.877448
1082,0,0.993,-0.007,2.786266,-2.400055,4.233948,4.328648
1083,1,-0.011,0.99,-1.037728,1.483844,3.300669,4.219693
1084,1,-0.009,0.992,-1.030196,1.023151,3.615712,3.836845
1085,0,0.99,-0.01,2.642225,-2.196596,4.275065,4.001726
1086,0,0.991,-0.009,2.39754,-1.527802,4.316918,3.489051
1087,1,-0.011,0.99,-1.362362,1.09349,3.956115,3.275437
1088,1,-0.011,0.99,-1.061607,0.771033,3.439277,3.06222
1089,0,0.989,-0.011,1.799314,-2.190653,3.255634,4.048041
1090,1,-0.008,0.993,-1.370673,1.467718,4.333626,4.299565
1091,1,-0.008,0.993,-1.205184,1.398884,3.71347,3.97341
1092,1,-0.01,0.991,-0.977975,0.585281,3.505344,3.724688
1093,1,-0.01,0.991,-1.162672,0.688573,4.094251,3.877916
1094,1,-0.012,0.989,-0.837356,0.059354,3.347564,3.086261
1095,0,0.988,-0.012,2.427016,-2.47279,3.67477,3.609015
1096,1,-0.015,0.986,-0.718039,-0.11384,3.535109,3.665121
1097,0,0.991,-0.009,3.046222,-2.41206,4.243749,3.710402
1098,0,0.993,-0.007,2.888699,-1.89727,4.270598,3.166999
1099,1,-0.01,0.991,-0.843198,0.710743,3.383719,3.639885
1100,0,0.99,-0.01,2.267092,-2.451989,3.564972,3.708368
1101,1,-0.011,0.99,-1.223121,1.233316,3.675626,3.738089
1102,1,-0.008,0.993,-1.144974,1.136736,3.818797,3.039454
1103,0,0.993,-0.007,3.397051,-1.815121,4.691589,3.326995
1104,0,0.99,-0.01,2.307904,-1.89696,4.040241,3.461484
1105,1,-0.012,0.989,-1.086634,0.646943,3.686935,3.207007
1106,0,0.989,-0.011,1.786974,-1.983983,3.366733,3.747193
1107,1,-0.013,0.988,-0.958265,0.38274,3.132271,3.561268
1108,1,-0.008,0.993,-1.180783,1.063186,3.722613,3.464187
1109,0,0.989,-0.011,2.120445,-2.003636,3.744002,3.401494
1110,1,-0.011,0.99,-0.813311,0.794194,2.845619,4.243455
1111,0,0.989,-0.011,2.147521,-1.851532,3.6614,3.294637
1112,1,-0.011,0.99,-1.150322,1.176657,3.466686,3.766868
1113,1,-0.01,0.991,-1.026409,0.83363,3.42571,3.379752
1114,1,-0.012,0.989,-0.918231,0.717517,2.89887,3.114759
1115,1,-0.012,0.989,-0.816495,0.26957,3.222386,3.904278
1116,1,-0.012,0.989,-0.882064,0.487928,3.311975,3.670932
1117,1,-0.012,0.989,-0.693145,-0.188958,3.225077,3.675467
1118,0,0.992,-0.008,3.05248,-2.74585,4.102637,3.642211
1119,0,0.994,-0.006,3.850531,-3.044259,4.536148,4.124626
1120,1,-0.012,0.989,-0.800223,0.362388,3.255035,4.278915
1121,0,0.989,-0.011,2.412578,-2.833094,3.558443,4.205149
1122,0,0.989,-0.011,2.268382,-1.982631,3.395588,3.230584
1123,0,0.989,-0.011,1.803203,-1.971674,3.103092,3.564444
1124,1,-0.014,0.987,-0.832484,0.90508,3.151742,3.768914
1125,1,-0.01,0.991,-1.002966,0.990415,3.484613,3.579578
1126,0,0.992,-0.008,2.500323,-1.944003,3.952351,3.701155
1127,1,-0.011,0.99,-1.213238,1.159602,3.43433,3.871454
1128,1,-0.011,0.99,-0.961181,0.735407,3.452474,3.35134
1129,1,-0.012,0.989,-0.971931,1.075477,3.120431,3.52399
1130,1,-0.011,0.99,-0.939648,1.072,3.264699,3.598408
1131,0,0.99,-0.01,2.381623,-2.004647,3.749954,3.624862
1132,0,0.993,-0.007,2.696816,-2.434098,4.296576,3.832381
1133,1,-0.011,0.99,-1.065066,0.853899,3.247396,3.470709
1134,1,-0.015,0.986,-0.698647,0.082366,2.867192,3.110813
1135,0,0.991,-0.009,2.213151,-2.485764,3.445776,3.975773
1136,1,-0.009,0.992,-1.272447,0.877066,3.939171,3.822861
1137,0,0.99,-0.01,2.320805,-2.241663,3.977694,3.610806
1138,1,-0.012,0.989,-0.71606,0.534567,2.599957,3.849364
1139,0,0.988,-0.012,2.186143,-2.324169,3.354151,3.714085
1140,1,-0.013,0.988,-0.835503,0.530392,3.384161,3.161239
1141,1,-0.014,0.987,-0.891193,0.440638,3.202791,3.09036
1142,0,0.991,-0.009,2.371172,-2.448076,2.921378,3.527893
1143,1,-0.01,0.991,-1.179712,1.027519,3.739239,4.138611
1144,1,-0.012,0.989,-1.109173,0.643397,3.400504,3.483245
1145,0,0.992,-0.008,2.429353,-2.09325,3.251034,3.753729
1146,0,0.989,-0.011,2.500917,-1.486177,3.846708,2.820575
1147,0,0.989,-0.011,1.843026,-1.620087,3.331352,3.410615
1148,0,0.991,-0.009,2.222061,-2.307044,3.626471,4.034972
1149,0,0.987,-0.013,1.933057,-1.631588,3.663257,3.602516
1150,1,-0.014,0.987,-1.217693,1.261116,3.112517,3.425825
1151,0,0.988,-0.012,1.408316,-1.422867,3.3316,3.449376
1152,0,0.989,-0.011,1.334588,-1.467165,2.892776,3.343292
1153,0,0.989,-0.011,1.363355,-1.246477,3.772811,3.323864
1154,1,-0.007,0.994,-1.308513,2.890992,2.905453,4.88957
1155,0,0.988,-0.012,0.921361,-1.172415,3.228663,3.480793
1156,1,-0.01,0.991,-2.26717,2.42071,4.164688,3.860749
1157,1,-0.011,0.99,-1.504505,2.036057,3.048876,3.581771
1158,0,0.987,-0.013,1.192722,-1.229713,3.257055,3.359456
1159,1,-0.011,0.99,-1.840164,2.031617,3.490791,3.661364
1160,0,0.991,-0.009,1.657567,-1.392773,3.731792,3.769979
1161,1,-0.012,0.989,-1.379039,2.010378,2.783397,3.764478
1162,1,-0.008,0.993,-1.636501,1.914232,3.747548,3.60733
1163,1,-0.013,0.988,-1.370361,1.60429,3.106365,3.42567
1164,1,-0.011,0.99,-1.196648,1.6984,3.237516,3.686522
1165,1,-0.011,0.99,-1.258363,1.740597,3.540735,3.805741
1166,0,0.992,-0.008,2.200624,-1.990741,3.568504,4.168521
1167,1,-0.013,0.988,-0.857484,1.394883,3.029357,4.08616
1168,0,0.991,-0.009,2.248095,-2.049294,3.341316,3.843008
1169,1,-0.011,0.99,-1.05238,1.366198,3.381063,3.644562
1170,1,-0.012,0.989,-0.960973,1.208439,3.102396,3.72706
1171,1,-0.012,0.989,-0.965069,0.528804,3.548602,3.417819
1172,0,0.99,-0.01,2.606549,-1.817121,3.855051,3.189042
1173,0,0.988,-0.012,2.337367,-1.935298,3.680366,3.230899
1174,0,0.99,-0.01,2.695561,-2.214732,3.941686,3.516043
1175,0,0.99,-0.01,2.040177,-2.294811,3.413087,4.15264
1176,1,-0.009,0.992,-1.236363,1.259144,3.459726,3.954552
1177,1,-0.01,0.991,-1.053562,1.57875,3.239397,4.538511
1178,1,-0.007,0.994,-1.330893,1.414835,4.022764,3.706739
1179,0,0.991,-0.009,2.440232,-2.379745,3.831323,3.915989
1180,0,0.989,-0.011,1.862652,-1.927746,3.206521,3.334203
1181,0,0.989,-0.011,2.037923,-1.772361,3.598028,3.571222
1182,0,0.989,-0.011,1.95471,-1.750857,3.778764,3.513536
1183,0,0.992,-0.008,2.147524,-1.971397,4.141288,3.881098
1184,0,0.991,-0.009,1.531394,-1.41552,3.856986,3.619931
1185,0,0.989,-0.011,1.14783,-1.460379,3.609924,3.811164
1186,0,0.99,-0.01,0.504018,-1.285926,3.452016,3.453623
1187,1,-0.008,0.993,-2.055415,2.363038,3.309062,4.214813
1188,0,0.99,-0.01,0.30381,-0.960379,3.48772,2.977466
1189,0,0.991,-0.009,0.431123,-1.089551,4.686648,3.731523
1190,1,-0.009,0.992,-3.053687,2.494649,4.028124,3.774768
1191,1,-0.007,0.994,-2.678767,2.599702,3.763142,3.965747
1192,0,0.991,-0.009,0.469104,-0.996345,4.275058,3.532762
1193,0,0.99,-0.01,0.544751,-0.968903,3.306634,3.335346
1194,1,-0.002,0.999,-3.660587,3.544567,5.085081,5.050694
1195,0,0.99,-0.01,0.443419,-0.861013,3.811558,3.46227
1196,0,0.988,-0.012,0.623334,-0.90043,3.677011,3.127933
1197,1,-0.011,0.99,-2.433472,2.6056,3.634998,3.859919
1198,0,0.99,-0.01,0.367061,-0.982609,3.305059,3.659537
1199,0,0.99,-0.01,0.301836,-0.966725,3.381151,3.772762
1200,1,-0.01,0.991,-2.64252,2.714442,4.006886,3.836781
1201,0,0.991,-0.009,0.630985,-0.97609,3.958554,3.881213
1202,0,0.989,-0.011,0.321156,-0.783405,4.046919,3.387017
1203,0,0.989,-0.011,0.325989,-0.943926,3.395614,3.851131
1204,0,0.993,-0.007,0.46188,-0.767086,4.262514,3.530408
1205,0,0.991,-0.009,0.138381,-0.724017,3.90365,3.499691
1206,1,-0.011,0.99,-2.363799,2.741457,3.117233,3.648277
1207,0,0.992,-0.008,0.438687,-0.892833,4.729081,4.270046
1208,1,-0.009,0.992,-2.465366,3.397326,3.460886,4.519587
1209,1,-0.011,0.99,-2.248386,2.647957,3.280786,3.782917
1210,1,-0.007,0.994,-2.097871,3.322726,3.369975,4.691358
1211,1,-0.012,0.989,-2.119199,2.143912,3.221235,3.258713
1212,1,-0.008,0.993,-1.386421,2.451936,2.855177,3.637305
1213,0,0.993,-0.007,1.781857,-0.983784,3.718862,3.04111
1214,0,0.993,-0.007,1.876091,-1.450038,3.963046,4.272409
1215,0,0.99,-0.01,1.361044,-0.940963,3.805023,3.021008
1216,0,0.99,-0.01,1.093635,-1.186488,3.2305,3.549687
1217,0,0.989,-0.011,0.810266,-0.876891,3.918894,2.890361
1218,1,-0.008,0.993,-1.727699,2.997098,3.17746,4.437293
1219,0,0.99,-0.01,0.556998,-0.823587,4.01825,3.39547
1220,0,0.987,-0.013,0.474856,-0.998931,3.160524,3.51736
1221,1,-0.012,0.989,-2.293947,1.971969,3.297235,2.937662
1222,0,0.988,-0.012,0.345486,-0.896661,3.699837,3.58715
1223,0,0.988,-0.012,0.207225,-0.779258,4.05365,3.340511
1224,1,-0.011,0.99,-2.220503,2.288848,3.577297,3.487295
1225,1,-0.01,0.991,-2.50105,2.823112,3.467614,4.046202
1226,1,-0.013,0.988,-2.063946,2.173138,3.487665,3.564567
1227,1,-0.006,0.995,-2.077899,2.315141,4.378074,3.650964
1228,0,0.99,-0.01,1.089033,-1.119071,3.279434,3.710647
1229,0,0.988,-0.012,1.117698,-1.173393,3.503835,3.520338
1230,0,0.989,-0.011,1.196844,-1.034472,3.633944,3.327907
1231,1,-0.008,0.993,-2.238144,2.757283,4.102346,3.99377
1232,1,-0.01,0.991,-2.10096,2.141841,3.794122,3.320399
1233,0,0.991,-0.009,1.656993,-1.065786,4.554283,3.565861
1234,1,-0.01,0.991,-2.157188,1.986738,4.204188,3.411845
1235,0,0.99,-0.01,1.187705,-1.008736,3.728448,3.245703
1236,0,0.993,-0.007,1.639975,-1.31088,4.281375,4.02663
1237,1,-0.009,0.992,-1.711952,2.314916,3.31772,3.854199
1238,1,-0.012,0.989,-2.232976,1.927954,3.881795,3.501124
1239,0,0.989,-0.011,1.263703,-1.151628,3.871243,3.400372
1240,0,0.989,-0.011,0.759426,-1.174984,3.579009,3.614769
1241,0,0.99,-0.01,0.686553,-1.204544,3.669609,3.766205
1242,1,-0.013,0.988,-2.380111,1.787319,3.203844,3.103491
1243,0,0.991,-0.009,1.083523,-1.296019,4.112885,3.827913
1244,0,0.99,-0.01,0.565382,-1.102828,3.879256,3.639297
1245,1,-0.013,0.988,-1.778021,1.800087,3.109077,3.192913
1246,1,-0.013,0.988,-1.663596,1.923402,2.739037,3.391629
1247,0,0.989,-0.011,0.59462,-1.118211,3.823177,3.664288
1248,1,-0.011,0.99,-2.037667,2.336935,3.76034,3.864197
1249,1,-0.01,0.991,-2.190293,2.224586,3.755289,3.621666
1250,1,-0.013,0.988,-1.914838,1.633289,3.527606,3.388246
1251,0,0.989,-0.011,1.215562,-1.270547,3.466804,3.293139
1252,1,-0.012,0.989,-1.452657,1.446477,3.227456,3.420801
1253,1,-0.01,0.991,-1.711837,1.805002,3.744115,3.88882
1254,1,-0.012,0.989,-1.483777,1.160981,3.415548,3.747859
1255,1,-0.009,0.992,-1.129387,1.138964,2.94873,3.744609
1256,0,0.991,-0.009,1.978117,-2.369007,3.815218,4.025158
1257,0,0.993,-0.007,2.518022,-2.473186,4.32494,4.056114
1258,1,-0.011,0.99,-1.125052,0.748599,3.204757,3.827792
1259,0,0.991,-0.009,2.172386,-1.823814,3.730628,3.189409
1260,0,0.987,-0.013,1.331737,-1.712645,3.452151,3.578772
1261,0,0.991,-0.009,2.088504,-1.953074,4.484192,4.127882
1262,0,0.988,-0.012,1.16701,-1.718753,3.332126,3.859905
1263,0,0.989,-0.011,1.057475,-1.293558,3.389312,3.53294
1264,0,0.988,-0.012,1.000198,-1.094288,3.48821,3.080972
1265,0,0.996,-0.004,1.452329,-1.483119,3.939393,4.805146
1266,0,0.989,-0.011,0.733521,-1.01958,3.076533,3.14314
1267,1,-0.01,0.991,-2.636782,2.212073,3.782325,3.57692
1268,0,0.991,-0.009,-0.202749,-0.704677,4.34946,3.133649
1269,1,-0.012,0.989,-2.726263,2.440569,3.824604,3.725634
1270,0,0.988,-0.012,0.3716,-1.089312,3.376502,3.620451
1271,0,0.989,-0.011,0.047076,-0.975662,4.047462,3.885437
1272,1,-0.013,0.988,-2.332405,2.336373,3.475522,3.49847
1273,1,-0.011,0.99,-2.325806,2.766973,3.480503,3.979507
1274,0,0.988,-0.012,0.706423,-0.960224,3.189955,3.396888
1275,0,0.99,-0.01,1.02567,-1.085283,3.90106,4.003273
1276,0,0.987,-0.013,0.594826,-1.033572,3.52274,3.420462
1277,0,0.988,-0.012,0.524323,-0.817194,3.987063,3.064975
1278,0,0.987,-0.013,0.072471,-0.707223,3.347565,3.030454
1279,0,0.992,-0.008,0.58709,-0.878957,4.720212,3.673545
1280,0,0.989,-0.011,0.361475,-1.156471,3.762183,4.329015
1281,0,0.991,-0.009,-0.267877,-0.494089,4.148064,2.624085
1282,0,0.99,-0.01,-0.35497,-0.729282,3.726127,3.980886
1283,1,-0.012,0.989,-2.599557,2.719418,3.323035,3.797113
1284,0,0.989,-0.011,-0.006487,-0.614828,3.507561,3.101746
1285,0,0.989,-0.011,0.14289,-0.71057,3.615447,3.707771
1286,1,-0.008,0.993,-2.631987,3.243961,3.501559,4.077237
1287,0,0.985,-0.015,-0.098932,-0.727874,3.147214,3.306566
1288,0,0.986,-0.014,0.168848,-0.599319,3.385891,2.963973
1289,0,0.991,-0.009,0.575321,-0.653079,3.709631,3.377749
1290,1,-0.013,0.988,-2.506645,2.342863,3.766726,3.269654
1291,0,0.993,-0.007,0.772866,-0.527918,4.490284,2.772638
1292,1,-0.011,0.99,-2.617153,2.832074,4.124758,3.814676
1293,0,0.993,-0.007,0.742433,-0.800775,3.554753,4.11079
1294,0,0.99,-0.01,0.560439,-0.716667,4.074126,3.859366
1295,0,0.988,-0.012,0.532258,-0.544474,3.685822,2.736974
1296,1,-0.014,0.987,-2.765248,2.067817,3.515205,2.713056
1297,0,0.991,-0.009,0.433444,-0.729203,4.159589,3.525777
1298,0,0.987,-0.013,0.100074,-0.733177,3.349783,3.530224
1299,0,0.991,-0.009,0.528785,-0.63523,4.153008,3.331406
1300,1,-0.011,0.99,-2.199214,2.681116,3.518767,3.699388
1301,0,0.987,-0.013,0.099798,-0.702685,3.631598,3.369716
1302,1,-0.011,0.99,-2.569291,2.591909,3.63945,3.558954
1303,0,0.991,-0.009,0.629209,-0.704016,3.976043,3.371732
1304,0,0.987,-0.013,0.254592,-0.723245,2.993025,3.173839
1305,1,-0.007,0.994,-2.256713,2.992929,3.411381,3.754295
1306,0,0.992,-0.008,0.827392,-0.69206,4.254501,3.36808
1307,1,-0.014,0.987,-2.135732,2.256411,3.331836,3.251147
1308,0,0.987,-0.013,0.556685,-0.76942,3.704339,3.339719
1309,0,0.986,-0.014,0.215071,-0.737999,2.736516,3.443919
1310,0,0.994,-0.006,0.880843,-0.829443,4.569182,4.034085
1311,1,-0.012,0.989,-2.109883,2.156607,3.278542,3.445225
1312,1,-0.011,0.99,-2.396438,2.288655,3.602951,3.291406
1313,1,-0.014,0.987,-2.105081,2.121907,3.653963,3.330206
1314,1,-0.007,0.994,-2.232778,3.415276,3.872794,4.525913
1315,1,-0.014,0.987,-1.858677,1.946084,3.452315,3.343299
1316,0,0.989,-0.011,1.145619,-0.96754,3.442307,3.00862
1317,0,0.989,-0.011,1.096709,-0.896403,3.501208,2.874363
1318,0,0.991,-0.009,1.382316,-0.93306,4.099304,3.11519
1319,1,-0.012,0.989,-1.949271,2.158878,3.861944,3.861177
1320,1,-0.013,0.988,-1.735053,1.951958,3.388015,3.420569
1321,0,0.991,-0.009,1.798607,-1.175101,4.519285,3.333865
1322,0,0.988,-0.012,0.948343,-1.050675,3.314185,3.230093
1323,0,0.988,-0.012,1.136537,-1.175629,3.963821,3.651297
1324,1,-0.012,0.989,-1.814512,1.750454,3.568216,3.129127
1325,1,-0.009,0.992,-2.11756,2.427332,4.104597,3.724564
1326,0,0.987,-0.013,0.446936,-0.975543,3.051943,3.390786
1327,1,-0.011,0.99,-1.819136,2.340361,3.278244,3.978698
1328,1,-0.013,0.988,-1.761321,1.755565,3.671417,3.704638
1329,0,0.989,-0.011,1.337745,-1.469381,3.628584,4.037011
1330,0,0.988,-0.012,0.9748,-1.087499,2.979278,3.096703
1331,0,0.99,-0.01,1.215347,-1.175745,3.653918,3.682357
1332,1,-0.012,0.989,-2.339961,2.326546,3.901027,3.882874
1333,1,-0.014,0.987,-2.130259,1.811494,3.682478,3.143123
1334,1,-0.01,0.991,-2.049088,2.45745,3.445454,4.045634
1335,1,-0.012,0.989,-1.382974,1.948254,2.974333,3.597909
1336,0,0.992,-0.008,2.127272,-1.388897,4.323181,3.530078
1337,1,-0.011,0.99,-1.543008,1.631102,3.733352,3.679276
1338,0,0.989,-0.011,1.503165,-1.459065,3.846024,3.481668
1339,0,0.99,-0.01,1.731633,-1.344625,4.007765,3.529832
1340,0,0.991,-0.009,1.624593,-1.379451,4.248998,4.038085
1341,1,-0.014,0.987,-2.053403,1.804156,3.631759,3.274135
1342,1,-0.012,0.989,-1.66961,1.85105,3.627624,3.545874
1343,0,0.99,-0.01,1.304267,-1.007608,3.921329,3.064373
1344,1,-0.012,0.989,-1.750294,1.912884,3.380287,3.784203
1345,1,-0.01,0.991,-1.704157,2.050561,3.677809,3.852944
1346,0,0.99,-0.01,1.568981,-1.297963,3.871009,3.035818
1347,1,-0.013,0.988,-1.179739,0.954066,3.164744,3.291077
1348,1,-0.013,0.988,-1.221146,1.132092,3.216956,3.71894
1349,1,-0.009,0.992,-1.365893,1.018547,3.748087,3.486303
1350,0,0.988,-0.012,1.77019,-2.372976,3.235741,3.85592
1351,0,0.99,-0.01,1.778834,-1.657953,3.916097,3.591264
1352,1,-0.011,0.99,-1.307258,0.662243,3.784964,4.233913
1353,1,-0.011,0.99,-1.471939,1.241378,3.892945,4.134834
1354,1,-0.009,0.992,-1.084115,1.096601,3.330734,3.705351
1355,0,0.992,-0.008,2.243581,-2.087834,4.020476,3.865368
1356,1,-0.013,0.988,-1.253079,0.546026,3.737926,3.350337
1357,0,0.99,-0.01,2.553899,-3.00871,4.179852,4.211618
1358,1,-0.013,0.988,-1.369643,0.561893,4.032916,3.471442
1359,0,0.989,-0.011,2.367111,-1.984332,4.087585,3.246313
1360,1,-0.012,0.989,-1.193271,0.853751,3.46878,3.687371
1361,1,-0.011,0.99,-1.168112,0.573417,3.750007,3.272509
1362,0,0.991,-0.009,2.615223,-2.399864,4.062235,3.582858
1363,1,-0.012,0.989,-1.084039,0.540067,3.57079,3.169621
1364,0,0.991,-0.009,2.487195,-1.64297,4.286806,3.266877
1365,0,0.99,-0.01,1.929249,-1.769879,3.522002,3.564239
1366,1,-0.013,0.988,-0.954909,0.577294,3.461351,3.318671
1367,0,0.988,-0.012,1.892344,-1.299155,3.679892,3.096533
1368,1,-0.014,0.987,-1.049206,0.958601,3.182554,3.415177
1369,1,-0.01,0.991,-1.392664,1.497281,4.184663,3.69169
1370,1,-0.012,0.989,-1.033788,0.874962,3.614329,3.05179
1371,0,0.989,-0.011,2.416777,-1.469418,4.000691,3.02114
1372,1,-0.011,0.99,-1.006917,0.936944,3.400293,3.648669
1373,1,-0.011,0.99,-1.447136,1.312119,4.17817,3.617589
1374,0,0.989,-0.011,2.299221,-1.774753,3.713479,3.34668
1375,0,0.996,-0.004,3.224323,-1.367065,4.93798,3.270774
1376,1,-0.015,0.986,-1.065503,0.501499,3.207441,3.531917
1377,0,0.988,-0.012,2.059652,-1.881312,3.654538,3.386237
1378,0,0.988,-0.012,1.897644,-1.769042,3.664477,3.543479
1379,0,0.988,-0.012,1.318057,-1.751678,3.624562,3.997296
1380,1,-0.012,0.989,-1.923862,1.735483,3.84358,3.428625
1381,1,-0.009,0.992,-1.324912,1.881812,3.360429,4.390069
1382,1,-0.015,0.986,-1.33526,0.851368,3.238425,2.86757
1383,0,0.986,-0.014,1.243253,-1.595393,3.26329,3.629783
1384,0,0.991,-0.009,1.970197,-1.290766,4.389141,3.546161
1385,1,-0.014,0.987,-1.787403,1.461476,3.76404,3.404536
1386,0,0.99,-0.01,2.236245,-2.37929,3.855935,4.098265
1387,1,-0.009,0.992,-1.160439,1.93054,2.884137,4.310645
1388,0,0.989,-0.011,1.783099,-1.587969,3.544031,3.28721
1389,0,0.989,-0.011,1.513181,-1.240474,4.221678,3.321575
1390,1,-0.008,0.993,-1.660695,2.207797,3.506306,4.191181
1391,1,-0.01,0.991,-1.940159,2.306094,3.99904,4.567248
1392,0,0.99,-0.01,1.510242,-1.579549,3.638432,4.09453
1393,1,-0.014,0.987,-1.574346,1.413436,3.554918,3.619094
1394,1,-0.006,0.995,-1.592826,2.32584,3.7056,4.306247
1395,1,-0.011,0.99,-1.144429,1.353661,3.096189,3.680249
1396,0,0.988,-0.012,1.603125,-1.457903,3.63385,3.476596
1397,0,0.988,-0.012,1.839337,-1.72863,3.510128,3.560689
1398,1,-0.009,0.992,-1.651873,1.878018,4.442607,3.972928
1399,1,-0.008,0.993,-1.580045,1.40591,4.361511,3.969542
1400,0,0.988,-0.012,1.667642,-1.617334,3.253641,3.376034
1401,1,-0.013,0.988,-1.349551,0.872547,3.785287,3.201544
1402,0,0.99,-0.01,2.075096,-1.559974,3.80479,3.040703
1403,0,0.988,-0.012,1.748328,-1.347574,3.556171,2.682008
1404,1,-0.012,0.989,-1.411011,1.529518,3.715942,3.599523
1405,0,0.989,-0.011,1.867347,-1.565121,3.826038,3.412793
1406,0,0.99,-0.01,1.735488,-1.267769,4.310099,2.938183
1407,0,0.988,-0.012,1.467288,-1.44119,3.834157,3.626369
1408,1,-0.013,0.988,-1.777221,1.325523,3.837069,3.198137
1409,1,-0.012,0.989,-1.443457,1.575334,3.245576,3.380364
1410,1,-0.011,0.99,-1.524142,1.861281,3.657651,4.051193
1411,0,0.993,-0.007,2.287265,-2.167686,4.467681,4.57871
1412,0,0.986,-0.014,1.570735,-1.884321,3.377338,3.505417
1413,1,-0.008,0.993,-2.215355,2.369872,4.320631,3.822507
1414,1,-0.012,0.989,-1.4637,1.116551,3.667851,3.003834
1415,0,0.992,-0.008,2.177477,-1.407158,4.561677,3.178059
1416,1,-0.015,0.986,-1.461259,1.24233,3.337507,3.223471
1417,0,0.99,-0.01,1.767882,-1.786853,3.564865,3.724272
1418,0,0.985,-0.015,1.423339,-1.556175,3.224499,3.46731
1419,0,0.989,-0.011,1.637108,-1.377375,3.778626,3.308647
1420,1,-0.01,0.991,-1.693755,1.931226,3.58026,3.718271
1421,0,0.993,-0.007,1.634561,-1.309189,4.006814,3.779931
1422,1,-0.013,0.988,-1.942179,1.905008,3.480827,3.663329
1423,1,-0.012,0.989,-1.664112,2.096471,3.341809,3.972809
1424,0,0.988,-0.012,1.26155,-1.538109,3.613556,3.850921
1425,1,-0.012,0.989,-1.580792,1.311421,3.962116,3.649951
1426,0,0.99,-0.01,1.461113,-1.552885,3.445998,3.889957
1427,0,0.989,-0.011,1.214528,-1.438592,3.867496,3.746697
1428,1,-0.011,0.99,-1.802838,1.221735,3.709107,2.596765
1429,0,0.989,-0.011,0.974488,-1.23635,3.633888,3.373731
1430,1,-0.009,0.992,-2.275224,2.413504,4.414092,4.467237
1431,0,0.989,-0.011,0.792597,-0.846662,3.695096,2.718056
1432,1,-0.011,0.99,-1.536599,1.583312,3.506883,3.268905
1433,0,0.989,-0.011,0.994961,-1.403849,3.703513,3.53958
1434,1,-0.008,0.993,-1.574951,2.281296,3.534894,4.297182
1435,1,-0.01,0.991,-1.670774,2.098201,3.816922,4.3369
1436,1,-0.007,0.994,-1.498293,1.779333,4.084285,4.550544
1437,1,-0.009,0.992,-1.568622,1.585096,3.546962,3.6138
1438,1,-0.009,0.992,-1.696794,1.864189,4.200728,4.401141
1439,0,0.991,-0.009,2.113843,-2.047509,3.948025,3.5665
1440,1,-0.014,0.987,-1.331566,0.735398,3.420568,3.554247
1441,0,0.994,-0.006,2.8148,-1.973104,4.367714,3.657874
1442,1,-0.007,0.994,-1.212252,0.9888,3.870996,4.1384
1443,0,0.989,-0.011,2.199193,-2.183766,3.49644,3.472114
1444,1,-0.01,0.991,-1.140499,0.815637,3.653328,3.404359
1445,0,0.99,-0.01,1.784701,-2.042704,3.0412,3.783428
1446,0,0.99,-0.01,1.775011,-1.957924,3.580053,4.037366
1447,1,-0.014,0.987,-1.229253,0.672937,3.224774,3.402284
1448,1,-0.009,0.992,-1.405886,1.738103,3.878822,4.240411
1449,0,0.989,-0.011,1.922903,-2.529127,3.291472,3.965889
1450,1,-0.015,0.986,-0.929325,0.579966,3.096008,3.608064
1451,1,-0.009,0.992,-0.944624,0.8806,3.681612,4.533939
1452,0,0.991,-0.009,2.5872,-2.433001,4.117232,3.836545
1453,1,-0.013,0.988,-0.844185,0.602093,2.916655,3.76086
1454,1,-0.009,0.992,-0.837016,0.588766,3.335425,3.776205
1455,0,0.99,-0.01,1.9189,-1.934901,3.263205,3.656229
1456,1,-0.011,0.99,-1.155151,1.18788,3.481431,3.87182
1457,0,0.989,-0.011,2.150831,-2.274375,3.783605,3.463792
1458,1,-0.01,0.991,-1.097099,0.848515,3.815963,4.093334
1459,0,0.985,-0.015,1.675698,-1.687499,3.111973,3.059197
1460,1,-0.009,0.992,-0.932387,1.035831,3.280042,3.880192
1461,1,-0.013,0.988,-0.920791,0.428134,3.021663,3.893034
1462,1,-0.01,0.991,-1.297877,1.012085,4.078735,4.703789
1463,1,-0.009,0.992,-0.886795,0.938874,3.008675,3.864342
1464,1,-0.012,0.989,-0.681634,-0.223204,2.95545,3.479954
1465,0,0.986,-0.014,1.663663,-2.137001,2.853635,3.22325
1466,0,0.992,-0.008,2.606235,-4.023468,3.618339,4.86445
1467,0,0.987,-0.013,2.145442,-2.537389,3.194385,3.625312
1468,1,-0.008,0.993,-0.815777,1.002832,3.121392,4.592019
1469,1,-0.01,0.991,-0.86323,0.740431,3.050283,4.273645
1470,0,0.988,-0.012,2.238885,-2.136195,3.490406,3.481454
1471,0,0.987,-0.013,1.503691,-2.2003,2.910558,3.737988
1472,0,0.989,-0.011,1.886729,-2.20734,3.283355,3.780372
1473,0,0.995,-0.005,2.743891,-1.853999,4.19654,3.741061
1474,0,0.987,-0.013,1.421526,-1.648915,2.931343,3.519467
1475,0,0.989,-0.011,1.698477,-1.563904,3.515615,3.727617
1476,1,-0.01,0.991,-1.233423,2.002416,3.10033,4.010771
1477,1,-0.012,0.989,-1.461323,2.012222,3.54316,3.810467
1478,0,0.988,-0.012,0.985092,-1.290099,3.241011,3.678675
1479,0,0.99,-0.01,1.533875,-1.346185,3.317204,3.457419
1480,1,-0.007,0.994,-2.075588,2.850863,4.371699,4.456427
1481,0,0.992,-0.008,1.352008,-1.357813,3.453489,3.768654
1482,1,-0.008,0.993,-1.587857,2.640953,3.402748,4.62503
1483,1,-0.006,0.995,-1.595847,3.09747,3.899997,4.822761
1484,0,0.995,-0.005,2.061128,-1.543772,4.283,4.881546
1485,1,-0.008,0.993,-1.524088,2.126063,3.62766,3.984476
1486,0,0.989,-0.011,1.76314,-1.160149,3.878671,2.943104
1487,0,0.988,-0.012,1.266759,-1.44581,3.533402,3.660822
1488,1,-0.015,0.986,-1.366911,1.341725,3.207448,3.302021
1489,1,-0.007,0.994,-1.147983,2.430147,3.471668,4.615309
1490,1,-0.009,0.992,-1.310965,1.943165,3.615349,4.089119
1491,0,0.992,-0.008,2.491117,-2.129857,3.884762,4.323496
1492,0,0.986,-0.014,1.193081,-1.578076,3.585547,3.916373
1493,0,0.988,-0.012,1.364908,-1.397067,3.367343,3.446938
1494,0,0.988,-0.012,1.464978,-1.601538,3.44577,3.72532
1495,0,0.991,-0.009,1.165198,-1.096821,3.899136,3.354731
1496,0,0.99,-0.01,0.950181,-1.345936,3.198411,4.135117
1497,1,-0.011,0.99,-2.04299,2.07685,3.408749,3.406713
1498,0,0.991,-0.009,0.207089,-0.96531,4.00818,3.505709
1499,0,0.991,-0.009,0.44723,-1.032358,3.757418,3.710495
1500,1,-0.014,0.987,-2.435706,2.348079,3.61305,3.484654
1501,0,0.992,-0.008,0.550781,-0.848252,4.381598,3.526799
1502,1,-0.015,0.986,-2.213853,2.156373,3.520941,3.768292
1503,0,0.989,-0.011,0.461487,-0.919168,3.528292,3.754596
1504,0,0.989,-0.011,0.431672,-0.766213,3.828977,3.099363
1505,1,-0.014,0.987,-2.657237,2.353314,3.756645,3.427049
1506,1,-0.008,0.993,-2.098722,3.355022,3.36918,4.428743
1507,1,-0.013,0.988,-1.343317,1.879084,2.829555,3.605935
1508,0,0.987,-0.013,1.005316,-1.06532,3.357576,3.256697
1509,0,0.991,-0.009,1.330086,-1.156895,4.189577,3.607854
1510,1,-0.011,0.99,-1.829908,2.108051,3.618726,3.704841
1511,1,-0.009,0.992,-2.128526,2.69154,3.854351,4.285578
1512,1,-0.013,0.988,-1.626115,1.61399,3.132464,3.408903
1513,0,0.989,-0.011,1.30964,-1.461773,3.72514,3.658264
1514,1,-0.011,0.99,-1.528112,1.380544,3.413673,3.320544
1515,0,0.993,-0.007,1.925305,-1.391008,4.443044,3.724412
1516,0,0.987,-0.013,1.140861,-1.469938,3.112617,3.641376
1517,1,-0.008,0.993,-1.831664,2.222042,4.383994,4.119077
1518,0,0.99,-0.01,1.377452,-1.448353,3.5354,3.728037
1519,0,0.99,-0.01,1.542194,-1.392813,3.36351,3.456811
1520,0,0.991,-0.009,1.511972,-1.289669,3.99682,3.536753
1521,0,0.989,-0.011,0.624866,-1.033365,3.58313,3.471111
1522,0,0.992,-0.008,0.744829,-0.855267,4.117133,3.083284
1523,1,-0.008,0.993,-2.330914,3.192152,3.59597,4.421908
1524,0,0.99,-0.01,0.054085,-0.870519,3.932419,3.613775
1525,1,-0.01,0.991,-2.63312,2.52614,3.617198,3.437953
1526,1,-0.008,0.993,-2.980617,3.205124,4.11718,4.418464
1527,1,-0.014,0.987,-2.138902,1.884102,3.221285,3.017818
1528,1,-0.011,0.99,-1.827462,2.025916,3.722237,3.660032
1529,1,-0.01,0.991,-1.51019,2.737052,3.33927,4.477817
1530,0,0.991,-0.009,1.757678,-1.259301,3.528222,3.345611
1531,0,0.986,-0.014,0.736413,-1.014738,2.855695,2.999297
1532,0,0.991,-0.009,1.670813,-1.28746,3.769844,3.458516
1533,0,0.989,-0.011,1.370746,-1.250651,3.645064,3.694865
1534,1,-0.012,0.989,-2.326871,2.333164,3.921272,3.929039
1535,0,0.985,-0.015,0.780881,-1.096419,3.376862,3.175896
1536,1,-0.009,0.992,-2.673389,2.868301,3.711225,4.084621
1537,1,-0.014,0.987,-1.74217,1.808938,3.262211,3.351868
1538,0,0.99,-0.01,0.855149,-1.014526,3.753487,3.705097
1539,0,0.987,-0.013,0.744299,-1.356998,3.544881,3.902238
1540,1,-0.012,0.989,-2.085584,1.760163,3.956228,3.388179
1541,0,0.987,-0.013,0.609812,-1.251753,2.833806,3.617537
1542,1,-0.011,0.99,-2.048004,2.034372,4.008503,3.597183
1543,0,0.989,-0.011,0.769916,-1.111769,3.493052,3.248539
1544,1,-0.013,0.988,-1.686121,1.972428,3.362589,3.798863
1545,1,-0.011,0.99,-1.567609,1.931795,3.541027,3.714029
1546,1,-0.01,0.991,-1.894289,2.273996,3.749002,4.003558
1547,1,-0.012,0.989,-1.96856,1.810734,3.769716,3.312282
1548,0,0.99,-0.01,1.522528,-1.661865,3.704824,3.895295
1549,1,-0.006,0.995,-1.472479,2.137162,3.905321,4.608132
1550,1,-0.007,0.994,-1.692649,2.104541,4.224306,4.317746
1551,0,0.992,-0.008,2.856051,-2.118686,4.532303,3.970994
1552,1,-0.008,0.993,-1.61331,2.009596,4.398768,4.038215
1553,1,-0.009,0.992,-1.135747,1.352138,3.760102,3.475586
1554,0,0.988,-0.012,1.967797,-2.062857,3.425707,3.45369
1555,1,-0.013,0.988,-1.107946,0.885971,3.515997,3.153448
1556,1,-0.008,0.993,-0.944585,0.95715,3.318259,3.968453
1557,0,0.99,-0.01,2.393371,-2.061385,3.75475,3.407832
1558,1,-0.014,0.987,-1.119856,0.771235,3.271818,3.440408
1559,1,-0.014,0.987,-0.764845,0.15801,3.113499,3.314012
1560,1,-0.011,0.99,-0.907374,0.581329,3.927294,3.743761
1561,0,0.988,-0.012,2.731547,-2.647666,3.870537,3.47506
1562,1,-0.011,0.99,-0.912773,0.630701,3.86216,3.70074
1563,1,-0.011,0.99,-0.765885,0.08939,3.721824,3.703293
1564,0,0.993,-0.007,3.449194,-3.577156,4.406548,4.813109
1565,0,0.989,-0.011,3.059568,-2.166464,4.107069,2.988654
1566,0,0.988,-0.012,2.167382,-2.10722,3.481258,3.365906
1567,1,-0.008,0.993,-0.854975,1.295196,3.371082,4.403202
1568,0,0.989,-0.011,2.198669,-2.449878,3.429701,3.906097
1569,1,-0.012,0.989,-0.949615,0.558099,3.559759,3.405164
1570,0,0.989,-0.011,2.219583,-2.09545,4.34026,3.984051
1571,0,0.991,-0.009,2.123225,-1.701821,3.581949,3.226568
1572,1,-0.01,0.991,-1.42211,1.354477,3.874639,3.667597
1573,0,0.991,-0.009,2.1796,-2.263451,4.051811,4.486018
1574,0,0.987,-0.013,1.558738,-1.477539,3.553771,3.14076
1575,0,0.991,-0.009,1.820725,-1.481723,4.080367,3.444458
1576,0,0.989,-0.011,1.006017,-1.10496,3.296938,2.910108
1577,0,0.988,-0.012,0.438911,-1.308312,3.234141,3.540064
1578,0,0.989,-0.011,0.407216,-1.436332,3.727235,3.512048
1579,0,0.989,-0.011,-0.505013,-1.153052,3.451671,3.96692
1580,0,0.99,-0.01,-0.281235,-1.29478,4.029765,4.123817
1581,0,0.99,-0.01,0.133199,-1.036164,4.120579,3.45581
1582,1,-0.011,0.99,-2.867395,2.614317,3.72892,4.085133
1583,0,0.99,-0.01,0.041392,-0.852444,3.751221,3.271269
1584,1,-0.009,0.992,-2.12703,2.924167,3.237828,4.132751
1585,1,-0.011,0.99,-2.008473,2.759724,3.379753,4.065188
1586,1,-0.011,0.99,-1.722614,2.860152,3.125762,4.065746
1587,1,-0.012,0.989,-1.425828,2.338752,3.080494,3.69381
1588,0,0.986,-0.014,0.896449,-0.87755,2.776697,3.076748
1589,0,0.987,-0.013,1.618874,-1.300784,3.68134,3.918866
1590,0,0.988,-0.012,1.410824,-1.016815,3.384652,3.481943
1591,1,-0.012,0.989,-1.383891,2.106731,3.141455,3.365312
1592,0,0.987,-0.013,1.273714,-0.957214,3.634387,3.116528
1593,1,-0.009,0.992,-1.52916,2.771045,3.576455,4.271946
1594,1,-0.012,0.989,-1.318269,2.180024,3.331643,3.805136
1595,1,-0.011,0.99,-1.394237,1.985338,3.630312,3.65892
1596,1,-0.012,0.989,-1.377915,2.078619,3.100522,3.733341
1597,1,-0.013,0.988,-1.177546,1.601297,3.349426,3.287271
1598,0,0.992,-0.008,2.664447,-1.445281,4.341432,3.511172
1599,1,-0.013,0.988,-1.03998,1.442103,3.401305,3.10908
1600,1,-0.012,0.989,-1.144004,1.281706,3.680139,3.408602
1601,1,-0.012,0.989,-0.793903,1.297915,3.033588,3.849335
1602,1,-0.011,0.99,-0.762374,1.200868,3.425106,3.722691
1603,0,0.992,-0.008,2.861853,-2.299631,3.851768,3.918455
1604,1,-0.012,0.989,-0.751774,0.58786,3.291951,3.88294
1605,1,-0.011,0.99,-0.672961,0.417237,3.427183,4.146456
1606,0,0.99,-0.01,2.95678,-1.984999,3.826367,2.977237
1607,0,0.995,-0.005,3.132618,-2.966832,4.42111,4.859505
1608,0,0.988,-0.012,2.275465,-2.366888,3.331459,3.926554
1609,0,0.99,-0.01,2.222776,-1.690884,3.768139,3.418911
1610,0,0.99,-0.01,2.216562,-1.833256,2.982192,3.754738
1611,1,-0.008,0.993,-0.9407,2.251239,2.563957,4.512225
1612,1,-0.014,0.987,-1.214714,1.193098,3.058135,3.297211
1613,1,-0.011,0.99,-1.042689,2.037888,3.402629,4.146327
1614,0,0.989,-0.011,2.09191,-1.633924,3.347267,3.474823
1615,0,0.993,-0.007,2.109991,-1.640166,3.434769,3.9467
1616,0,0.991,-0.009,2.540574,-1.453679,3.895462,3.203696
1617,0,0.989,-0.011,1.720812,-1.346178,3.74848,3.54624
1618,1,-0.007,0.994,-1.453194,2.673701,3.875005,4.694862
1619,1,-0.013,0.988,-1.224905,1.633495,3.290527,3.577037
1620,1,-0.011,0.99,-1.177832,1.952639,3.1738,4.288742
1621,0,0.987,-0.013,1.480625,-1.181901,3.2649,3.284866
1622,1,-0.013,0.988,-1.598096,1.812531,3.744506,3.753564
1623,0,0.989,-0.011,1.974258,-1.20944,3.634197,3.087234
1624,0,0.989,-0.011,1.85944,-1.237193,3.86346,3.195604
1625,1,-0.01,0.991,-0.990733,1.943056,3.204417,4.048527
1626,1,-0.014,0.987,-1.113663,1.623404,3.066801,3.873492
1627,0,0.99,-0.01,1.945501,-1.708294,3.198712,3.593638
1628,0,0.992,-0.008,2.313221,-1.558805,3.989802,3.871486
1629,0,0.991,-0.009,2.322829,-1.252368,4.272617,3.392481
1630,0,0.986,-0.014,1.370223,-1.112033,3.309923,3.111409
1631,1,-0.012,0.989,-1.545848,2.131976,3.460003,3.729033
1632,1,-0.011,0.99,-1.280642,1.722393,3.133013,3.160645
1633,0,0.987,-0.013,1.400233,-1.215147,3.115764,3.256899
1634,1,-0.011,0.99,-1.294105,2.186217,3.300017,4.09209
1635,0,0.989,-0.011,1.8723,-1.179414,4.102836,3.330835
1636,1,-0.01,0.991,-1.486628,2.051319,3.329742,3.745333
1637,0,0.986,-0.014,0.951623,-1.189335,3.579194,3.399972
1638,0,0.988,-0.012,1.617595,-1.178128,3.572073,3.221207
1639,0,0.987,-0.013,1.082441,-1.141693,3.654931,3.489897
1640,0,0.989,-0.011,1.077835,-1.246775,3.631041,3.791519
1641,1,-0.011,0.99,-1.663153,2.197197,3.426498,4.000426
1642,0,0.991,-0.009,1.236226,-1.258449,4.014309,3.930336
1643,1,-0.01,0.991,-2.194964,2.716717,3.886457,4.125012
1644,0,0.989,-0.011,0.881813,-1.1006,2.979917,3.345882
1645,0,0.993,-0.007,0.908889,-1.018909,4.463416,3.563109
1646,1,-0.012,0.989,-2.226056,2.388751,3.183474,3.904523
1647,0,0.987,-0.013,0.315614,-0.892881,3.632007,3.05662
1648,0,0.989,-0.011,0.388077,-1.059383,3.897183,3.895287
1649,1,-0.011,0.99,-2.007137,2.710471,3.21419,3.933935
1650,1,-0.012,0.989,-2.192443,2.66203,3.118726,4.382386
1651,0,0.989,-0.011,0.75016,-1.234012,3.594406,3.903053
1652,1,-0.012,0.989,-1.91858,2.232604,3.553216,4.048407
1653,0,0.989,-0.011,0.581176,-1.183792,3.476218,3.704311
1654,1,-0.011,0.99,-2.201769,2.514737,3.730137,4.18995
1655,1,-0.007,0.994,-1.959283,2.827585,3.403441,4.313174
1656,1,-0.013,0.988,-1.660882,1.952478,3.093457,3.748239
1657,1,-0.011,0.99,-1.418624,1.977068,3.162449,3.819484
1658,0,0.991,-0.009,1.761463,-1.477549,4.280395,3.612438
1659,0,0.99,-0.01,1.18692,-1.406227,3.34599,3.87223
1660,0,0.991,-0.009,1.545014,-1.714045,2.615896,4.342616
1661,1,-0.011,0.99,-1.67539,1.916582,3.769035,3.857924
1662,1,-0.01,0.991,-1.785733,2.486102,3.655415,4.514703
1663,0,0.989,-0.011,1.183703,-1.46638,3.321123,3.832007
1664,0,0.989,-0.011,1.178345,-1.529475,3.504014,3.867521
1665,1,-0.013,0.988,-1.892552,1.535557,3.285217,3.160834
1666,1,-0.01,0.991,-1.55643,1.716046,3.114609,3.644922
1667,0,0.989,-0.011,1.435977,-1.514151,3.089214,3.678915
1668,0,0.991,-0.009,1.622234,-1.1617,3.769515,3.274568
1669,0,0.989,-0.011,1.702337,-1.477638,3.522802,3.722879
1670,0,0.991,-0.009,1.278129,-1.511323,4.094235,4.389282
1671,0,0.989,-0.011,0.585477,-1.120226,3.761695,3.798611
1672,1,-0.01,0.991,-1.981237,2.777755,2.984206,4.064683
1673,1,-0.014,0.987,-1.850366,1.944384,2.784199,3.22361
1674,1,-0.014,0.987,-2.022189,2.054168,3.51899,3.846704
1675,0,0.989,-0.011,0.868868,-1.307417,2.979143,3.701649
1676,1,-0.011,0.99,-1.60394,2.061073,3.253532,3.630822
1677,1,-0.011,0.99,-1.9467,2.251057,3.468534,4.110653
1678,1,-0.005,0.996,-1.961576,3.132313,4.017511,5.044357
1679,1,-0.01,0.991,-1.729579,2.055281,3.772449,4.223171
1680,1,-0.011,0.99,-1.076161,1.349469,2.808392,3.572587
1681,1,-0.014,0.987,-1.12956,0.942759,2.932158,3.489146
1682,0,0.987,-0.013,1.603864,-2.197149,3.019623,3.727252
1683,0,0.991,-0.009,2.487408,-2.006801,3.941837,3.788156
1684,0,0.99,-0.01,1.950444,-2.135347,3.679392,4.013023
1685,0,0.989,-0.011,1.490183,-1.606365,3.421869,3.554246
1686,0,0.988,-0.012,1.443996,-1.935059,3.320094,4.059048
1687,0,0.986,-0.014,0.977889,-1.311353,2.6555,3.325971
1688,0,0.987,-0.013,1.026695,-1.262981,2.848988,3.31209
1689,1,-0.011,0.99,-1.876508,2.01755,3.455631,3.673768
1690,0,0.99,-0.01,0.927813,-1.162241,3.235231,3.609104
1691,1,-0.013,0.988,-1.658105,1.836935,2.991506,3.35087
1692,0,0.988,-0.012,0.768522,-0.936404,3.406912,2.998183
1693,0,0.987,-0.013,1.230167,-1.478813,3.762241,4.082601
1694,1,-0.011,0.99,-1.582522,2.708907,3.255826,4.440574
1695,1,-0.012,0.989,-1.609688,2.218927,2.780005,3.6941
1696,0,0.99,-0.01,0.769188,-1.270243,3.344559,3.905788
1697,1,-0.012,0.989,-1.870731,1.999168,3.051654,3.585201
1698,0,0.987,-0.013,0.42258,-1.217123,2.948368,3.651209
1699,0,0.986,-0.014,0.65848,-1.436761,3.190256,4.041769
1700,1,-0.013,0.988,-2.153459,2.284189,3.218069,3.97066
1701,1,-0.011,0.99,-1.863633,2.23105,3.308864,3.963626
1702,0,0.987,-0.013,0.792797,-1.247941,2.975684,3.641437
1703,1,-0.013,0.988,-1.813694,1.808819,3.064585,3.4262
1704,1,-0.01,0.991,-1.700426,2.353584,3.170587,3.934642
1705,1,-0.012,0.989,-1.650664,1.920652,3.178614,3.545694
1706,0,0.993,-0.007,1.787341,-1.669842,3.472079,4.082084
1707,1,-0.013,0.988,-1.116185,1.491883,2.942987,3.523532
1708,1,-0.013,0.988,-1.293434,1.655225,2.718997,3.795683
1709,1,-0.013,0.988,-1.102857,1.187901,3.012701,3.471995
1710,0,0.987,-0.013,1.355738,-1.802614,2.731502,3.804797
1711,0,0.992,-0.008,1.815712,-1.98963,3.43458,4.310099
1712,0,0.987,-0.013,1.438104,-2.007266,2.848264,3.852279
1713,1,-0.015,0.986,-1.093031,1.004569,2.535869,3.377833
1714,1,-0.013,0.988,-1.060527,1.427126,3.003288,3.693946
1715,0,0.99,-0.01,1.726427,-1.582569,3.390706,3.770349
1716,0,0.987,-0.013,1.384859,-1.590833,3.045083,3.577487
1717,0,0.987,-0.013,1.277899,-1.438539,3.06799,3.440524
1718,1,-0.011,0.99,-1.211093,1.887194,3.152846,3.995072
1719,1,-0.008,0.993,-1.172135,2.244292,2.763207,4.351779
1720,0,0.989,-0.011,1.685415,-1.150295,3.676976,3.033167
1721,1,-0.014,0.987,-1.19414,1.381236,3.152027,3.334475
1722,1,-0.013,0.988,-1.126621,1.462499,2.56379,3.497142
1723,0,0.989,-0.011,1.718189,-1.558105,3.446938,3.509253
1724,0,0.988,-0.012,1.344354,-1.419564,2.602483,3.676021
1725,0,0.987,-0.013,1.229509,-1.363734,3.44479,3.539743
1726,0,0.987,-0.013,1.249073,-1.312051,3.213432,3.446342
1727,0,0.989,-0.011,1.188684,-1.219985,2.870601,3.554146
1728,0,0.99,-0.01,0.946025,-0.821308,3.327649,3.659824
1729,0,0.986,-0.014,0.753906,-0.886132,2.884429,3.892099
1730,0,0.987,-0.013,0.25911,-0.462297,3.347512,3.199143
1731,0,0.992,-0.008,0.331322,-0.241764,3.839541,3.286437
1732,1,-0.012,0.989,-2.404471,2.821346,3.137765,3.228086
1733,1,-0.009,0.992,-2.331804,4.176201,3.586572,4.750933
1734,1,-0.013,0.988,-2.200741,2.919231,3.412758,3.868136
1735,0,0.985,-0.015,-0.000451,-0.640026,2.952052,3.453087
1736,1,-0.011,0.99,-1.668207,2.606518,2.901991,3.651881
1737,0,0.989,-0.011,0.647128,-0.818755,3.19055,3.826602
1738,0,0.988,-0.012,0.457054,-0.917508,3.510036,3.948613
1739,1,-0.014,0.987,-1.392193,1.968537,2.702251,3.075707
1740,1,-0.009,0.992,-1.485561,3.033619,2.840108,4.611568
1741,1,-0.013,0.988,-1.488732,2.029717,3.09374,3.543188
1742,1,-0.012,0.989,-1.3408,2.138987,2.999775,3.959547
1743,0,0.987,-0.013,1.235363,-1.441976,3.42188,3.47152
1744,0,0.991,-0.009,1.889615,-1.883904,4.032693,4.727661
1745,1,-0.007,0.994,-1.344714,2.745052,3.576205,4.629066
1746,1,-0.012,0.989,-1.278815,1.57701,2.699695,3.565031
1747,0,0.992,-0.008,1.491781,-1.535861,3.81994,4.210403
1748,0,0.988,-0.012,1.558932,-1.574713,3.394334,3.464629
1749,1,-0.015,0.986,-1.092221,1.338793,2.855509,3.784804
1750,0,0.991,-0.009,2.137618,-1.734997,3.46423,3.977827
1751,1,-0.011,0.99,-1.277067,1.813792,3.20433,3.981571
1752,1,-0.013,0.988,-1.357969,1.531374,3.4562,3.722046
1753,1,-0.013,0.988,-1.115239,1.387687,2.801536,3.706892
1754,0,0.989,-0.011,1.703008,-1.750157,3.496232,3.533324
1755,0,0.992,-0.008,2.166767,-1.964027,3.699869,4.109092
1756,1,-0.01,0.991,-1.029697,1.380599,2.809665,4.295219
1757,0,0.992,-0.008,1.569445,-1.912317,2.699702,4.064957
1758,1,-0.009,0.992,-0.961044,1.640982,3.229279,4.382372
1759,0,0.987,-0.013,1.32776,-1.579809,2.584909,3.320871
1760,0,0.989,-0.011,1.785884,-1.811532,3.712316,3.842662
1761,0,0.991,-0.009,2.064736,-1.456938,3.939134,3.309648
1762,0,0.993,-0.007,1.802171,-1.478082,3.533712,3.919295
1763,0,0.987,-0.013,1.120732,-1.280467,3.563916,3.540671
1764,1,-0.008,0.993,-1.585941,2.55693,3.101038,4.48181
1765,0,0.991,-0.009,1.257583,-1.000498,3.657452,3.207865
1766,0,0.987,-0.013,0.776935,-1.240864,3.408869,3.974871
1767,1,-0.015,0.986,-1.415783,1.885762,2.586371,3.180373
1768,1,-0.012,0.989,-1.745514,2.143578,3.314242,3.707808
1769,1,-0.006,0.995,-2.453053,3.130874,4.557699,4.833427
1770,0,0.988,-0.012,1.117103,-1.38405,3.447931,3.7832
1771,1,-0.011,0.99,-1.673122,2.137864,3.203236,3.787463
1772,1,-0.01,0.991,-1.877664,2.43758,3.685205,4.154428
1773,0,0.99,-0.01,1.671117,-1.43976,3.785576,3.725983
1774,0,0.985,-0.015,0.955705,-1.51189,3.304754,3.671389
1775,1,-0.013,0.988,-1.352463,1.633455,3.141359,3.554654
1776,0,0.989,-0.011,1.450036,-1.244864,4.024466,3.349378
1777,1,-0.01,0.991,-1.937885,2.266311,3.562916,3.993614
1778,0,0.989,-0.011,1.174626,-1.040737,3.23935,2.968623
1779,1,-0.012,0.989,-1.712276,1.651441,3.627475,3.394833
1780,0,0.988,-0.012,0.881662,-1.403408,3.256078,3.763347
1781,0,0.986,-0.014,0.885355,-1.166096,3.391998,3.193215
1782,0,0.986,-0.014,0.601875,-1.080331,2.951467,3.331944
1783,1,-0.011,0.99,-1.790959,2.280342,3.410731,3.852938
1784,0,0.991,-0.009,1.219883,-1.347771,3.81639,3.938292
1785,1,-0.013,0.988,-1.583395,1.820472,3.147167,3.408364
1786,0,0.993,-0.007,1.503319,-1.182946,4.094433,3.59059
1787,1,-0.009,0.992,-2.232643,2.826996,3.681622,4.397118
1788,1,-0.006,0.995,-1.670223,3.045073,3.510416,4.890368
1789,0,0.99,-0.01,1.387174,-1.550364,3.987025,4.011947
1790,1,-0.013,0.988,-1.761646,1.943119,3.563055,3.873476
1791,0,0.987,-0.013,1.024085,-1.224815,3.237709,3.46836
1792,1,-0.012,0.989,-1.763452,2.009928,3.309266,3.845506
1793,0,0.99,-0.01,1.118947,-1.498122,3.876982,3.915452
1794,1,-0.012,0.989,-1.70888,1.92453,3.56022,3.984113
1795,0,0.989,-0.011,0.85375,-1.321009,4.02884,3.857432
1796,0,0.991,-0.009,1.431907,-1.669583,3.581098,4.060261
1797,0,0.988,-0.012,0.53795,-1.10704,3.708353,3.345222
1798,0,0.989,-0.011,0.195308,-1.132821,3.915558,3.865296
1799,0,0.988,-0.012,0.21841,-0.940772,3.242774,3.225316
1800,0,0.991,-0.009,0.517162,-1.091629,3.942971,3.587296
1801,1,-0.014,0.987,-2.857966,1.72819,3.749963,2.880929
1802,0,0.993,-0.007,0.531463,-1.309478,4.047519,4.476762
1803,1,-0.01,0.991,-2.709301,2.758307,3.508358,4.229202
1804,1,-0.012,0.989,-2.384215,2.432262,3.370559,3.83438
1805,1,-0.01,0.991,-2.590498,2.494415,3.84812,4.054719
1806,0,0.989,-0.011,0.250329,-0.871217,3.632705,3.167373
1807,0,0.988,-0.012,0.574886,-1.121749,3.629979,3.436004
1808,0,0.989,-0.011,0.54024,-0.900241,4.002942,2.971496
1809,1,-0.01,0.991,-1.86984,2.240522,3.390357,4.050337
1810,0,0.99,-0.01,0.424325,-0.947048,3.762405,3.52324
1811,0,0.986,-0.014,0.434796,-0.866026,3.462124,3.008277
1812,1,-0.011,0.99,-2.466134,2.201989,3.603198,3.322156
1813,0,0.989,-0.011,0.83322,-1.125301,3.531738,3.77373
1814,1,-0.012,0.989,-2.162194,1.98845,3.40323,3.354288
1815,0,0.989,-0.011,0.908434,-1.203741,3.823946,3.824332
1816,0,0.989,-0.011,0.806028,-1.112035,3.716606,3.340116
1817,1,-0.006,0.995,-2.232881,2.889816,4.276139,4.868349
1818,0,0.988,-0.012,0.478083,-1.123536,3.14417,3.556022
1819,1,-0.012,0.989,-2.515321,2.449566,3.492723,3.839186
1820,1,-0.012,0.989,-2.516661,2.092235,3.790941,3.700347
1821,0,0.987,-0.013,0.736876,-1.257032,3.449996,3.620917
1822,1,-0.013,0.988,-1.692114,1.49729,3.500434,2.990973
1823,1,-0.011,0.99,-1.726633,1.991144,3.128241,3.432223
1824,1,-0.011,0.99,-1.815528,1.89288,3.351924,3.40727
1825,1,-0.014,0.987,-1.483299,1.437256,3.107093,3.395928
1826,0,0.987,-0.013,1.190829,-1.531245,2.886183,3.225775
1827,1,-0.013,0.988,-1.305936,1.496827,3.162499,3.941314
1828,1,-0.011,0.99,-1.58993,1.460068,3.828599,3.924044
1829,0,0.989,-0.011,1.977269,-2.23062,3.825424,3.896212
1830,0,0.989,-0.011,1.45383,-1.700924,3.320883,3.61875
1831,1,-0.013,0.988,-1.143772,1.457092,2.702676,3.817715
1832,0,0.99,-0.01,2.058637,-2.225979,3.87798,4.0195
1833,1,-0.011,0.99,-1.406039,1.29694,3.48999,3.535998
1834,1,-0.008,0.993,-1.792383,1.340104,4.288582,4.557008
1835,1,-0.014,0.987,-1.190902,0.353178,2.975735,3.539727
1836,0,0.99,-0.01,2.340904,-2.085583,4.01705,3.596301
1837,0,0.991,-0.009,2.141382,-2.080027,3.889993,3.688792
1838,1,-0.014,0.987,-1.171572,0.699365,3.358474,3.335522
1839,1,-0.006,0.995,-1.456793,1.574878,4.014644,3.635101
1840,1,-0.014,0.987,-1.06823,0.557712,3.392503,3.106789
1841,1,-0.014,0.987,-1.197387,0.339856,3.743079,3.522247
1842,1,-0.013,0.988,-0.82077,0.279711,3.12547,3.554296
1843,1,-0.011,0.99,-0.812404,-0.090038,3.371677,3.469274
1844,1,-0.015,0.986,-0.788209,-0.179727,3.170368,3.237624
1845,1,-0.012,0.989,-0.674523,0.236572,3.118296,3.511594
1846,0,0.992,-0.008,3.449933,-2.760429,4.171531,3.555918
1847,1,-0.014,0.987,-0.728204,0.180578,3.339738,3.024776
1848,0,0.988,-0.012,2.328009,-2.239346,3.251009,3.163432
1849,0,0.993,-0.007,3.564327,-3.114739,4.347678,4.594069
1850,0,0.988,-0.012,2.439302,-1.749796,3.724509,3.204683
1851,1,-0.01,0.991,-0.957211,0.981292,3.742582,3.89321
1852,1,-0.008,0.993,-1.124226,1.334449,4.104364,3.40464
1853,0,0.988,-0.012,2.315242,-1.850976,3.659367,3.300968
1854,1,-0.01,0.991,-0.878007,1.033051,3.398118,3.754307
1855,1,-0.011,0.99,-0.98602,1.191345,3.651266,3.825569
1856,0,0.99,-0.01,2.564022,-2.348979,3.451034,3.677109
1857,0,0.988,-0.012,2.237605,-1.588024,3.697442,2.776985
1858,1,-0.012,0.989,-1.12113,1.240054,3.426841,3.84829
1859,1,-0.012,0.989,-0.915404,1.048712,3.276317,3.673501
1860,0,0.988,-0.012,1.711717,-1.882547,2.972247,3.310869
1861,1,-0.014,0.987,-0.877481,0.746242,3.276892,3.786933
1862,0,0.989,-0.011,2.363869,-2.315651,3.432523,3.636159
1863,1,-0.009,0.992,-0.943986,0.886203,3.551658,3.773819
1864,0,0.99,-0.01,1.998651,-2.27381,3.427595,3.812096
1865,1,-0.012,0.989,-1.055645,0.934226,3.235436,3.515328
1866,1,-0.01,0.991,-0.871283,0.728083,3.096958,3.996337
1867,0,0.99,-0.01,2.440844,-2.447628,3.328024,3.875563
1868,0,0.991,-0.009,1.969206,-2.493526,3.264262,4.132216
1869,0,0.99,-0.01,2.191412,-2.437803,3.686689,4.143398
1870,0,0.989,-0.011,1.923552,-1.954078,3.880085,3.937397
1871,1,-0.014,0.987,-1.202389,0.965352,3.368725,3.48315
1872,0,0.987,-0.013,1.751099,-1.860948,3.706235,3.784479
1873,0,0.989,-0.011,1.629424,-1.559398,3.487895,3.398795
1874,1,-0.01,0.991,-1.598859,1.855385,3.637363,4.158556
1875,0,0.99,-0.01,1.892199,-1.489325,3.517774,3.456618
1876,1,-0.009,0.992,-1.789246,2.236115,3.798478,4.489727
1877,0,0.988,-0.012,1.250691,-1.143318,3.078534,2.919034
1878,1,-0.012,0.989,-1.453115,1.667942,3.11227,3.385302
1879,1,-0.013,0.988,-1.233908,1.604969,2.908682,3.588075
1880,0,0.991,-0.009,1.598074,-1.558396,3.834844,3.765702
1881,1,-0.012,0.989,-1.259528,1.369697,3.155955,3.02658
1882,0,0.988,-0.012,1.475892,-1.375054,3.518663,3.388136
1883,0,0.992,-0.008,1.735906,-1.745397,3.676286,4.193833
1884,1,-0.01,0.991,-1.041625,1.826952,3.467241,4.174091
1885,0,0.989,-0.011,1.256595,-1.35497,2.965207,3.40048
1886,0,0.992,-0.008,1.58673,-1.379032,4.149755,3.70108
1887,1,-0.012,0.989,-1.687288,1.958307,3.291559,3.462029
1888,0,0.99,-0.01,1.253963,-1.062045,4.000274,3.278831
1889,0,0.99,-0.01,1.220108,-1.099812,3.906862,3.519524
1890,0,0.988,-0.012,0.667625,-1.051095,3.493348,3.337429
1891,0,0.986,-0.014,-0.079346,-0.888243,3.212151,3.776018
1892,0,0.989,-0.011,0.727952,-0.836523,3.902514,3.002842
1893,1,-0.009,0.992,-2.445551,2.983362,3.235503,3.880647
1894,0,0.992,-0.008,-0.290331,-0.672778,3.878285,3.813154
1895,1,-0.013,0.988,-2.507507,2.333152,3.444691,3.233827
1896,0,0.989,-0.011,0.722073,-0.816557,3.368592,3.391393
1897,0,0.988,-0.012,0.15585,-0.607628,3.298715,3.11327
1898,1,-0.009,0.992,-2.591367,3.135614,3.884718,4.204685
1899,1,-0.014,0.987,-2.045291,2.248157,3.325013,3.394752
1900,0,0.995,-0.005,1.261295,-1.22982,4.569388,4.756144
1901,1,-0.009,0.992,-1.896424,2.32479,3.700354,3.575666
1902,0,0.989,-0.011,1.035726,-1.038171,4.088004,3.79687
1903,0,0.989,-0.011,1.0563,-1.013417,3.982172,3.434938
1904,1,-0.012,0.989,-1.739918,2.227095,2.879047,3.478373
1905,1,-0.012,0.989,-2.214063,2.009819,3.658776,3.382812
1906,0,0.99,-0.01,1.172006,-1.241278,4.21461,3.48098
1907,1,-0.011,0.99,-1.480765,2.298769,3.196148,4.330441
1908,0,0.988,-0.012,0.895445,-1.225386,3.588993,3.816351
1909,1,-0.011,0.99,-2.047389,2.309931,3.364695,4.006401
1910,0,0.988,-0.012,1.237413,-1.172348,3.564199,3.439949
1911,0,0.99,-0.01,0.835302,-0.972748,3.968477,3.183855
1912,0,0.99,-0.01,1.023334,-1.204371,3.677527,3.503469
1913,0,0.991,-0.009,0.927345,-1.155257,3.886715,3.882876
1914,0,0.99,-0.01,0.596927,-0.767478,3.625921,2.922549
1915,0,0.988,-0.012,-0.17934,-0.85135,3.61814,3.372299
1916,1,-0.013,0.988,-2.670786,2.081133,3.238249,3.016454
1917,1,-0.012,0.989,-2.108583,2.182712,3.106973,3.543276
1918,1,-0.008,0.993,-2.28024,2.666514,3.484979,3.872315
1919,1,-0.012,0.989,-2.102319,2.120263,3.087429,3.551903
1920,1,-0.007,0.994,-2.897058,2.874131,4.456061,4.347958
1921,1,-0.011,0.99,-1.58966,2.284388,3.217654,4.056695
1922,1,-0.013,0.988,-1.47936,1.591554,2.884564,3.348902
1923,0,0.987,-0.013,1.130005,-1.466774,2.931767,3.648652
1924,0,0.99,-0.01,1.448188,-1.399336,3.412481,3.901578
1925,0,0.991,-0.009,1.648447,-1.392091,3.494783,3.333323
1926,1,-0.012,0.989,-1.467976,1.746884,3.361366,3.604099
1927,0,0.989,-0.011,1.336889,-1.412004,3.845545,3.588795
1928,0,0.99,-0.01,1.205072,-1.443932,3.783804,3.96564
1929,0,0.986,-0.014,0.940921,-1.152781,3.004819,3.226571
1930,0,0.987,-0.013,1.052007,-1.425884,3.731311,3.989722
1931,1,-0.013,0.988,-2.505534,2.070946,3.656972,3.430269
1932,1,-0.01,0.991,-2.274229,2.173534,3.287714,3.141646
1933,0,0.991,-0.009,1.035211,-0.724764,4.132561,2.478081
1934,0,0.988,-0.012,0.859862,-1.196099,3.267386,3.614767
1935,1,-0.012,0.989,-1.991505,1.800876,3.343215,2.993888
1936,0,0.989,-0.011,0.557713,-1.114527,3.566172,3.8487
1937,1,-0.014,0.987,-2.231002,2.148357,3.46021,3.511214
1938,0,0.988,-0.012,0.528903,-0.988658,3.48142,3.411044
1939,0,0.988,-0.012,0.709646,-0.94855,3.53433,3.169521
1940,1,-0.01,0.991,-2.310144,2.201533,3.61865,3.696431
1941,0,0.989,-0.011,0.55877,-1.194977,2.98487,3.982828
1942,0,0.987,-0.013,0.548613,-1.076878,2.679209,3.121559
1943,1,-0.008,0.993,-2.900249,2.751881,4.322353,4.370116
1944,0,0.99,-0.01,0.385082,-0.969554,3.666695,3.547538
1945,1,-0.011,0.99,-1.991834,2.263582,3.210213,3.997247
1946,0,0.992,-0.008,1.113133,-1.125162,4.247288,3.806959
1947,0,0.991,-0.009,0.658046,-0.972671,3.92173,3.35334
1948,0,0.988,-0.012,0.441551,-1.042149,3.33192,3.593387
1949,1,-0.014,0.987,-2.194409,1.982379,3.16151,3.081377
1950,1,-0.014,0.987,-2.495195,2.251267,3.630907,3.533688
1951,1,-0.012,0.989,-2.407917,2.147824,3.345949,3.380586
1952,1,-0.009,0.992,-2.336108,2.683915,3.855576,4.053555
1953,1,-0.013,0.988,-1.705543,1.812768,3.12921,3.322377
1954,0,0.986,-0.014,0.92908,-1.308149,3.374019,3.811746
1955,1,-0.009,0.992,-1.959874,2.265258,3.881678,4.233303
1956,0,0.988,-0.012,1.197608,-0.913165,3.965262,2.543521
1957,1,-0.009,0.992,-1.989292,2.475698,3.664708,4.130358
1958,1,-0.012,0.989,-1.810641,1.709731,3.589931,3.797298
1959,1,-0.015,0.986,-1.515047,1.083129,3.011089,2.73346
1960,1,-0.008,0.993,-1.48129,1.782453,4.021829,3.934571
1961,0,0.993,-0.007,2.133815,-1.525311,3.894224,3.507936
1962,0,0.991,-0.009,1.974662,-1.827299,3.613129,4.408886
1963,1,-0.013,0.988,-1.107942,1.207565,3.156953,3.498433
1964,1,-0.009,0.992,-1.557702,1.73483,3.910847,4.337617
1965,1,-0.013,0.988,-1.301314,0.879571,3.858881,3.710406
1966,0,0.988,-0.012,1.792875,-2.030192,3.240394,3.663371
1967,0,0.989,-0.011,1.984094,-1.947802,3.575062,3.720489
1968,0,0.988,-0.012,1.851243,-1.757178,3.4975,3.280797
1969,0,0.988,-0.012,2.027889,-1.747292,3.484848,3.623241
1970,1,-0.01,0.991,-1.379656,1.6568,3.920081,3.937645
1971,1,-0.014,0.987,-1.151156,1.215293,3.183776,3.691422
1972,1,-0.009,0.992,-1.403363,1.861223,3.84734,4.229131
1973,0,0.989,-0.011,1.775163,-1.584158,3.563647,3.341944
1974,1,-0.01,0.991,-1.652108,1.390948,4.117611,3.384132
1975,0,0.992,-0.008,2.619158,-1.459335,4.321583,2.921248
1976,1,-0.012,0.989,-1.090618,0.913144,3.334666,3.148634
1977,0,0.988,-0.012,1.717157,-1.834997,3.453366,3.689169
1978,1,-0.014,0.987,-1.126689,1.041092,3.325838,3.491545
1979,0,0.991,-0.009,2.261461,-2.273277,3.503178,3.916004
1980,0,0.99,-0.01,2.320438,-1.693114,4.442309,3.692415
1981,0,0.992,-0.008,2.251534,-1.671101,4.21163,3.638351
1982,1,-0.009,0.992,-1.427997,1.908096,3.666392,4.319874
1983,0,0.987,-0.013,1.858818,-1.604552,4.137861,3.64597
1984,0,0.99,-0.01,1.87077,-1.175471,4.017015,3.054704
1985,0,0.989,-0.011,1.711423,-1.235369,4.278255,3.401673
1986,0,0.992,-0.008,1.921823,-1.192561,4.011114,3.69255
1987,0,0.991,-0.009,1.351095,-0.987417,4.040464,3.663041
1988,0,0.992,-0.008,1.217614,-0.739204,3.819506,3.516206
1989,1,-0.011,0.99,-2.280091,2.653824,3.677134,3.741997
1990,0,0.991,-0.009,0.860768,-0.74483,4.125953,3.533105
1991,1,-0.009,0.992,-2.523923,3.165831,4.067138,4.126284
1992,1,-0.008,0.993,-2.239802,3.30413,3.622188,4.530558
1993,1,-0.01,0.991,-2.378019,2.821213,4.252512,4.184339
1994,1,-0.011,0.99,-1.711482,2.445663,3.045784,3.776859
1995,0,0.99,-0.01,1.276863,-1.197882,3.817429,3.592503
1996,0,0.986,-0.014,0.655527,-0.800671,2.742154,2.806461
1997,1,-0.01,0.991,-2.494268,2.341714,4.2995,3.630207
1998,0,0.988,-0.012,0.970365,-1.002538,2.864229,2.957379
1999,0,0.99,-0.01,1.109394,-1.193253,3.854899,3.67559
2000,1,-0.007,0.994,-1.951778,3.126426,3.39135,4.57968
2001,1,-0.013,0.988,-1.62618,1.520979,3.512017,2.938812
2002,0,0.991,-0.009,1.672756,-1.388344,4.161527,4.11016
2003,0,0.99,-0.01,1.067793,-1.019049,3.67936,3.413667
2004,0,0.987,-0.013,0.599002,-0.817029,3.366384,2.899309
2005,1,-0.013,0.988,-1.538681,1.953875,2.980859,3.337843
2006,1,-0.01,0.991,-1.818217,2.559578,3.66533,4.187379
2007,0,0.988,-0.012,0.471823,-1.088394,3.466768,3.770085
2008,0,0.989,-0.011,0.962076,-1.076156,3.794907,3.227689
2009,0,0.987,-0.013,0.616975,-0.852585,3.384131,3.015064
2010,1,-0.013,0.988,-2.266028,2.178003,3.409519,3.382797
2011,1,-0.015,0.986,-1.927809,1.607815,3.361034,3.041815
2012,1,-0.011,0.99,-2.063048,1.838495,3.482113,2.693356
2013,0,0.988,-0.012,0.905423,-1.255958,3.006362,3.61608
2014,0,0.988,-0.012,1.000847,-0.910144,3.460642,2.870891
2015,0,0.991,-0.009,0.958859,-0.852179,4.013358,2.637491
2016,0,0.989,-0.011,0.646116,-1.258919,3.40626,4.129904
2017,0,0.99,-0.01,0.465861,-0.948295,3.970485,3.919573
2018,1,-0.011,0.99,-2.18699,2.562013,3.494452,3.760175
2019,0,0.991,-0.009,0.684538,-0.734427,3.478179,3.130847
2020,0,0.989,-0.011,0.139992,-0.774497,3.800886,3.431176
2021,0,0.989,-0.011,0.280895,-0.865986,3.832041,3.487822
2022,1,-0.008,0.993,-2.33954,3.264497,3.559503,4.440567
2023,1,-0.009,0.992,-2.785249,3.176875,3.948844,4.271389
2024,1,-0.013,0.988,-1.845468,1.943117,3.172974,3.02143
2025,1,-0.015,0.986,-2.112307,2.111264,3.477734,3.560148
2026,0,0.989,-0.011,0.914243,-1.018189,3.259036,3.612068
2027,0,0.993,-0.007,0.995357,-0.812786,4.496073,3.140324
2028,0,0.989,-0.011,0.765176,-1.10644,3.120235,3.435918
2029,1,-0.01,0.991,-2.171392,2.149595,3.515857,3.328677
2030,1,-0.013,0.988,-2.261524,2.027699,3.609736,3.615569
2031,0,0.99,-0.01,0.988693,-0.922222,3.650805,3.418459
2032,0,0.989,-0.011,0.896071,-1.02931,3.787494,3.42841
2033,1,-0.01,0.991,-2.39558,2.068692,4.153793,3.23362
2034,0,0.989,-0.011,0.630597,-1.101911,3.728171,3.799746
2035,1,-0.009,0.992,-1.965195,2.26903,3.462141,3.704713
2036,1,-0.007,0.994,-2.170997,2.906608,3.680593,4.340336
2037,0,0.994,-0.006,1.632709,-1.065822,4.766047,3.690587
2038,1,-0.01,0.991,-2.319361,2.318907,4.075727,3.872569
2039,1,-0.013,0.988,-1.700982,1.462841,3.46699,3.035848
2040,0,0.99,-0.01,1.015826,-1.297117,3.929712,3.75632
2041,1,-0.009,0.992,-1.835334,2.28659,3.479621,4.159292
2042,0,0.99,-0.01,1.356926,-1.421224,3.74584,3.441603
2043,0,0.991,-0.009,1.291911,-1.444625,3.579876,3.931739
2044,1,-0.013,0.988,-1.97895,1.430233,3.464504,3.230485
2045,0,0.987,-0.013,0.721062,-1.20744,3.333066,3.399817
2046,1,-0.01,0.991,-2.040481,2.260067,3.87262,4.092824
2047,1,-0.012,0.989,-1.765366,1.495398,3.218553,3.592703
2048,1,-0.012,0.989,-1.540488,1.430674,3.476501,4.059303
2049,0,0.99,-0.01,0.955511,-1.371181,3.516034,3.236984
2050,0,0.993,-0.007,1.853245,-1.628203,4.554924,4.021791
2051,1,-0.01,0.991,-1.841561,1.621094,3.867196,3.16272
2052,1,-0.013,0.988,-1.599174,0.957047,3.368141,3.37259
2053,1,-0.012,0.989,-1.46397,0.975026,3.156855,2.847006
2054,0,0.989,-0.011,1.600471,-1.698458,3.702524,3.261025
2055,0,0.989,-0.011,1.90326,-1.568376,4.157255,3.30119
2056,1,-0.013,0.988,-1.241576,1.038411,2.729184,3.305782
2057,0,0.988,-0.012,1.005436,-1.280708,3.579551,3.382107
2058,1,-0.015,0.986,-1.279956,0.736444,3.151668,3.027747
2059,0,0.987,-0.013,1.473469,-1.548172,3.524135,2.927307
2060,0,0.992,-0.008,1.761565,-1.416561,4.262052,3.394683
2061,0,0.989,-0.011,1.146005,-1.869694,3.359763,3.947462
2062,1,-0.011,0.99,-1.853354,1.544941,3.696449,3.292667
2063,1,-0.013,0.988,-1.968562,1.252365,3.496964,3.240085
2064,1,-0.01,0.991,-1.771786,1.53984,3.436129,3.715922
2065,0,0.988,-0.012,0.869272,-1.516991,3.211812,3.464725
2066,1,-0.013,0.988,-1.242024,1.151907,2.785148,3.026477
2067,1,-0.009,0.992,-1.32365,1.182412,3.114598,3.775157
2068,1,-0.009,0.992,-1.409796,0.982801,3.586572,3.376174
2069,1,-0.013,0.988,-1.115652,0.604667,3.163476,2.875014
2070,1,-0.014,0.987,-1.245878,0.332624,3.294787,2.990752
2071,0,0.986,-0.014,1.679102,-2.157106,3.339625,3.387326
2072,0,0.99,-0.01,2.138446,-2.612973,3.232562,3.81082
2073,0,0.99,-0.01,2.110492,-2.014151,3.567668,3.207939
2074,1,-0.013,0.988,-1.151323,0.527568,3.092939,3.755338
2075,0,0.99,-0.01,2.420514,-1.948774,3.603078,2.949934
2076,1,-0.008,0.993,-1.239636,1.544678,3.646159,4.49063
2077,1,-0.012,0.989,-1.244684,0.779607,3.76843,3.584531
2078,0,0.989,-0.011,2.211876,-1.687027,3.666324,3.192944
2079,1,-0.011,0.99,-0.989756,0.391326,3.258689,3.543547
2080,0,0.989,-0.011,1.794878,-2.532757,3.730409,4.105803
2081,1,-0.012,0.989,-0.989845,0.70102,3.235755,3.405921
2082,0,0.99,-0.01,2.160029,-2.208587,4.104974,3.757769
2083,1,-0.015,0.986,-1.010522,0.533695,3.052388,3.735524
2084,1,-0.011,0.99,-1.247651,0.981925,3.660463,3.975962
2085,1,-0.012,0.989,-1.022776,0.542135,3.19886,3.098613
2086,1,-0.015,0.986,-0.729107,0.159766,2.719518,3.203837
2087,1,-0.013,0.988,-0.836241,0.190842,3.260655,3.609441
2088,0,0.991,-0.009,2.499296,-2.436603,3.491566,3.944917
2089,0,0.987,-0.013,2.047445,-1.844012,3.347194,2.870604
2090,0,0.985,-0.015,1.756318,-1.99467,3.287941,3.527086
2091,0,0.989,-0.011,2.008761,-1.832804,3.592079,3.524321
2092,1,-0.011,0.99,-1.207765,1.423046,3.546981,3.363587
2093,1,-0.011,0.99,-1.395217,1.351121,3.731364,3.150972
2094,1,-0.014,0.987,-1.084597,0.956392,3.347162,3.386821
2095,1,-0.014,0.987,-0.868534,0.615384,3.022632,2.886427
2096,0,0.989,-0.011,2.338951,-1.948303,3.305405,3.133452
2097,1,-0.012,0.989,-0.937081,0.813733,3.357695,3.412678
2098,1,-0.01,0.991,-0.750612,0.701419,3.449402,4.029079
2099,1,-0.011,0.99,-0.979049,0.331791,3.897067,3.891964
2100,0,0.987,-0.013,2.088221,-2.296493,3.064568,3.128817
2101,0,0.989,-0.011,2.404132,-3.587864,3.684315,4.044181
2102,0,0.99,-0.01,2.145257,-2.905248,2.789099,3.535849
2103,1,-0.01,0.991,-0.984207,0.748598,3.496076,3.6002
2104,0,0.989,-0.011,2.395198,-1.808296,3.759286,2.843739
2105,0,0.991,-0.009,2.399509,-2.113981,3.66298,3.782451
2106,1,-0.011,0.99,-0.838366,0.63204,2.802789,3.575857
2107,0,0.988,-0.012,2.132555,-2.179762,3.88068,3.718353
2108,1,-0.01,0.991,-0.875133,0.990261,3.022653,3.964274
2109,0,0.991,-0.009,2.035301,-1.604577,3.505184,3.523106
2110,1,-0.016,0.985,-0.887019,0.812048,2.711578,3.1812
2111,0,0.993,-0.007,2.034655,-1.555676,3.895026,3.582509
2112,0,0.988,-0.012,1.55382,-1.465269,3.276385,3.537252
2113,1,-0.01,0.991,-1.074873,1.541508,2.993913,3.834958
2114,1,-0.011,0.99,-1.244317,1.552167,3.019098,3.265533
2115,1,-0.012,0.989,-1.062088,1.35425,3.081659,3.690437
2116,1,-0.011,0.99,-1.014212,1.030891,3.164608,3.344233
2117,0,0.991,-0.009,2.458715,-1.970182,4.264944,3.872205
2118,0,0.991,-0.009,2.011255,-2.049003,3.666914,3.638863
2119,0,0.991,-0.009,2.286012,-2.270697,3.488068,4.206397
2120,1,-0.013,0.988,-1.490567,1.089301,3.270466,3.301131
2121,1,-0.012,0.989,-1.104065,1.455119,3.187743,4.105218
2122,0,0.991,-0.009,2.076543,-1.490351,3.957511,3.495168
2123,0,0.99,-0.01,2.244448,-1.438952,3.764799,2.998995
2124,0,0.988,-0.012,1.525228,-1.366855,3.244222,3.146327
2125,1,-0.014,0.987,-1.17074,1.034858,3.189698,3.399582
2126,1,-0.013,0.988,-1.164255,1.377562,3.274093,3.842592
2127,0,0.99,-0.01,2.036038,-1.308107,3.899391,3.262536
2128,1,-0.011,0.99,-1.464858,1.875692,3.648309,3.847768
2129,0,0.986,-0.014,1.249049,-1.732534,2.908002,3.540351
2130,0,0.989,-0.011,2.040679,-2.293309,3.674406,4.244182
2131,1,-0.01,0.991,-1.16073,1.771286,3.286621,3.962109
2132,1,-0.01,0.991,-1.270775,1.680622,3.602756,4.160387
2133,0,0.988,-0.012,1.618338,-1.485662,3.502725,3.65608
2134,0,0.987,-0.013,1.47086,-1.517022,3.332765,3.25771
2135,1,-0.012,0.989,-1.511703,1.836031,3.265291,3.913602
2136,0,0.989,-0.011,1.993442,-1.295019,3.596967,2.971039
2137,1,-0.011,0.99,-1.400231,1.694618,3.569221,3.612837
2138,1,-0.008,0.993,-0.957409,2.150949,3.050917,4.412917
2139,1,-0.012,0.989,-1.172229,1.398265,3.378936,3.658121
2140,0,0.99,-0.01,1.613409,-1.350429,3.544402,3.09325
2141,0,0.99,-0.01,2.200119,-1.499544,3.966396,3.394829
2142,0,0.988,-0.012,1.339907,-1.410187,3.027391,3.142182
2143,0,0.99,-0.01,1.581365,-1.41569,3.373894,3.641941
2144,0,0.987,-0.013,1.383616,-1.257937,3.465016,3.080475
2145,0,0.987,-0.013,1.113743,-1.189487,3.663018,3.43589
2146,1,-0.011,0.99,-1.729884,2.213611,3.348597,3.881697
2147,0,0.993,-0.007,1.729003,-1.01597,3.904683,3.551819
2148,0,0.99,-0.01,0.925876,-1.204064,3.431293,3.819772
2149,0,0.986,-0.014,0.322085,-1.059012,3.322543,3.444579
2150,1,-0.014,0.987,-2.433996,2.173816,3.325643,3.315986
2151,0,0.988,-0.012,0.505846,-0.789041,3.680948,3.455263
2152,0,0.991,-0.009,0.579117,-0.885102,3.283891,3.415443
2153,1,-0.011,0.99,-2.231584,2.730317,3.739038,3.828848
2154,0,0.99,-0.01,0.126363,-0.645196,3.329142,2.975843
2155,1,-0.013,0.988,-1.96382,2.209611,3.208487,3.425912
2156,1,-0.013,0.988,-2.268769,2.481978,3.182741,3.424053
2157,0,0.988,-0.012,0.674486,-0.874881,3.683218,2.787779
2158,0,0.99,-0.01,0.640471,-0.843227,3.969292,3.310762
2159,1,-0.009,0.992,-1.86422,2.317869,3.365071,3.584713
2160,0,0.99,-0.01,0.900208,-0.985334,3.308718,3.716026
2161,0,0.988,-0.012,0.732686,-0.736497,3.609607,2.741091
2162,0,0.989,-0.011,0.523231,-0.942553,3.770624,3.201698
2163,0,0.987,-0.013,0.186736,-0.771807,3.290285,2.846024
2164,1,-0.009,0.992,-2.687858,2.623651,3.779763,3.783445
2165,0,0.989,-0.011,0.323174,-0.842409,3.636961,3.381804
2166,0,0.991,-0.009,0.23256,-0.738966,3.687704,3.299849
2167,1,-0.01,0.991,-2.467454,2.806685,3.237076,3.887929
2168,0,0.987,-0.013,0.092798,-0.5524,3.13044,2.66305
2169,1,-0.014,0.987,-2.777125,2.67161,3.790679,3.861803
2170,0,0.991,-0.009,0.548719,-0.61175,3.644917,2.947065
2171,0,0.989,-0.011,0.009892,-0.796483,3.106534,3.353033
2172,0,0.989,-0.011,0.093924,-0.731636,3.726824,4.027738
2173,1,-0.013,0.988,-2.079158,2.732814,2.978683,3.753055
2174,1,-0.01,0.991,-1.849218,2.574091,3.423277,3.520899
2175,1,-0.012,0.989,-1.670348,2.529981,3.252796,3.770814
2176,1,-0.012,0.989,-1.875413,1.88059,3.473454,2.976031
2177,1,-0.012,0.989,-1.565014,2.540403,3.360276,3.953658
2178,1,-0.011,0.99,-1.571975,2.006468,3.417814,3.226511
2179,1,-0.011,0.99,-1.490521,2.037954,3.431409,3.811393
2180,1,-0.008,0.993,-1.014213,2.167695,2.981302,3.873735
2181,0,0.989,-0.011,1.917121,-1.606969,3.271915,3.588305
2182,0,0.99,-0.01,2.222686,-1.548398,3.298145,3.449183
2183,1,-0.013,0.988,-0.997848,1.339484,3.126673,3.21214
2184,0,0.99,-0.01,1.807242,-1.495862,2.984643,3.762004
2185,1,-0.009,0.992,-1.096581,1.661134,3.642301,4.209944
2186,1,-0.014,0.987,-0.785891,1.212111,2.553276,3.422768
2187,0,0.991,-0.009,2.286671,-1.284484,4.024019,3.099564
2188,1,-0.012,0.989,-1.339599,1.530164,3.336194,3.422671
2189,1,-0.01,0.991,-0.906545,1.153379,3.36149,2.90028
2190,1,-0.01,0.991,-0.907313,1.349134,3.074434,3.842749
2191,1,-0.013,0.988,-0.836146,0.581639,3.373317,3.238543
2192,1,-0.009,0.992,-0.946879,0.754411,3.680959,3.655139
2193,0,0.986,-0.014,2.125785,-2.976913,3.747515,3.805984
2194,0,0.992,-0.008,2.816654,-2.343589,3.767588,4.033672
2195,0,0.988,-0.012,2.497096,-2.381637,3.582854,3.570842
2196,1,-0.01,0.991,-0.864784,0.831894,3.37846,4.429999
2197,0,0.992,-0.008,2.722644,-2.110982,3.630152,3.791366
2198,1,-0.016,0.985,-0.888014,0.377436,2.890571,2.917638
2199,0,0.987,-0.013,1.677462,-1.775582,2.814635,3.425774
2200,1,-0.013,0.988,-1.05149,0.656383,3.499566,3.423368
2201,0,0.987,-0.013,1.735012,-1.523364,3.186908,3.302551
2202,1,-0.01,0.991,-1.088806,1.408587,3.619092,4.016935
2203,1,-0.012,0.989,-1.115828,1.292074,3.530509,4.006533
2204,1,-0.012,0.989,-1.091579,0.890449,3.738362,4.084735
2205,1,-0.009,0.992,-0.837278,0.897746,3.671898,3.764648
2206,1,-0.012,0.989,-0.794306,0.591896,3.05624,3.565456
2207,0,0.985,-0.015,1.893042,-2.104128,3.22624,3.161468
2208,1,-0.008,0.993,-0.693283,0.624879,3.29674,4.393469
2209,0,0.989,-0.011,2.210541,-2.49626,3.546829,3.773906
2210,0,0.993,-0.007,2.29645,-2.297353,3.939559,4.205822
2211,1,-0.008,0.993,-0.692781,0.886042,3.037523,4.277197
2212,0,0.99,-0.01,2.376325,-2.244625,4.094444,3.667404
2213,0,0.989,-0.011,2.279541,-2.091259,3.517964,3.240936
2214,1,-0.008,0.993,-1.229884,1.529999,3.819613,4.625947
2215,1,-0.014,0.987,-0.896849,0.271889,3.256361,2.966867
2216,1,-0.009,0.992,-1.305958,1.234581,3.992479,4.204338
2217,1,-0.011,0.99,-0.869965,0.578336,3.066575,4.371686
2218,1,-0.008,0.993,-0.968377,0.68552,3.744852,3.801053
2219,1,-0.014,0.987,-0.688858,0.014622,2.458395,3.474857
2220,0,0.989,-0.011,2.44303,-2.549551,4.056251,4.046118
2221,0,0.99,-0.01,2.306637,-2.387364,3.408845,3.430434
2222,0,0.99,-0.01,2.275,-2.66919,3.236128,3.880686
2223,0,0.988,-0.012,1.667197,-1.980093,2.696861,3.48114
2224,1,-0.013,0.988,-0.975281,0.64194,3.114642,3.524653
2225,0,0.988,-0.012,1.869576,-1.633141,3.508135,3.335927
2226,1,-0.012,0.989,-0.973322,0.766952,2.835202,3.044897
2227,1,-0.011,0.99,-0.930468,1.002497,3.054003,3.763718
2228,0,0.986,-0.014,1.807192,-1.843517,3.476036,3.236821
2229,0,0.988,-0.012,1.540942,-1.631954,3.298242,3.558301
2230,1,-0.014,0.987,-1.08692,0.850581,3.157778,3.451159
2231,0,0.992,-0.008,2.416218,-1.940048,3.845232,3.708465
2232,0,0.991,-0.009,1.70099,-1.52957,3.628305,3.489884
2233,0,0.99,-0.01,1.961755,-1.828427,3.618786,3.581734
2234,1,-0.012,0.989,-1.321305,1.29182,3.282371,3.126071
2235,1,-0.011,0.99,-1.414395,1.497302,3.597649,3.21902
2236,1,-0.011,0.99,-1.166509,1.225907,3.452623,3.482353
2237,0,0.991,-0.009,1.940859,-1.894691,3.334488,3.737086
2238,0,0.988,-0.012,1.852972,-1.401048,3.18717,3.204635
2239,0,0.989,-0.011,1.220953,-1.245457,2.976313,3.025026
2240,1,-0.011,0.99,-1.497059,1.679431,3.362587,3.319269
2241,1,-0.014,0.987,-1.251947,1.466376,3.118583,3.334079
2242,0,0.988,-0.012,1.458468,-1.620819,3.29904,3.765745
2243,0,0.988,-0.012,1.317217,-1.335213,3.505735,3.762907
2244,1,-0.011,0.99,-1.512883,1.767851,3.499167,3.180208
2245,1,-0.01,0.991,-1.476236,1.927794,3.805856,4.109618
2246,0,0.989,-0.011,1.612248,-1.299566,3.231062,3.142677
2247,1,-0.011,0.99,-1.162135,1.648052,3.406157,3.774311
2248,1,-0.014,0.987,-1.28868,1.052196,3.453732,3.081653
2249,1,-0.01,0.991,-1.062241,1.264728,3.582965,3.610662
2250,1,-0.012,0.989,-0.892451,1.112255,3.155249,3.581188
2251,1,-0.013,0.988,-1.088426,0.780646,3.448866,2.787403
2252,0,0.989,-0.011,2.172958,-2.2459,3.437264,3.681183
2253,1,-0.01,0.991,-1.023306,1.158442,3.475212,4.116024
2254,0,0.992,-0.008,1.768018,-1.998672,3.166732,3.70468
2255,0,0.989,-0.011,2.292932,-1.521079,3.735639,2.799721
2256,1,-0.013,0.988,-1.162676,1.054026,2.971937,3.917377
2257,1,-0.014,0.987,-0.918096,0.596588,3.261798,3.051113
2258,1,-0.011,0.99,-0.911775,0.882594,3.258919,3.886325
2259,0,0.987,-0.013,1.755307,-1.538078,2.989259,2.709771
2260,1,-0.014,0.987,-0.755551,0.297005,2.785907,3.448171
2261,0,0.988,-0.012,2.179045,-2.050685,3.634044,3.249879
2262,0,0.991,-0.009,2.205999,-1.91017,3.723668,3.592979
2263,0,0.99,-0.01,2.540028,-1.88598,4.009394,3.612273
2264,1,-0.013,0.988,-0.942229,1.277979,2.924788,4.172145
2265,1,-0.013,0.988,-1.177113,1.307589,3.451488,3.71083
2266,1,-0.012,0.989,-0.800444,0.662647,3.170825,3.400687
2267,1,-0.008,0.993,-0.907328,1.224675,3.860434,4.548679
2268,0,0.988,-0.012,1.952296,-2.168931,3.776283,3.759296
2269,1,-0.011,0.99,-0.984721,1.175655,3.629449,3.5195
2270,1,-0.013,0.988,-0.92612,0.573747,3.137277,3.409109
2271,1,-0.014,0.987,-0.849419,0.271382,3.293392,2.98824
2272,1,-0.015,0.986,-0.83915,0.086026,3.337109,3.17363
2273,1,-0.01,0.991,-0.874883,0.386073,3.319569,3.353137
2274,1,-0.011,0.99,-0.730276,0.383358,3.369975,3.880776
2275,1,-0.013,0.988,-0.4753,-0.487871,3.236303,3.498559
2276,0,0.994,-0.006,3.559438,-3.946367,4.652352,4.881095
2277,0,0.991,-0.009,2.622435,-2.480681,3.619915,4.160975
2278,0,0.993,-0.007,3.24595,-2.634244,3.975603,3.973348
2279,1,-0.012,0.989,-0.924198,0.956374,3.684003,3.587664
2280,0,0.989,-0.011,2.628657,-1.801566,3.666669,2.843036
2281,1,-0.013,0.988,-0.762713,0.80539,3.145506,3.482853
2282,0,0.987,-0.013,2.456114,-2.05583,3.795775,3.147411
2283,0,0.993,-0.007,2.152969,-1.925135,3.843365,4.281396
2284,0,0.99,-0.01,2.595212,-1.838004,3.595713,3.565881
2285,0,0.991,-0.009,2.302803,-1.207117,3.485583,2.657926
2286,1,-0.013,0.988,-1.084351,1.324904,3.414221,3.459929
2287,0,0.991,-0.009,2.21824,-1.65554,3.752093,3.669926
2288,0,0.988,-0.012,2.210056,-1.780342,3.402812,3.892106
2289,0,0.988,-0.012,1.687307,-1.678975,2.856466,3.428528
2290,1,-0.01,0.991,-0.962495,1.593898,3.061185,3.859749
2291,1,-0.012,0.989,-1.359204,1.76068,3.654238,3.80116
2292,1,-0.012,0.989,-1.013869,1.515553,3.226214,3.691455
2293,1,-0.011,0.99,-1.091444,1.434084,3.263913,3.639036
2294,1,-0.014,0.987,-1.08101,1.271708,3.075845,3.228727
2295,0,0.989,-0.011,1.650195,-1.707804,2.920644,3.569519
2296,0,0.989,-0.011,2.220732,-1.64813,3.522127,3.303569
2297,0,0.988,-0.012,1.913124,-1.531298,3.518348,3.392503
2298,1,-0.009,0.992,-1.167994,2.031553,3.801255,4.490564
2299,0,0.989,-0.011,2.21137,-1.677925,3.58378,3.588687
2300,1,-0.008,0.993,-1.204993,1.619645,3.816928,3.802485
2301,0,0.99,-0.01,2.019425,-1.633073,3.453651,3.48224
2302,0,0.988,-0.012,1.93177,-1.717254,3.608166,3.881646
2303,1,-0.011,0.99,-1.39461,1.431112,3.546314,3.068423
2304,0,0.99,-0.01,1.691251,-1.078378,3.967684,2.738955
2305,0,0.99,-0.01,1.604813,-1.62208,2.716159,3.773906
2306,0,0.986,-0.014,1.340409,-1.202794,3.147711,3.211385
2307,0,0.991,-0.009,1.875215,-1.37805,3.594514,3.735415
2308,1,-0.011,0.99,-1.12497,2.031257,2.663481,3.693603
2309,0,0.989,-0.011,1.38936,-1.40728,3.540926,3.427562
2310,0,0.989,-0.011,1.093934,-1.347245,3.527234,3.945801
2311,0,0.988,-0.012,0.819341,-1.110073,3.76219,3.211294
2312,1,-0.01,0.991,-2.027813,2.232324,3.764723,3.483693
2313,0,0.987,-0.013,0.327586,-0.912399,3.272265,3.151062
2314,0,0.989,-0.011,0.460618,-0.998324,4.144184,3.544358
2315,1,-0.011,0.99,-2.109805,1.80488,3.216813,3.118448
2316,1,-0.008,0.993,-2.881443,3.269888,4.299186,4.299654
2317,0,0.989,-0.011,0.598062,-0.820817,3.377393,3.23896
2318,1,-0.01,0.991,-1.645709,2.544459,2.930576,4.2201
2319,0,0.994,-0.006,1.495968,-1.161998,4.280402,4.239648
2320,0,0.989,-0.011,0.801569,-1.041128,4.017536,3.332069
2321,1,-0.011,0.99,-2.402872,2.51207,3.874233,3.799846
2322,0,0.986,-0.014,0.578749,-1.073793,3.331546,3.330008
2323,1,-0.009,0.992,-1.381037,2.367586,2.926091,3.819425
2324,1,-0.011,0.99,-1.713951,2.419646,3.161274,4.111611
2325,0,0.99,-0.01,1.268191,-1.035896,3.570338,3.422572
2326,0,0.992,-0.008,1.474206,-1.34227,3.608674,4.124182
2327,1,-0.01,0.991,-1.752417,1.606915,3.473737,3.005428
2328,0,0.988,-0.012,1.003284,-1.257037,3.60912,3.76072
2329,0,0.989,-0.011,0.914891,-1.050063,3.387152,3.401854
2330,0,0.987,-0.013,0.270212,-0.857659,3.206511,3.20319
2331,0,0.992,-0.008,0.810466,-1.119094,3.708969,4.276048
2332,0,0.991,-0.009,0.080132,-0.904938,3.942621,3.536706
2333,0,0.989,-0.011,0.267787,-0.940729,3.542661,3.811162
2334,0,0.988,-0.012,-0.2698,-0.755214,3.599966,3.400307
2335,0,0.989,-0.011,-0.164979,-0.59639,2.747856,3.060167
2336,1,-0.01,0.991,-2.933024,2.838472,3.945034,4.032847
2337,0,0.988,-0.012,0.225286,-0.637877,3.227546,3.307746
2338,0,0.988,-0.012,0.232187,-0.67895,3.520898,3.363328
2339,0,0.989,-0.011,0.202952,-0.46835,3.687336,2.604073
2340,1,-0.012,0.989,-1.836935,2.881727,3.342999,3.662693
2341,0,0.99,-0.01,-0.012642,-0.523121,3.457304,3.706149
2342,0,0.99,-0.01,0.379129,-0.514299,3.446992,3.499244
2343,0,0.992,-0.008,0.186326,-0.466617,4.244731,3.477907
2344,0,0.993,-0.007,0.168633,-0.319933,4.520715,3.247392
2345,1,-0.01,0.991,-2.081418,3.063507,3.304858,3.900986
2346,0,0.989,-0.011,0.291265,-0.58122,3.864444,3.449781
2347,1,-0.011,0.99,-2.261625,2.989136,3.591019,3.712784
2348,1,-0.014,0.987,-1.968934,2.417747,3.024716,3.534717
2349,0,0.986,-0.014,0.420358,-0.691657,2.984279,3.260243
2350,0,0.986,-0.014,0.466178,-0.703632,3.040782,3.161808
2351,1,-0.011,0.99,-2.288592,2.430291,3.912931,3.528622
2352,0,0.988,-0.012,0.699435,-0.753983,3.390768,3.505058
2353,1,-0.011,0.99,-1.768993,2.703064,3.156093,3.993714
2354,0,0.988,-0.012,0.769471,-0.765033,3.479003,3.546607
2355,1,-0.009,0.992,-1.755159,2.961739,3.241467,4.267879
2356,0,0.99,-0.01,1.264869,-1.115534,3.749026,3.86633
2357,1,-0.01,0.991,-2.153236,2.683241,4.118663,3.905605
2358,0,0.988,-0.012,0.844422,-1.013324,3.317549,3.579491
2359,1,-0.011,0.99,-2.541946,2.379809,4.09901,3.609888
2360,0,0.99,-0.01,1.121797,-0.76099,3.835464,3.451087
2361,1,-0.013,0.988,-2.15234,1.966559,3.615429,3.181534
2362,1,-0.01,0.991,-1.500308,2.503086,3.110495,3.713196
2363,1,-0.009,0.992,-1.562398,2.792869,3.405441,4.227668
2364,0,0.988,-0.012,1.017689,-0.751371,3.632069,2.812414
2365,1,-0.01,0.991,-1.88738,2.456736,3.672329,3.63965
2366,1,-0.012,0.989,-1.193717,1.747753,2.920803,3.416681
2367,1,-0.013,0.988,-1.249475,1.447276,2.95211,3.21986
2368,1,-0.014,0.987,-1.040697,1.125442,2.810999,3.168208
2369,0,0.989,-0.011,1.785787,-1.663205,3.272787,3.575898
2370,1,-0.011,0.99,-1.28942,1.75799,3.394905,4.003601
2371,1,-0.008,0.993,-1.076995,1.849438,3.449597,4.219858
2372,1,-0.011,0.99,-0.788539,0.804971,3.327508,3.531595
2373,1,-0.013,0.988,-0.95723,0.590105,3.571699,3.469677
2374,0,0.987,-0.013,1.9622,-2.241985,3.158034,3.403634
2375,1,-0.013,0.988,-0.697965,0.301539,3.499557,3.444504
2376,1,-0.01,0.991,-0.727635,0.327473,3.730411,3.494948
2377,1,-0.012,0.989,-0.536444,0.177708,3.384522,3.327708
2378,0,0.991,-0.009,3.033434,-2.165312,4.018273,2.953904
2379,1,-0.011,0.99,-0.432937,-0.177302,3.100182,4.075896
2380,0,0.99,-0.01,2.924815,-2.947095,3.24788,3.943132
2381,1,-0.011,0.99,-0.723767,0.768896,3.556376,3.720129
2382,1,-0.011,0.99,-0.682426,0.731523,4.097005,3.967762
2383,0,0.99,-0.01,2.886106,-2.585286,3.784995,3.672842
2384,0,0.992,-0.008,3.085999,-2.907461,4.130096,4.332711
2385,1,-0.011,0.99,-0.844399,1.007934,3.965136,3.999577
2386,0,0.988,-0.012,2.230916,-1.566281,3.243328,2.928187
2387,1,-0.011,0.99,-0.865191,1.185677,3.088037,3.825971
2388,0,0.991,-0.009,2.745294,-2.460927,4.000231,4.263114
2389,0,0.991,-0.009,2.574366,-2.397548,4.057343,4.105821
2390,1,-0.009,0.992,-1.085927,1.427662,3.591987,4.565478
2391,1,-0.011,0.99,-1.406202,1.613443,4.346058,4.356918
2392,0,0.989,-0.011,2.101298,-1.757896,3.483507,3.429673
2393,1,-0.01,0.991,-1.204391,1.629378,3.768361,4.009066
2394,0,0.99,-0.01,2.062296,-1.887192,3.628468,3.632854
2395,0,0.991,-0.009,2.230114,-1.696778,4.029252,3.715196
2396,0,0.988,-0.012,1.781423,-1.47131,3.706133,3.248393
2397,0,0.99,-0.01,1.950151,-1.666548,3.685067,3.749274
2398,1,-0.009,0.992,-1.747496,2.288565,3.98175,4.335196
2399,0,0.994,-0.006,2.521246,-2.048786,4.100007,4.354545
2400,1,-0.011,0.99,-1.393432,1.751518,3.278654,3.828897
2401,0,0.994,-0.006,2.179216,-1.682733,3.968821,4.102125
2402,1,-0.01,0.991,-1.351587,1.932649,3.361741,4.039523
2403,1,-0.014,0.987,-1.448942,1.244793,3.226071,3.288359
2404,0,0.994,-0.006,2.214509,-1.132856,4.208603,3.193222
2405,0,0.989,-0.011,1.630791,-1.568036,3.707266,3.788513
2406,0,0.991,-0.009,1.629864,-1.580698,3.556225,3.863806
2407,0,0.987,-0.013,0.967416,-1.284751,3.637855,3.706239
2408,1,-0.01,0.991,-1.979331,2.220297,3.674289,3.36032
2409,0,0.989,-0.011,1.3053,-1.131647,3.765732,3.029849
2410,1,-0.012,0.989,-1.674146,1.842633,3.265328,3.372461
2411,0,0.988,-0.012,1.090379,-1.041543,3.621293,2.854343
2412,0,0.99,-0.01,0.600048,-0.963416,4.42772,3.467976
2413,0,0.989,-0.011,0.792908,-1.085495,3.805964,3.457864
2414,0,0.988,-0.012,0.434195,-1.126221,3.111428,3.609574
2415,0,0.989,-0.011,0.275777,-0.959227,3.453884,3.431964
2416,1,-0.01,0.991,-2.844059,2.558429,3.860867,3.761488
2417,0,0.988,-0.012,-0.09459,-0.894772,3.566681,3.515453
2418,1,-0.013,0.988,-2.718314,2.077579,3.645892,3.3665
2419,1,-0.014,0.987,-2.174877,2.07294,3.065492,3.428588
2420,0,0.987,-0.013,0.151836,-0.807818,3.59143,3.153016
2421,1,-0.008,0.993,-2.178039,2.605538,3.746328,3.910768
2422,1,-0.011,0.99,-1.697645,2.052934,3.153569,3.325956
2423,1,-0.011,0.99,-1.589536,2.234892,3.093229,3.745507
2424,1,-0.011,0.99,-1.661146,1.945507,3.832271,3.388803
2425,0,0.99,-0.01,1.294847,-1.071751,3.087755,3.293254
2426,0,0.991,-0.009,1.839652,-1.485729,3.858669,4.132054
2427,1,-0.007,0.994,-1.467066,2.174575,3.512229,3.89316
2428,0,0.99,-0.01,1.325807,-1.097087,3.166117,3.376273
2429,1,-0.011,0.99,-1.493876,2.075228,3.733221,3.918831
2430,0,0.988,-0.012,1.36958,-1.321686,3.352334,3.497554
2431,0,0.993,-0.007,1.839116,-1.255716,4.030341,3.673668
2432,0,0.986,-0.014,0.939786,-0.923091,2.910573,2.687283
2433,0,0.988,-0.012,1.03814,-0.869747,3.093921,2.531121
2434,0,0.991,-0.009,1.1928,-0.790169,4.094196,2.911847
2435,0,0.989,-0.011,0.880333,-1.058496,3.630959,3.594105
2436,0,0.991,-0.009,0.580887,-1.086953,3.942786,3.850658
2437,1,-0.014,0.987,-2.194461,1.997746,3.373645,3.143627
2438,0,0.992,-0.008,0.741409,-1.058951,3.67348,3.869838
2439,0,0.991,-0.009,0.17138,-0.665819,3.749416,2.793383
2440,0,0.987,-0.013,0.290401,-0.863974,3.26985,3.199845
2441,0,0.99,-0.01,0.257005,-1.065893,3.604488,3.690711
2442,1,-0.012,0.989,-2.681427,2.438699,3.628854,3.732933
2443,0,0.988,-0.012,-0.500229,-0.792023,3.517257,3.224971
2444,0,0.993,-0.007,-0.059012,-0.765613,4.602018,3.901332
2445,1,-0.009,0.992,-2.602566,2.291054,3.473379,3.170503
2446,1,-0.009,0.992,-2.483528,2.969763,3.873663,4.172534
2447,1,-0.009,0.992,-2.226312,3.034129,3.796469,4.304769
2448,0,0.99,-0.01,0.841177,-0.990746,3.732967,3.914062
2449,1,-0.009,0.992,-1.780594,2.288268,3.169406,3.461749
2450,0,0.99,-0.01,0.761359,-0.870499,3.518157,3.259459
2451,1,-0.011,0.99,-1.740251,2.15413,3.361469,3.583382
2452,1,-0.011,0.99,-1.782326,2.053006,3.289003,3.175874
2453,1,-0.011,0.99,-2.002758,1.975111,3.83235,3.649755
2454,1,-0.012,0.989,-1.840581,1.983115,3.731519,3.636227
2455,1,-0.013,0.988,-1.368132,1.40118,3.591948,3.631065
2456,1,-0.012,0.989,-1.22194,0.7991,3.322379,3.531712
2457,0,0.99,-0.01,2.122913,-2.131603,4.112907,3.392054
2458,0,0.987,-0.013,1.626359,-1.747071,3.656188,3.11947
2459,1,-0.011,0.99,-1.308377,0.773137,3.825849,3.525643
2460,0,0.985,-0.015,1.565727,-1.924206,3.338826,3.292362
2461,0,0.992,-0.008,2.456745,-1.96979,4.675097,4.071693
2462,1,-0.013,0.988,-1.318516,0.937956,3.49156,3.487481
2463,0,0.993,-0.007,2.489559,-1.946103,4.457015,4.092931
2464,1,-0.011,0.99,-1.644859,1.324197,3.786267,3.665406
2465,0,0.99,-0.01,1.828858,-1.998236,3.69025,3.909419
2466,0,0.989,-0.011,1.744005,-1.784899,4.397928,3.918538
2467,1,-0.014,0.987,-1.279199,1.137708,2.806927,3.110406
2468,1,-0.01,0.991,-1.485876,2.067043,3.547962,4.274014
2469,0,0.99,-0.01,1.946411,-1.677586,3.95785,3.66667
2470,1,-0.014,0.987,-1.300364,0.929365,3.114172,3.136746
2471,1,-0.013,0.988,-1.54996,1.168349,3.443927,3.573126
2472,0,0.991,-0.009,2.240225,-1.628178,4.441278,3.354788
2473,1,-0.01,0.991,-1.470726,0.883919,4.118567,3.395103
2474,0,0.988,-0.012,1.611536,-1.957803,3.81268,3.696519
2475,1,-0.011,0.99,-1.490951,0.995724,4.06542,4.129641
2476,0,0.989,-0.011,1.799654,-1.816227,3.82837,3.503257
2477,1,-0.01,0.991,-1.301396,0.75329,3.444062,3.642226
2478,1,-0.014,0.987,-1.288995,0.473948,3.358312,2.946402
2479,1,-0.01,0.991,-1.261703,0.969191,3.558622,3.771877
2480,0,0.984,-0.016,1.511431,-1.737591,3.298948,2.971118
2481,0,0.989,-0.011,1.91377,-2.210446,3.267339,3.539018
2482,0,0.988,-0.012,1.753625,-1.763175,3.460644,3.140948
2483,0,0.99,-0.01,1.70183,-1.799223,3.257666,3.408977
2484,1,-0.009,0.992,-1.729103,1.840019,4.14606,4.466076
2485,1,-0.011,0.99,-1.173309,0.978215,3.229865,3.284146
2486,1,-0.011,0.99,-1.222538,0.795856,3.631003,3.07037
2487,1,-0.012,0.989,-1.058928,0.924488,2.990472,3.885595
2488,0,0.994,-0.006,2.786716,-1.761221,4.41308,3.334787
2489,0,0.986,-0.014,1.671751,-2.142751,3.184215,3.508836
2490,1,-0.012,0.989,-1.017102,0.706344,3.041698,3.848929
2491,0,0.987,-0.013,1.931826,-1.79878,3.766158,3.345449
2492,0,0.987,-0.013,1.718714,-2.161109,3.290307,3.426184
2493,1,-0.011,0.99,-1.441443,1.529009,3.426004,4.093905
2494,1,-0.01,0.991,-0.983736,0.828571,3.362358,3.903938
2495,1,-0.011,0.99,-1.448466,0.914249,3.880793,3.932867
2496,1,-0.014,0.987,-1.179864,0.443759,3.161972,3.068267
2497,0,0.986,-0.014,1.492365,-1.847758,3.400647,3.319849
2498,1,-0.011,0.99,-1.171199,0.494455,3.811159,3.544029
2499,1,-0.011,0.99,-1.099823,0.461019,3.400404,3.939333
2500,1,-0.009,0.992,-1.147022,0.455861,3.924741,3.886792
2501,0,0.991,-0.009,2.850296,-2.454644,4.076375,3.493172
2502,0,0.988,-0.012,2.066122,-1.842528,3.409307,2.871189
2503,0,0.989,-0.011,2.539996,-2.71678,3.955768,3.837807
2504,0,0.996,-0.004,3.407593,-2.735197,4.917962,4.489629
2505,1,-0.012,0.989,-0.927293,0.599988,3.31345,3.770903
2506,1,-0.012,0.989,-1.186885,0.944232,3.563232,3.827805
2507,1,-0.01,0.991,-1.306635,1.342919,3.718421,3.747187
2508,0,0.988,-0.012,1.764868,-1.633058,3.265022,2.769701
2509,1,-0.011,0.99,-0.992939,0.723168,3.34356,3.855096
2510,1,-0.008,0.993,-1.173816,1.04379,3.940407,3.704729
2511,1,-0.012,0.989,-1.091049,0.588847,3.566493,3.602489
2512,1,-0.01,0.991,-1.07427,0.481786,3.832888,3.705579
2513,0,0.989,-0.011,2.731073,-2.612453,4.215535,3.442259
2514,1,-0.011,0.99,-0.725396,0.027531,3.241843,3.334733
2515,0,0.988,-0.012,2.22265,-2.947258,3.299518,3.652694
2516,1,-0.012,0.989,-1.078545,0.341682,4.056239,3.947466
2517,0,0.989,-0.011,2.144409,-2.223626,3.199163,3.239435
2518,0,0.992,-0.008,2.365116,-3.056172,3.497278,4.28986
2519,0,0.993,-0.007,2.336341,-1.908813,3.497701,3.200326
2520,0,0.994,-0.006,2.547006,-2.114881,4.346507,4.310191
2521,1,-0.012,0.989,-1.314188,1.658541,3.678741,4.279801
2522,0,0.987,-0.013,1.639561,-1.744302,3.330037,3.430584
2523,1,-0.009,0.992,-1.198679,1.300735,3.759155,3.872121
2524,0,0.989,-0.011,1.843048,-1.774639,3.514576,3.726666
2525,1,-0.01,0.991,-1.193147,1.251691,3.514821,3.218873
2526,1,-0.012,0.989,-0.946517,1.14411,3.050548,3.388731
2527,1,-0.011,0.99,-1.166901,1.263683,3.57225,3.619384
2528,0,0.989,-0.011,2.074496,-1.84594,3.888539,3.389738
2529,1,-0.01,0.991,-1.095599,0.801232,3.647511,3.886112
2530,0,0.99,-0.01,1.79705,-1.968099,3.397621,3.62817
2531,0,0.988,-0.012,1.685944,-1.709699,3.523515,3.33786
2532,0,0.988,-0.012,1.696874,-1.681844,3.789767,3.391983
2533,0,0.99,-0.01,1.715706,-1.626287,3.79359,3.654891
2534,1,-0.013,0.988,-1.501329,1.271237,3.238088,3.449389
2535,0,0.989,-0.011,1.653169,-1.438602,3.857767,3.49431
2536,0,0.992,-0.008,1.741428,-1.581116,4.027438,3.854979
2537,0,0.988,-0.012,1.096723,-1.493091,3.328154,3.312159
2538,0,0.991,-0.009,0.547922,-1.376712,4.03593,3.860063
2539,1,-0.011,0.99,-2.31406,2.123821,3.445383,3.704534
2540,0,0.991,-0.009,0.363552,-1.050161,4.290767,3.562178
2541,0,0.991,-0.009,0.333076,-1.067078,3.423206,3.620197
2542,1,-0.008,0.993,-1.896319,2.065366,3.369808,3.289615
2543,1,-0.013,0.988,-1.815242,1.89501,3.190438,3.785588
2544,1,-0.013,0.988,-2.184468,1.811764,3.662765,3.420795
2545,0,0.989,-0.011,0.850247,-1.229869,3.388162,3.635129
2546,0,0.99,-0.01,0.979914,-0.983454,4.191108,3.205008
2547,1,-0.012,0.989,-1.990018,1.896675,3.76652,3.529938
2548,0,0.992,-0.008,1.192867,-1.292471,3.544264,3.967765
2549,1,-0.008,0.993,-2.04326,2.331598,4.033648,3.999913
2550,1,-0.016,0.985,-1.620116,1.27654,3.151278,2.780957
2551,0,0.988,-0.012,0.679838,-1.135449,3.521651,3.914652
2552,1,-0.011,0.99,-1.570229,2.088713,3.303553,3.959131
2553,1,-0.009,0.992,-2.219879,2.649204,3.900789,4.242471
2554,0,0.987,-0.013,1.214879,-1.459951,2.990829,3.388762
2555,0,0.989,-0.011,1.628231,-1.470547,3.627506,3.472741
2556,1,-0.01,0.991,-1.677066,2.091779,3.626556,3.788275
2557,1,-0.012,0.989,-1.633485,1.821579,3.203218,3.630435
2558,0,0.99,-0.01,1.445172,-1.354869,3.896191,3.683447
2559,1,-0.014,0.987,-1.706792,1.560349,3.670935,3.353931
2560,0,0.99,-0.01,1.834317,-1.069511,4.155856,2.744548
2561,1,-0.013,0.988,-1.31613,1.101817,3.299907,3.09551
2562,1,-0.012,0.989,-1.595669,1.582149,3.485475,3.377754
2563,1,-0.01,0.991,-1.186803,1.509051,3.273158,3.975335
2564,1,-0.011,0.99,-1.179682,1.293934,3.342415,4.015323
2565,1,-0.012,0.989,-1.131556,1.16251,3.339432,3.634219
2566,0,0.991,-0.009,1.961052,-2.122986,3.179617,3.484469
2567,1,-0.009,0.992,-1.0266,0.845246,3.374614,4.378491
2568,1,-0.01,0.991,-1.004646,0.404189,3.526772,4.051395
2569,0,0.991,-0.009,1.94913,-2.350474,3.147222,3.479463
2570,1,-0.014,0.987,-1.123381,0.393541,3.475555,3.370086
2571,1,-0.011,0.99,-0.787417,-0.24953,3.468569,4.138258
2572,1,-0.01,0.991,-0.958752,0.138283,4.150835,4.115513
2573,0,0.988,-0.012,2.024335,-2.705586,3.047796,3.679367
2574,1,-0.011,0.99,-0.816161,0.436615,3.451475,4.14894
2575,0,0.99,-0.01,2.463922,-2.306381,3.784759,3.513638
2576,1,-0.009,0.992,-0.939601,0.806248,3.629474,3.748136
2577,1,-0.013,0.988,-0.790977,0.21986,3.340171,3.747855
2578,1,-0.013,0.988,-0.950074,0.636363,3.335154,3.369381
2579,0,0.989,-0.011,2.402452,-2.257492,3.993647,3.601911
2580,1,-0.014,0.987,-0.9283,0.361564,3.493914,3.830614
2581,1,-0.01,0.991,-0.922109,0.378358,3.694056,3.397135
2582,0,0.994,-0.006,3.172864,-3.019784,4.169483,4.577095
2583,0,0.992,-0.008,2.817338,-2.775774,3.885267,4.087941
2584,0,0.993,-0.007,3.328219,-2.273737,4.526072,3.613901
2585,1,-0.01,0.991,-0.849553,0.829046,3.17591,4.287617
2586,0,0.991,-0.009,2.902676,-2.236212,4.438607,3.797877
2587,1,-0.011,0.99,-1.152368,1.123292,3.876334,3.699346
2588,1,-0.012,0.989,-1.365368,1.256876,3.983932,3.746566
2589,1,-0.01,0.991,-1.04754,1.706057,3.33385,4.084493
2590,1,-0.011,0.99,-1.122096,0.892999,3.912755,3.904732
2591,0,0.991,-0.009,2.605613,-2.534852,3.986212,3.990828
2592,1,-0.009,0.992,-0.847963,0.563574,3.322119,3.552839
2593,0,0.991,-0.009,2.804702,-2.460722,4.466935,3.699131
2594,1,-0.006,0.995,-1.079755,0.981702,3.722631,3.151121
2595,0,0.989,-0.011,2.282099,-2.43265,3.539863,3.556542
2596,0,0.994,-0.006,3.187908,-2.602542,4.484866,4.295933
2597,1,-0.009,0.992,-1.123214,0.732866,4.073997,3.385572
2598,1,-0.012,0.989,-1.295893,0.888627,3.789445,3.858494
2599,1,-0.013,0.988,-1.023258,0.56181,3.418188,3.417649
2600,0,0.994,-0.006,2.900862,-2.55895,4.483462,3.919665
2601,1,-0.013,0.988,-1.043385,0.100965,3.78241,3.13557
2602,1,-0.009,0.992,-0.937436,0.427971,3.684588,3.536929
2603,0,0.989,-0.011,2.697857,-2.167503,4.017908,3.355576
2604,0,0.992,-0.008,2.573504,-2.219717,3.956876,3.602823
2605,1,-0.012,0.989,-0.761887,0.735761,2.790955,3.844827
2606,0,0.996,-0.004,3.067511,-1.895792,3.965405,3.347466
2607,1,-0.011,0.99,-1.115856,0.766354,3.802394,3.635285
2608,0,0.988,-0.012,1.94506,-1.778196,3.369061,3.173178
2609,1,-0.007,0.994,-1.12089,1.390966,3.848995,4.652009
2610,0,0.989,-0.011,2.402778,-1.655944,3.89874,3.06398
2611,1,-0.012,0.989,-0.96717,0.803214,3.298041,3.5443
2612,0,0.993,-0.007,2.923898,-1.840973,4.592634,3.420413
2613,1,-0.008,0.993,-1.15002,1.541659,3.602665,4.438594
2614,1,-0.008,0.993,-1.138681,0.916056,3.84777,3.486981
2615,1,-0.008,0.993,-1.205396,1.292433,3.674524,4.364517
2616,0,0.994,-0.006,3.153701,-2.74297,4.574637,4.665081
2617,0,0.986,-0.014,1.73919,-2.193277,3.138568,3.2704
2618,1,-0.01,0.991,-1.254976,0.721495,3.978018,3.527669
2619,1,-0.013,0.988,-1.166097,0.5459,3.663293,3.383762
2620,1,-0.01,0.991,-0.993468,0.426937,3.51193,4.358127
2621,0,0.987,-0.013,1.841847,-2.023926,3.189848,3.225565
2622,1,-0.013,0.988,-1.258537,0.641248,3.627673,3.604075
2623,1,-0.006,0.995,-1.509533,1.059658,4.790128,4.197832
2624,1,-0.013,0.988,-0.959919,0.333471,3.397438,3.376668
2625,1,-0.013,0.988,-0.69913,-0.353437,3.285457,3.312173
2626,0,0.989,-0.011,2.325655,-1.688602,4.00505,2.690797
2627,1,-0.011,0.99,-0.914129,0.305195,3.123549,3.715584
2628,0,0.99,-0.01,2.703188,-2.530425,3.682319,3.435631
2629,0,0.992,-0.008,2.775519,-2.575364,4.014711,3.843377
2630,0,0.988,-0.012,1.791617,-1.979696,3.092271,3.51916
2631,1,-0.01,0.991,-1.118654,0.899577,3.824581,3.686584
2632,1,-0.01,0.991,-0.983136,1.152789,3.254648,3.888714
2633,1,-0.01,0.991,-1.061558,0.974512,3.682084,3.888579
2634,0,0.988,-0.012,1.862979,-1.697211,3.374842,2.824185
2635,1,-0.012,0.989,-0.701567,0.237144,2.782797,4.160483
2636,0,0.99,-0.01,2.411044,-2.216378,3.768406,3.278521
2637,0,0.989,-0.011,2.002907,-1.772221,3.412174,3.352167
2638,0,0.99,-0.01,2.008362,-2.033312,3.411852,3.862385
2639,0,0.991,-0.009,2.406654,-1.669985,4.084608,3.377952
2640,0,0.989,-0.011,1.656821,-1.598068,3.248719,3.459625
2641,1,-0.011,0.99,-1.27948,1.41422,3.694935,3.693637
2642,1,-0.009,0.992,-1.382159,1.987359,3.656442,4.380104
2643,0,0.989,-0.011,2.006545,-1.847365,3.621822,3.787685
2644,1,-0.011,0.99,-1.183612,1.652257,3.363649,4.131925
2645,0,0.988,-0.012,1.650163,-1.419748,3.703431,3.248863
2646,1,-0.012,0.989,-1.527689,1.137138,3.480362,3.105019
2647,0,0.987,-0.013,1.601924,-1.413845,3.622285,3.252616
2648,1,-0.014,0.987,-1.348172,1.195299,3.010937,3.2015
2649,0,0.989,-0.011,1.322728,-1.432784,3.624625,3.481045
2650,0,0.989,-0.011,1.786211,-1.287849,3.793696,2.749506
2651,1,-0.013,0.988,-1.025209,1.046728,3.16045,3.010689
2652,1,-0.012,0.989,-1.758966,1.706962,3.80894,3.421855
2653,1,-0.011,0.99,-1.300815,1.720364,3.009032,3.687304
2654,1,-0.011,0.99,-1.342449,1.346787,3.384058,3.199697
2655,0,0.991,-0.009,2.518565,-1.65609,4.383605,3.303389
2656,1,-0.014,0.987,-1.040557,0.781857,3.288416,3.19987
2657,0,0.992,-0.008,2.742423,-1.882181,4.225988,3.452411
2658,1,-0.011,0.99,-1.337324,1.179473,3.595558,3.514856
2659,1,-0.009,0.992,-1.11561,1.400828,3.968562,4.066352
2660,0,0.986,-0.014,1.823698,-2.230534,3.516278,3.584886
2661,1,-0.012,0.989,-0.94769,0.878297,3.190338,3.238967
2662,1,-0.013,0.988,-1.02022,0.936062,3.170526,3.854204
2663,0,0.989,-0.011,1.695877,-1.88907,3.339891,3.62582
2664,1,-0.014,0.987,-0.956769,0.574524,3.446055,3.155812
2665,1,-0.009,0.992,-0.876921,0.885458,3.267791,4.213704
2666,0,0.992,-0.008,2.532645,-2.24507,4.01738,3.756184
2667,0,0.993,-0.007,2.741192,-2.589385,4.068033,4.060914
2668,0,0.992,-0.008,2.196257,-2.072137,3.271066,3.457637
2669,0,0.988,-0.012,1.699956,-1.898102,3.131514,3.348142
2670,1,-0.007,0.994,-1.365971,1.699619,4.029876,4.47211
2671,1,-0.012,0.989,-0.97455,1.087185,3.212588,3.619271
2672,1,-0.009,0.992,-1.123108,0.925602,3.783376,4.025885
2673,0,0.989,-0.011,1.831069,-2.126233,3.415274,3.566734
2674,0,0.99,-0.01,2.285168,-1.819548,3.535707,3.201649
2675,1,-0.01,0.991,-1.397588,0.926971,3.721865,3.282951
2676,0,0.995,-0.005,2.598801,-2.758003,4.453773,4.926106
2677,0,0.989,-0.011,1.682241,-1.769263,3.037331,3.399879
2678,1,-0.01,0.991,-1.06586,1.0977,3.253169,4.236861
2679,1,-0.012,0.989,-1.128172,0.880614,3.620534,3.570637
2680,1,-0.01,0.991,-1.004319,0.862003,3.224289,3.492806
2681,0,0.987,-0.013,1.315404,-1.636158,3.23998,3.331163
2682,1,-0.011,0.99,-1.233391,1.257548,3.333454,3.918484
2683,0,0.988,-0.012,1.823873,-1.433573,3.771944,2.794198
2684,0,0.988,-0.012,1.732121,-1.892018,3.179372,3.222963
2685,1,-0.009,0.992,-0.941932,0.992969,3.17157,4.416207
2686,0,0.989,-0.011,1.544122,-1.612064,3.803055,3.24539
2687,0,0.99,-0.01,1.682234,-1.599433,3.595187,3.355616
2688,0,0.988,-0.012,1.591514,-1.645792,3.771519,3.409554
2689,0,0.989,-0.011,1.440965,-2.051108,3.510874,4.307374
2690,0,0.992,-0.008,1.22853,-1.563776,3.637561,4.096251
2691,0,0.994,-0.006,1.591684,-1.285718,4.360294,3.783141
2692,1,-0.01,0.991,-1.639143,2.17607,3.774147,4.138939
2693,0,0.988,-0.012,0.845959,-1.172388,2.718322,3.125781
2694,1,-0.01,0.991,-1.5261,2.457658,2.712186,3.868013
2695,1,-0.011,0.99,-2.106722,2.228531,3.827341,3.620647
2696,0,0.987,-0.013,0.602533,-1.348969,3.472084,3.820765
2697,1,-0.011,0.99,-2.15462,2.025164,3.517564,3.57337
2698,1,-0.011,0.99,-1.500297,1.827532,3.305637,3.635628
2699,1,-0.008,0.993,-2.036363,2.443747,3.545557,3.869808
2700,0,0.988,-0.012,0.860626,-1.361422,3.112497,3.412547
2701,0,0.99,-0.01,1.343293,-1.594772,3.471767,3.672678
2702,0,0.99,-0.01,1.338138,-1.226539,3.303085,3.328089
2703,1,-0.01,0.991,-1.384784,1.942934,3.050258,3.784999
2704,1,-0.012,0.989,-1.464808,1.928921,3.092148,3.648868
2705,0,0.988,-0.012,1.367999,-1.345578,3.389457,3.499616
2706,0,0.99,-0.01,1.082168,-1.372081,3.21479,3.730678
2707,0,0.986,-0.014,0.563964,-1.167792,2.718271,3.254134
2708,0,0.993,-0.007,1.668555,-1.260158,4.009098,3.78908
2709,1,-0.01,0.991,-1.974452,2.787357,3.482675,4.421318
2710,0,0.991,-0.009,1.237558,-1.065009,3.86555,3.591081
2711,0,0.989,-0.011,0.375917,-0.82718,3.592855,3.473976
2712,0,0.989,-0.011,0.351303,-1.058003,4.084431,4.331631
2713,0,0.989,-0.011,0.389484,-0.777733,3.739698,3.416011
2714,1,-0.014,0.987,-1.923953,2.360993,2.889571,3.357978
2715,0,0.989,-0.011,0.245295,-0.833637,3.714065,3.885129
2716,1,-0.011,0.99,-2.667793,2.670347,3.584108,3.746795
2717,0,0.99,-0.01,0.505621,-0.862057,3.155636,3.733532
2718,0,0.988,-0.012,0.443376,-0.69272,3.333393,3.425027
2719,0,0.991,-0.009,0.474947,-0.807001,2.657872,4.065196
2720,0,0.986,-0.014,-0.20515,-0.676753,3.029307,3.476808
2721,1,-0.011,0.99,-2.378517,2.775733,3.188805,3.535875
2722,0,0.988,-0.012,0.136685,-0.51585,3.062401,3.292241
2723,0,0.989,-0.011,0.294906,-0.667206,3.988797,4.059508
2724,0,0.99,-0.01,0.45646,-0.599432,3.510351,3.76392
2725,0,0.99,-0.01,0.201243,-0.446067,3.102027,3.73055
2726,1,-0.01,0.991,-2.210996,3.284186,3.626033,3.958667
2727,0,0.991,-0.009,0.352438,-0.475893,3.604578,3.405332
2728,1,-0.007,0.994,-1.889207,4.162455,3.142134,5.005927
2729,1,-0.013,0.988,-2.007012,2.470995,3.036808,3.467309
2730,0,0.989,-0.011,0.731498,-0.679538,3.742295,3.618222
2731,0,0.99,-0.01,0.35628,-0.553786,3.606203,2.93345
2732,1,-0.012,0.989,-1.897312,2.26644,3.120887,3.074234
2733,0,0.989,-0.011,0.30194,-0.675539,3.513477,3.463894
2734,1,-0.014,0.987,-1.571909,1.904783,3.176887,3.14569
2735,0,0.988,-0.012,0.665173,-0.986068,3.137502,3.649589
2736,0,0.988,-0.012,0.636498,-0.734883,3.497015,3.193527
2737,0,0.987,-0.013,0.424587,-0.830245,3.07463,3.43191
2738,1,-0.014,0.987,-1.635095,2.013495,2.655709,3.036595
2739,0,0.989,-0.011,0.423714,-0.998633,3.18895,4.23404
2740,0,0.99,-0.01,0.326864,-0.782693,3.913121,3.99547
2741,0,0.99,-0.01,0.195373,-0.560988,4.077435,3.306412
2742,0,0.987,-0.013,0.084934,-0.569272,3.203258,3.284725
2743,0,0.991,-0.009,0.111048,-0.603745,3.802641,4.374275
2744,1,-0.008,0.993,-3.376383,3.358003,3.836026,3.667292
2745,0,0.991,-0.009,0.222636,-0.514299,3.407745,3.740158
2746,1,-0.014,0.987,-1.911006,2.607757,3.002076,3.476779
2747,0,0.987,-0.013,0.459908,-0.607156,2.626316,3.693602
2748,1,-0.012,0.989,-2.05258,2.744614,3.61651,3.725664
2749,1,-0.014,0.987,-1.719727,2.328124,2.955932,3.484426
2750,1,-0.013,0.988,-1.794611,2.113574,2.993623,3.312694
2751,1,-0.011,0.99,-1.911447,2.619856,3.265946,3.940755
2752,1,-0.008,0.993,-2.100167,2.787603,3.689468,4.312414
2753,1,-0.013,0.988,-1.202001,1.576411,3.003253,3.207995
2754,0,0.989,-0.011,1.572068,-1.639529,4.007766,4.130017
2755,0,0.989,-0.011,1.854439,-1.114546,3.20554,2.613008
2756,1,-0.011,0.99,-1.516409,1.797776,3.539384,3.472179
2757,0,0.993,-0.007,2.342191,-1.631664,4.266035,3.830726
2758,1,-0.011,0.99,-1.242002,1.69841,2.944991,3.63545
2759,1,-0.012,0.989,-1.290671,1.490546,3.171679,3.461674
2760,0,0.991,-0.009,1.805083,-1.472515,3.522653,3.719183
2761,1,-0.014,0.987,-1.000599,0.995867,3.231708,3.887251
2762,0,0.991,-0.009,1.95984,-1.097557,3.756639,3.386342
2763,0,0.988,-0.012,1.78022,-1.373505,3.580787,3.319709
2764,1,-0.011,0.99,-0.815516,1.553463,2.413207,3.749862
2765,1,-0.011,0.99,-1.109617,1.227742,3.223276,3.564935
2766,1,-0.01,0.991,-1.42617,1.588581,3.789547,4.084411
2767,1,-0.01,0.991,-1.216498,1.525442,3.176063,3.706446
2768,0,0.988,-0.012,2.301978,-2.30213,3.598256,3.487364
2769,1,-0.011,0.99,-0.739474,0.469461,2.969796,3.437579
2770,1,-0.011,0.99,-0.824051,0.377507,3.374974,3.368459
2771,0,0.987,-0.013,1.715473,-2.503132,3.000989,3.822247
2772,0,0.99,-0.01,1.795715,-2.288834,3.230831,3.586982
2773,0,0.987,-0.013,1.715133,-2.007586,2.940588,3.473138
2774,0,0.991,-0.009,1.991665,-2.195044,2.688184,3.953992
2775,1,-0.009,0.992,-0.927549,1.436231,2.987626,4.091939
2776,1,-0.01,0.991,-1.136788,1.693373,3.245582,3.859497
2777,0,0.99,-0.01,1.95539,-1.452239,4.081811,3.442459
2778,0,0.99,-0.01,1.905217,-1.283275,4.005854,3.008528
2779,0,0.989,-0.011,1.47952,-1.553253,3.181968,3.577475
2780,1,-0.01,0.991,-1.445811,1.892118,3.268697,3.811022
2781,1,-0.012,0.989,-1.645125,1.804036,3.03884,3.778236
2782,0,0.986,-0.014,1.133521,-1.555007,3.105895,3.741216
2783,1,-0.012,0.989,-1.525446,2.197183,3.453176,3.911759
2784,1,-0.014,0.987,-1.438054,1.47208,3.27588,3.070717
2785,0,0.99,-0.01,1.547319,-1.481987,3.220238,3.979275
2786,0,0.986,-0.014,1.175689,-1.512564,2.7521,3.647262
2787,1,-0.012,0.989,-1.269272,1.885673,3.295663,3.790232
2788,1,-0.013,0.988,-1.097899,1.626636,3.158694,3.980152
2789,1,-0.013,0.988,-1.087754,1.15498,3.026054,3.448901
2790,0,0.99,-0.01,1.814654,-1.824498,3.644923,3.949856
2791,1,-0.013,0.988,-1.02263,0.999703,3.242759,3.602435
2792,1,-0.013,0.988,-1.25205,1.207044,3.598338,3.55335
2793,0,0.991,-0.009,2.173091,-1.936193,3.878809,3.442527
2794,0,0.986,-0.014,1.373102,-1.690363,2.770733,3.148857
2795,0,0.988,-0.012,1.700543,-1.583102,2.923869,3.546664
2796,0,0.993,-0.007,2.438233,-1.969717,3.991981,4.301013
2797,1,-0.013,0.988,-1.356178,1.60882,3.506894,3.581081
2798,0,0.987,-0.013,1.42468,-1.137416,3.087043,2.855458
2799,1,-0.005,0.996,-1.957992,2.396852,4.300969,4.805749
2800,0,0.988,-0.012,1.378568,-1.301225,3.487917,3.312682
2801,0,0.989,-0.011,1.59528,-1.658553,3.371667,3.679597
2802,1,-0.011,0.99,-1.53225,2.181921,3.223109,3.973886
2803,0,0.988,-0.012,1.194417,-1.477593,3.288309,3.60571
2804,1,-0.012,0.989,-1.207186,2.11724,3.018243,3.800341
2805,1,-0.012,0.989,-1.487418,1.69864,3.299127,3.574195
2806,0,0.99,-0.01,1.262482,-1.323865,3.593332,3.386916
2807,1,-0.013,0.988,-1.338526,1.796423,3.576535,3.679161
2808,1,-0.009,0.992,-1.174929,2.081057,3.667047,4.441579
2809,1,-0.009,0.992,-1.125239,1.770612,3.338929,3.942352
2810,1,-0.011,0.99,-1.389024,1.554611,3.320509,3.634473
2811,1,-0.008,0.993,-1.081288,1.521564,3.622508,3.847281
2812,1,-0.013,0.988,-1.054537,0.591258,3.547661,3.080277
2813,0,0.988,-0.012,1.742487,-2.393545,3.246755,3.548592
2814,0,0.987,-0.013,1.955416,-2.293497,3.166255,3.237832
2815,0,0.988,-0.012,1.710044,-2.35668,2.849912,3.438158
2816,1,-0.009,0.992,-1.294374,0.767149,3.928543,3.914604
2817,1,-0.009,0.992,-1.044775,0.99952,3.5186,3.892099
2818,0,0.989,-0.011,1.944265,-2.207039,3.417319,3.324854
2819,0,0.989,-0.011,1.8053,-2.584603,3.293448,3.865197
2820,1,-0.011,0.99,-1.060267,0.651628,3.546382,3.782037
2821,1,-0.006,0.995,-1.226456,1.147631,3.928404,4.164558
2822,0,0.99,-0.01,1.947992,-1.894391,3.151679,2.874413
2823,0,0.993,-0.007,2.898507,-2.67899,4.298657,4.181617
2824,0,0.991,-0.009,1.934438,-1.857039,3.950212,3.395785
2825,1,-0.011,0.99,-1.070415,0.921408,3.282376,3.597657
2826,0,0.991,-0.009,2.155613,-1.640113,3.398052,3.114861
2827,0,0.989,-0.011,2.001498,-1.569469,3.539441,3.044275
2828,1,-0.011,0.99,-1.334188,1.149139,3.762119,3.245708
2829,1,-0.01,0.991,-1.230181,1.822904,3.100742,3.533714
2830,0,0.99,-0.01,1.501231,-1.306783,3.304614,3.107472
2831,1,-0.01,0.991,-1.364274,1.136334,3.753988,3.974279
2832,1,-0.012,0.989,-1.687436,1.031936,3.856041,2.796749
2833,1,-0.014,0.987,-1.294299,0.886252,3.23928,3.11173
2834,1,-0.011,0.99,-1.137933,1.107749,3.208328,3.459855
2835,0,0.992,-0.008,2.495034,-1.715638,3.913028,3.085727
2836,0,0.991,-0.009,2.655156,-2.039105,3.862571,3.738697
2837,0,0.992,-0.008,2.409023,-1.283749,3.965724,2.947057
2838,1,-0.007,0.994,-1.350069,1.430665,3.748257,3.957921
2839,1,-0.012,0.989,-1.004603,0.892629,2.93931,3.225688
2840,1,-0.014,0.987,-1.056272,0.663621,3.439769,3.14592
2841,0,0.993,-0.007,2.88597,-2.142009,4.133849,3.6708
2842,1,-0.013,0.988,-0.881756,0.682857,3.206532,3.626037
2843,1,-0.01,0.991,-1.05545,0.760045,3.940981,4.024311
2844,1,-0.011,0.99,-1.172767,0.727445,3.878667,3.680094
2845,0,0.988,-0.012,2.108566,-2.043374,3.488765,3.107955
2846,0,0.987,-0.013,1.682729,-2.385228,2.966004,3.32458
2847,0,0.992,-0.008,2.47245,-2.520876,3.82197,3.523959
2848,0,0.991,-0.009,2.724726,-1.947387,3.864274,3.297177
2849,1,-0.011,0.99,-0.927932,0.565599,3.489857,3.419111
2850,0,0.988,-0.012,1.828023,-1.734146,3.065116,3.048077
2851,0,0.988,-0.012,1.579245,-1.414378,3.296679,3.28109
2852,1,-0.01,0.991,-1.348232,1.007582,4.120286,3.089753
2853,0,0.985,-0.015,1.595813,-1.56255,3.373931,2.922893
2854,1,-0.012,0.989,-1.267669,1.043146,3.639112,2.937763
2855,1,-0.015,0.986,-1.446065,0.764261,3.768214,2.943368
2856,0,0.989,-0.011,1.95461,-1.597931,3.60914,3.323327
2857,0,0.988,-0.012,1.805147,-1.277434,3.492088,2.844578
2858,0,0.987,-0.013,1.870704,-1.57112,3.745406,2.809108
2859,1,-0.013,0.988,-1.163948,1.013088,3.131051,3.703855
2860,0,0.992,-0.008,2.233162,-1.732491,4.508996,3.996256
2861,1,-0.012,0.989,-1.430362,1.425014,3.676414,3.454123
2862,0,0.989,-0.011,1.557878,-1.212258,3.129429,3.064939
2863,1,-0.011,0.99,-1.432361,1.520207,3.452335,3.38232
2864,0,0.989,-0.011,1.888051,-1.462937,3.833846,3.252514
2865,1,-0.014,0.987,-1.331715,1.376219,3.31335,3.13828
2866,0,0.986,-0.014,1.538245,-1.159285,3.283247,2.533669
2867,0,0.988,-0.012,1.58162,-1.233698,4.039796,3.111915
2868,0,0.991,-0.009,1.564522,-1.32304,4.083664,3.008399
2869,1,-0.009,0.992,-1.217702,2.091532,2.962121,3.976222
2870,0,0.987,-0.013,1.024509,-0.868839,3.177654,2.713987
2871,1,-0.01,0.991,-1.805899,2.118163,3.852482,3.706979
2872,0,0.988,-0.012,1.236542,-0.910634,3.30238,3.069866
2873,0,0.991,-0.009,1.312903,-0.919772,3.894,2.843478
2874,0,0.987,-0.013,0.974266,-1.019387,3.120671,2.853353
2875,0,0.991,-0.009,1.142358,-1.18963,3.253002,3.457669
2876,0,0.987,-0.013,0.378645,-0.968015,3.486644,3.405105
2877,0,0.988,-0.012,0.62998,-0.758274,3.496207,2.625433
2878,1,-0.014,0.987,-2.258052,1.808224,3.18634,2.974809
2879,1,-0.01,0.991,-2.573359,2.789157,3.869827,3.457835
2880,1,-0.013,0.988,-1.88719,1.851135,2.763657,2.774538
2881,0,0.989,-0.011,0.149058,-0.805584,3.887057,3.111855
2882,1,-0.013,0.988,-2.632665,1.584985,3.597018,2.711493
2883,1,-0.012,0.989,-2.12694,2.207346,3.33566,3.195083
2884,1,-0.01,0.991,-1.754283,2.125196,3.216145,3.937442
2885,0,0.988,-0.012,1.076929,-0.97078,3.567913,3.18853
2886,1,-0.01,0.991,-2.040628,2.014962,4.005427,3.328768
2887,0,0.992,-0.008,1.923819,-1.339709,4.304978,3.919486
2888,0,0.99,-0.01,1.228839,-0.960361,4.093421,3.592916
2889,1,-0.012,0.989,-1.647323,2.36918,3.267903,3.761767
2890,0,0.99,-0.01,1.280506,-0.865861,3.764951,2.673487
2891,1,-0.01,0.991,-1.578951,1.909705,3.452444,4.040738
2892,1,-0.012,0.989,-1.601114,1.570783,3.401496,3.462661
2893,1,-0.014,0.987,-1.591563,1.351099,3.492545,3.21964
2894,1,-0.01,0.991,-1.281759,1.431764,3.501583,3.725249
2895,0,0.988,-0.012,1.824499,-1.506558,3.736362,3.427804
2896,1,-0.008,0.993,-1.485798,1.509993,3.911375,3.243911
2897,0,0.987,-0.013,1.592265,-1.074612,3.779342,3.144963
2898,1,-0.006,0.995,-1.139404,2.377757,3.03715,3.955508
2899,1,-0.013,0.988,-1.130267,0.817302,3.18499,3.30898
2900,0,0.987,-0.013,1.711474,-1.687331,3.450479,3.424953
2901,1,-0.008,0.993,-1.328487,1.369405,3.834545,3.621703
2902,1,-0.013,0.988,-0.892002,0.418856,3.266088,3.402147
2903,1,-0.012,0.989,-1.064478,0.725798,3.826751,3.854392
2904,1,-0.009,0.992,-1.015667,0.38718,4.059766,3.563657
2905,1,-0.011,0.99,-0.871169,0.202599,3.553187,3.466656
2906,0,0.988,-0.012,2.275935,-2.670866,3.471602,3.568948
2907,0,0.988,-0.012,2.53489,-2.181421,3.684672,3.331458
2908,1,-0.012,0.989,-0.889631,-0.041772,3.824272,3.058287
2909,1,-0.012,0.989,-0.709301,0.345506,3.378235,3.265158
2910,1,-0.01,0.991,-0.647469,0.058188,3.495154,4.072669
2911,1,-0.013,0.988,-0.603487,0.428833,3.457806,3.360199
2912,0,0.99,-0.01,2.948516,-2.320091,3.732336,3.743259
2913,1,-0.011,0.99,-0.609068,0.592973,3.127205,3.78657
2914,1,-0.014,0.987,-0.693642,0.322397,3.387868,3.141605
2915,1,-0.011,0.99,-0.653946,0.323364,3.616018,3.455535
2916,0,0.99,-0.01,3.139931,-2.635919,3.695479,3.426196
2917,1,-0.013,0.988,-0.549425,0.429692,3.201357,3.081138
2918,0,0.988,-0.012,2.634586,-2.688101,3.449638,3.333153
2919,1,-0.011,0.99,-0.779594,0.553525,3.645101,3.626019
2920,1,-0.014,0.987,-0.734956,0.11175,3.563136,3.539729
2921,1,-0.01,0.991,-0.76572,0.522968,3.93002,3.974096
2922,1,-0.012,0.989,-0.567379,-0.051923,3.334313,2.945427
2923,0,0.989,-0.011,3.034138,-3.093245,4.031383,4.081788
2924,1,-0.007,0.994,-0.556265,0.215491,3.466877,4.629472
2925,0,0.99,-0.01,2.896984,-2.874501,3.527321,3.595993
2926,1,-0.011,0.99,-0.748474,0.546048,3.809037,3.714992
2927,0,0.987,-0.013,2.328562,-1.721025,3.269752,2.762352
2928,1,-0.011,0.99,-0.67686,0.768793,3.274956,3.50766
2929,0,0.992,-0.008,2.833137,-1.912462,3.624332,3.44186
2930,1,-0.012,0.989,-0.881304,0.788844,3.580856,3.071617
2931,0,0.987,-0.013,2.405072,-1.765731,3.489017,2.984069
2932,1,-0.014,0.987,-0.965802,0.703135,3.409657,3.058528
2933,0,0.993,-0.007,3.56486,-2.651963,4.770405,4.290269
2934,1,-0.009,0.992,-0.840565,1.050651,3.519436,4.474178
2935,0,0.988,-0.012,2.267541,-1.970694,3.561624,3.064933
2936,0,0.989,-0.011,2.536881,-1.366731,4.136594,2.918326
2937,1,-0.009,0.992,-1.029632,1.270024,3.613145,4.228808
2938,1,-0.01,0.991,-1.227596,1.16162,3.86307,3.132272
2939,0,0.991,-0.009,2.187593,-1.849978,4.047353,3.590303
2940,1,-0.009,0.992,-1.313609,1.088668,4.422205,3.7653
2941,0,0.991,-0.009,2.419633,-1.288613,4.199175,2.658918
2942,0,0.985,-0.015,1.486429,-1.914242,2.574162,3.236974
2943,0,0.989,-0.011,2.060425,-1.884152,3.786632,3.714395
2944,1,-0.012,0.989,-1.370451,1.105138,3.668504,3.147894
2945,0,0.992,-0.008,2.331198,-1.949877,4.110694,3.64471
2946,0,0.989,-0.011,1.493171,-1.595911,3.449883,3.495344
2947,1,-0.009,0.992,-1.964759,2.169563,4.110479,4.239483
2948,0,0.988,-0.012,1.20986,-1.208881,3.337039,3.176826
2949,0,0.987,-0.013,1.095203,-1.43654,3.526078,3.702852
2950,0,0.991,-0.009,1.576164,-1.198654,4.299308,3.713124
2951,1,-0.009,0.992,-1.871848,2.287871,3.903168,3.834848
2952,0,0.989,-0.011,0.783235,-1.046854,3.089309,3.357709
2953,1,-0.012,0.989,-1.977218,2.259739,3.361619,3.568671
2954,0,0.991,-0.009,0.508925,-0.909555,3.757504,3.187768
2955,0,0.989,-0.011,0.803054,-0.831436,3.759865,2.627416
2956,0,0.989,-0.011,0.433824,-0.77972,3.559582,3.295471
2957,1,-0.012,0.989,-2.21871,2.416543,3.490969,3.60758
2958,1,-0.007,0.994,-2.635808,3.208954,4.324634,4.099305
2959,0,0.987,-0.013,0.787254,-0.935094,3.527074,3.173284
2960,1,-0.013,0.988,-2.273178,2.443262,3.577936,3.593539
2961,1,-0.013,0.988,-1.889403,1.85856,3.519654,3.351107
2962,0,0.988,-0.012,0.932472,-1.04188,3.232451,3.582214
2963,1,-0.011,0.99,-1.987887,2.065505,3.959745,3.447417
2964,0,0.989,-0.011,0.969993,-1.016735,3.529031,3.001044
2965,0,0.995,-0.005,1.597203,-1.221133,4.406939,4.016653
2966,1,-0.009,0.992,-1.78834,2.670576,3.712327,4.169747
2967,0,0.987,-0.013,0.948395,-0.849839,3.305199,2.722131
2968,1,-0.014,0.987,-1.820835,1.753545,3.189967,3.223584
2969,0,0.991,-0.009,1.522651,-1.308603,3.862875,4.043872
2970,1,-0.013,0.988,-2.183589,1.918553,3.623676,3.159381
2971,0,0.99,-0.01,0.84331,-1.077881,3.653307,3.793507
2972,1,-0.012,0.989,-1.867766,1.99323,3.52408,3.682992
2973,1,-0.009,0.992,-2.314538,2.114882,4.091718,3.643475
2974,1,-0.01,0.991,-1.928836,2.339468,3.839736,3.894751
2975,1,-0.014,0.987,-1.747202,1.352223,3.548027,2.813287
2976,0,0.989,-0.011,1.523586,-1.334248,3.365745,3.588241
2977,1,-0.013,0.988,-1.339671,1.558918,3.217197,3.156586
2978,0,0.988,-0.012,1.433175,-1.149096,3.328888,2.92743
2979,0,0.992,-0.008,2.01588,-1.324524,3.950578,3.450496
2980,1,-0.012,0.989,-1.697656,1.554138,3.732152,3.176822
2981,0,0.992,-0.008,2.220857,-1.300311,4.210661,3.180911
2982,0,0.988,-0.012,1.703567,-1.212815,4.026094,2.968204
2983,1,-0.009,0.992,-1.498758,2.139296,4.063336,3.719639
2984,0,0.99,-0.01,1.50105,-1.215789,3.62841,3.418172
2985,0,0.99,-0.01,1.763335,-1.361808,3.917258,3.540099
2986,1,-0.011,0.99,-1.836566,2.215714,3.725979,3.716666
2987,1,-0.012,0.989,-1.882868,2.125063,4.038592,3.796418
2988,1,-0.011,0.99,-1.72442,2.172135,3.984484,3.717796
2989,0,0.988,-0.012,1.62488,-1.249664,3.924315,3.344284
2990,1,-0.011,0.99,-1.421092,1.871379,3.167961,3.738058
2991,0,0.989,-0.011,1.45918,-1.152144,3.611756,3.306093
2992,0,0.987,-0.013,1.363962,-1.154959,3.541611,3.291169
2993,1,-0.01,0.991,-1.704213,1.864709,3.749409,3.43086
2994,0,0.99,-0.01,1.682394,-1.159266,3.620321,3.234627
2995,0,0.988,-0.012,0.867423,-0.859691,4.085168,2.712292
2996,1,-0.012,0.989,-1.434626,1.769078,3.298173,3.311451
2997,0,0.991,-0.009,1.927654,-1.513049,4.397516,4.18172
2998,0,0.989,-0.011,1.146186,-0.914369,3.603258,3.098801
2999,1,-0.007,0.994,-1.630823,3.087172,3.260919,4.436955
3000,0,0.989,-0.011,0.820501,-0.894621,3.614296,3.381582
