episode,winner,reward_0,reward_1,loss_0,loss_1,entropy_0,entropy_1
1,0,0.991,-0.009,-0.515124,0.007047,3.964144,4.224009
2,1,-0.011,0.99,0.189031,-0.510169,3.636847,3.439853
3,0,0.989,-0.011,-0.435904,0.157069,3.395367,3.520762
4,1,-0.011,0.99,0.419943,-0.457311,3.724839,3.635612
5,1,-0.013,0.988,0.236661,-0.397744,3.95857,3.489958
6,0,0.991,-0.009,-0.481631,0.619892,4.376795,3.958214
7,1,-0.011,0.99,0.235719,-0.333654,3.726696,4.081308
8,0,0.988,-0.012,-0.477571,0.808001,3.800498,3.797237
9,1,-0.013,0.988,0.354313,-0.283679,3.543567,3.468569
10,1,-0.014,0.987,0.169891,-0.220699,3.107827,3.448494
11,1,-0.011,0.99,0.053177,-0.08194,4.096069,3.919137
12,0,0.988,-0.012,-0.50646,1.361494,4.006405,3.303678
13,1,-0.008,0.993,0.076885,-0.088338,3.887511,4.227109
14,0,0.989,-0.011,-0.484564,1.114997,3.634376,3.327776
15,0,0.99,-0.01,-0.469005,0.834812,3.997041,3.678087
16,0,0.989,-0.011,-0.413692,0.656202,4.05164,3.654644
17,0,0.987,-0.013,-0.184313,0.361179,3.669028,3.546615
18,0,0.988,-0.012,-0.022167,0.232067,3.309652,3.379609
19,0,0.989,-0.011,0.162061,0.074348,3.663955,3.43366
20,0,0.993,-0.007,0.097415,-0.043241,4.473224,3.734862
21,1,-0.013,0.988,1.324874,-0.528149,3.64744,3.621766
22,1,-0.011,0.99,0.903317,-0.52806,3.692874,3.706717
23,0,0.988,-0.012,-0.300604,0.081165,3.607745,3.780591
24,1,-0.012,0.989,0.609755,-0.508776,3.548765,3.480437
25,0,0.99,-0.01,-0.334731,0.182367,3.563219,3.707157
26,0,0.988,-0.012,-0.316741,0.182854,3.452377,3.190285
27,1,-0.013,0.988,0.687507,-0.476624,3.36702,3.643653
28,1,-0.01,0.991,0.631648,-0.486326,3.885067,3.890924
29,0,0.99,-0.01,-0.431314,0.412497,3.931706,3.312429
30,0,0.99,-0.01,-0.322789,0.281431,4.077385,3.67336
31,0,0.991,-0.009,-0.303886,0.263321,4.457784,3.955152
32,0,0.987,-0.013,-0.111766,0.24628,3.803123,2.772272
33,1,-0.01,0.991,1.249433,-0.503429,3.259744,3.775741
34,1,-0.012,0.989,1.141882,-0.48263,3.824933,3.467775
35,1,-0.011,0.99,0.947865,-0.465545,3.310386,4.019845
36,1,-0.01,0.991,0.67873,-0.43093,3.522963,4.013839
37,1,-0.009,0.992,0.401341,-0.32336,3.160178,4.169356
38,1,-0.012,0.989,0.369019,-0.230654,3.497077,3.419563
39,0,0.989,-0.011,-0.479329,1.118052,3.383611,3.198099
40,1,-0.012,0.989,0.247457,-0.058123,3.323717,3.075672
41,1,-0.011,0.99,0.171501,-0.012926,3.616199,3.9002
42,0,0.987,-0.013,-0.501689,1.311448,3.770264,3.332931
43,0,0.988,-0.012,-0.478374,0.982624,3.78598,3.708297
44,1,-0.013,0.988,0.175145,-0.135075,3.505259,2.953516
45,1,-0.01,0.991,0.205922,-0.278213,4.001361,3.475285
46,1,-0.01,0.991,0.210673,-0.209635,4.094243,4.008357
47,1,-0.012,0.989,0.183354,-0.134521,2.954728,3.839622
48,1,-0.012,0.989,0.160637,0.000304,3.322386,3.348176
49,0,0.992,-0.008,-0.520643,1.280602,4.095818,3.587071
50,1,-0.011,0.99,0.162598,-0.058392,3.701878,3.494424
51,0,0.989,-0.011,-0.495473,0.996479,3.779986,3.388394
52,1,-0.011,0.99,0.227947,-0.25783,3.81075,3.435666
53,0,0.99,-0.01,-0.45447,0.733764,3.328195,4.135027
54,0,0.991,-0.009,-0.478693,0.825053,4.202982,3.243094
55,0,0.991,-0.009,-0.41332,0.519118,3.455642,3.864227
56,1,-0.008,0.993,0.461415,-0.420024,3.533604,3.407402
57,0,0.99,-0.01,-0.306294,0.347853,4.296803,3.371476
58,1,-0.011,0.99,0.732629,-0.427353,3.585572,3.927859
59,1,-0.01,0.991,0.407836,-0.38347,4.046362,4.195725
60,0,0.987,-0.013,-0.301741,0.48849,3.590263,3.094476
61,0,0.988,-0.012,-0.271942,0.366767,3.944122,3.008538
62,1,-0.012,0.989,0.576619,-0.372968,3.2115,4.130424
63,1,-0.014,0.987,0.680098,-0.362917,3.48622,2.903905
64,1,-0.012,0.989,0.350252,-0.253835,3.547112,3.071598
65,0,0.989,-0.011,-0.428438,0.786061,4.123104,3.922138
66,0,0.989,-0.011,-0.458861,0.917957,3.982541,3.515771
67,1,-0.013,0.988,0.500671,-0.347118,3.108468,3.283486
68,0,0.991,-0.009,-0.450313,0.702565,4.002395,4.056965
69,0,0.988,-0.012,-0.400651,0.556046,3.970747,3.305208
70,1,-0.01,0.991,0.633766,-0.43033,4.17134,4.111768
71,1,-0.012,0.989,0.482574,-0.35119,3.524997,3.573502
72,1,-0.009,0.992,0.402105,-0.310424,3.623276,4.349525
73,1,-0.011,0.99,0.331299,-0.196776,3.556887,3.461718
74,0,0.989,-0.011,-0.461189,0.957837,3.259048,3.531121
75,1,-0.012,0.989,0.26117,-0.169252,3.39566,3.649222
76,1,-0.011,0.99,0.296766,-0.18843,3.362532,3.984196
77,1,-0.013,0.988,0.1818,0.036462,3.312104,3.433984
78,1,-0.015,0.986,0.175871,0.006107,3.572652,2.949403
79,0,0.992,-0.008,-0.534798,1.433835,4.74122,3.420838
80,1,-0.011,0.99,0.132324,-0.030124,3.476874,3.692441
81,0,0.988,-0.012,-0.483336,0.893843,3.558347,3.379596
82,1,-0.009,0.992,0.19992,-0.284821,3.941927,4.26509
83,0,0.989,-0.011,-0.486396,0.778581,4.068041,2.850111
84,0,0.991,-0.009,-0.484844,0.713347,3.477814,4.239544
85,1,-0.008,0.993,0.360647,-0.429119,3.713163,4.337104
86,1,-0.012,0.989,0.347703,-0.346047,3.764821,3.483159
87,1,-0.014,0.987,0.381386,-0.309621,3.389462,3.471311
88,1,-0.011,0.99,0.277025,-0.252585,3.26118,3.574372
89,1,-0.012,0.989,0.14448,0.005242,3.769272,3.83144
90,0,0.987,-0.013,-0.47341,1.064864,3.383588,3.952326
91,1,-0.01,0.991,0.222571,-0.2137,3.834805,3.853454
92,0,0.99,-0.01,-0.497606,1.180804,3.724032,3.553365
93,1,-0.01,0.991,0.201431,-0.182973,3.352748,4.169886
94,1,-0.01,0.991,0.21433,-0.117573,3.467133,3.923013
95,0,0.987,-0.013,-0.483487,1.078551,3.300193,3.596247
96,0,0.991,-0.009,-0.497211,0.998541,4.219131,3.96788
97,1,-0.01,0.991,0.305702,-0.273201,3.140121,4.209877
98,0,0.988,-0.012,-0.443925,0.783898,3.642169,3.75128
99,0,0.989,-0.011,-0.3802,0.643943,3.545303,2.991728
100,1,-0.01,0.991,0.544291,-0.406542,3.754658,4.294727
101,0,0.988,-0.012,-0.307444,0.534056,3.278443,3.396772
102,0,0.99,-0.01,-0.295108,0.415521,4.32347,4.018005
103,1,-0.006,0.995,0.631048,-0.466611,4.159592,4.082179
104,1,-0.01,0.991,0.645407,-0.437185,3.254167,4.020414
105,0,0.991,-0.009,-0.364831,0.4979,3.909366,3.310522
106,1,-0.011,0.99,0.546581,-0.388067,3.360348,3.691797
107,0,0.99,-0.01,-0.333431,0.441541,4.143924,3.068034
108,0,0.989,-0.011,-0.285342,0.390783,3.839262,3.524666
109,1,-0.007,0.994,0.722017,-0.466901,4.248889,4.411395
110,0,0.99,-0.01,-0.242943,0.333141,3.700693,3.665249
111,0,0.988,-0.012,-0.14936,0.322847,3.648573,3.044359
112,0,0.992,-0.008,-0.197664,0.265701,4.16881,3.528917
113,0,0.988,-0.012,0.014663,0.224997,3.14071,3.32622
114,1,-0.011,0.99,1.116599,-0.482935,3.62107,3.618649
115,0,0.988,-0.012,-0.120796,0.254529,3.956601,3.119353
116,0,0.986,-0.014,-0.08584,0.205045,3.881839,3.448148
117,1,-0.012,0.989,0.949248,-0.483484,3.657764,3.278186
118,0,0.99,-0.01,-0.197068,0.229056,4.060467,3.587742
119,1,-0.009,0.992,0.725578,-0.497982,4.219882,3.987479
120,1,-0.007,0.994,0.505475,-0.494587,4.766734,4.827235
121,1,-0.009,0.992,0.394783,-0.422436,3.794847,3.548171
122,1,-0.011,0.99,0.370465,-0.4019,3.104719,4.317507
123,0,0.989,-0.011,-0.443801,0.589347,3.207553,3.729703
124,1,-0.01,0.991,0.326474,-0.366629,3.953626,4.02562
125,0,0.989,-0.011,-0.459643,0.717416,3.912218,2.987357
126,1,-0.006,0.995,0.223731,-0.355315,4.449898,4.514132
127,0,0.992,-0.008,-0.472139,0.71785,3.814847,4.046089
128,0,0.992,-0.008,-0.485021,0.690661,4.316851,3.565795
129,1,-0.011,0.99,0.379455,-0.351596,3.763122,3.906082
130,0,0.991,-0.009,-0.436751,0.616061,4.282419,3.054946
131,1,-0.007,0.994,0.390177,-0.372326,3.863343,4.415468
132,1,-0.01,0.991,0.388167,-0.32867,3.679464,3.530186
133,1,-0.007,0.994,0.335611,-0.311242,3.69936,4.632617
134,0,0.991,-0.009,-0.466115,0.895975,4.026944,3.462968
135,1,-0.011,0.99,0.341706,-0.201191,3.602471,3.627088
136,1,-0.01,0.991,0.324925,-0.158574,4.382102,4.304654
137,0,0.995,-0.005,-0.490951,0.981918,5.069867,4.866921
138,0,0.99,-0.01,-0.428497,0.802748,4.661856,3.573639
139,0,0.992,-0.008,-0.46458,0.91721,4.032522,4.118757
140,0,0.993,-0.007,-0.409798,0.64705,4.412179,4.192072
141,1,-0.01,0.991,0.541255,-0.373702,3.48991,3.984539
142,0,0.987,-0.013,-0.354173,0.67728,3.044872,2.98695
143,0,0.988,-0.012,-0.290695,0.535334,3.831985,3.183609
144,1,-0.012,0.989,0.850609,-0.42985,3.515817,3.306223
145,1,-0.011,0.99,0.907611,-0.457001,3.279542,4.054291
146,1,-0.01,0.991,0.741703,-0.419121,3.848908,3.885603
147,1,-0.012,0.989,0.484156,-0.365385,3.841376,3.812147
148,0,0.989,-0.011,-0.416313,0.690517,3.88893,3.421481
149,0,0.99,-0.01,-0.431388,0.60578,3.65589,3.437738
150,0,0.987,-0.013,-0.329623,0.447054,3.839457,3.24858
151,1,-0.01,0.991,0.510411,-0.38601,3.119848,4.470123
152,0,0.988,-0.012,-0.313054,0.4232,4.048433,3.157413
153,1,-0.007,0.994,0.526903,-0.443357,3.815638,4.71343
154,1,-0.011,0.99,0.579943,-0.376464,3.215876,4.088579
155,1,-0.012,0.989,0.389834,-0.302394,3.741844,3.546215
156,1,-0.014,0.987,0.43665,-0.263189,3.403085,3.81618
157,0,0.988,-0.012,-0.420818,0.733181,3.610529,3.414154
158,1,-0.011,0.99,0.230619,-0.147225,3.17014,3.532409
159,0,0.987,-0.013,-0.42518,0.969926,3.815992,2.917267
160,0,0.988,-0.012,-0.441549,0.846367,3.485643,3.986233
161,0,0.99,-0.01,-0.411203,0.651847,2.953077,3.447535
162,1,-0.013,0.988,0.486641,-0.331604,3.181948,3.363671
163,0,0.986,-0.014,-0.347197,0.634703,3.306894,3.506049
164,0,0.99,-0.01,-0.265772,0.354491,4.558406,3.720442
165,0,0.988,-0.012,-0.177881,0.229345,3.691256,3.378846
166,1,-0.011,0.99,0.979753,-0.472009,3.655858,3.284164
167,0,0.989,-0.011,-0.177196,0.273244,3.833028,3.459025
168,1,-0.011,0.99,0.706226,-0.436607,2.991636,3.767767
169,1,-0.012,0.989,0.757772,-0.459949,3.297251,4.232708
170,1,-0.012,0.989,0.797032,-0.431646,4.322089,3.74181
171,0,0.992,-0.008,-0.429395,0.499669,4.572474,3.318532
172,1,-0.013,0.988,0.670817,-0.400925,3.77981,3.3093
173,0,0.99,-0.01,-0.352655,0.414236,3.721422,3.724918
174,0,0.994,-0.006,-0.441813,0.449049,4.861017,3.228014
175,0,0.992,-0.008,-0.397906,0.464372,4.350364,3.532837
176,1,-0.01,0.991,0.497109,-0.43653,3.664583,4.249643
177,0,0.992,-0.008,-0.286587,0.334863,4.050202,3.949999
178,1,-0.01,0.991,0.643969,-0.437902,4.025342,4.109926
179,0,0.987,-0.013,-0.270351,0.416205,3.868792,3.303985
180,0,0.99,-0.01,-0.29792,0.338475,4.150412,3.4325
181,0,0.989,-0.011,-0.183779,0.303049,3.534559,2.897831
182,0,0.987,-0.013,-0.139338,0.288897,3.42373,2.999618
183,0,0.988,-0.012,-0.124545,0.229275,3.936354,3.422555
184,0,0.99,-0.01,0.011489,0.12834,3.408107,3.302497
185,0,0.993,-0.007,0.051195,0.026597,4.461442,4.308436
186,1,-0.009,0.992,1.231195,-0.53127,4.358846,3.969926
187,0,0.992,-0.008,-0.142942,0.081195,4.334412,3.564877
188,0,0.99,-0.01,-0.049292,0.088398,4.20404,3.39941
189,1,-0.009,0.992,0.666123,-0.507367,3.819917,4.177773
190,0,0.99,-0.01,-0.156423,0.096068,4.025984,3.480798
191,0,0.991,-0.009,-0.153057,0.137199,4.220699,3.340787
192,1,-0.01,0.991,0.960426,-0.519422,3.386471,3.827376
193,0,0.989,-0.011,-0.130604,0.163328,3.540805,3.579833
194,0,0.994,-0.006,-0.303614,0.147446,5.015507,3.59248
195,1,-0.008,0.993,0.906227,-0.508067,4.326632,3.840715
196,1,-0.011,0.99,0.671666,-0.454403,3.804039,3.46971
197,1,-0.013,0.988,0.77833,-0.466927,3.631063,3.474472
198,0,0.989,-0.011,-0.332548,0.411724,4.109529,3.306676
199,0,0.993,-0.007,-0.367682,0.336509,4.258797,3.503492
200,1,-0.011,0.99,0.824079,-0.470621,3.692551,3.762309
201,1,-0.012,0.989,0.509532,-0.387385,3.453731,3.492898
202,0,0.988,-0.012,-0.336618,0.424483,3.8745,3.467884
203,0,0.991,-0.009,-0.361447,0.426612,4.517857,3.659374
204,0,0.989,-0.011,-0.335457,0.418674,3.883565,2.953378
205,1,-0.009,0.992,0.764564,-0.473444,3.682096,4.353408
206,1,-0.01,0.991,0.550628,-0.434615,3.864351,3.810538
207,1,-0.007,0.994,0.488896,-0.424522,3.367366,4.556938
208,0,0.989,-0.011,-0.305909,0.407855,3.933773,4.240949
209,0,0.988,-0.012,-0.374885,0.550322,3.752415,3.496279
210,0,0.99,-0.01,-0.388178,0.415593,4.003819,4.027193
211,0,0.988,-0.012,-0.220168,0.344985,3.901987,4.098949
212,1,-0.013,0.988,0.732597,-0.425795,3.161978,3.539526
213,0,0.987,-0.013,-0.101367,0.290556,3.549475,3.073628
214,1,-0.008,0.993,0.769466,-0.47239,3.564208,3.499161
215,1,-0.011,0.99,0.618176,-0.415347,3.313945,4.060373
216,1,-0.011,0.99,0.737845,-0.443008,4.061165,3.337736
217,0,0.988,-0.012,-0.371097,0.473625,3.964964,3.206496
218,0,0.992,-0.008,-0.446144,0.505219,4.52483,3.836546
219,0,0.99,-0.01,-0.416889,0.52926,4.138527,3.831373
220,0,0.991,-0.009,-0.310656,0.293956,3.836031,3.208108
221,1,-0.012,0.989,0.852339,-0.475323,3.427923,3.812974
222,1,-0.008,0.993,0.549966,-0.468138,3.864138,4.700728
223,1,-0.013,0.988,0.512175,-0.40949,3.306231,3.502128
224,0,0.989,-0.011,-0.346736,0.430301,3.708352,2.750581
225,0,0.992,-0.008,-0.318464,0.274103,4.328392,4.228747
226,1,-0.012,0.989,0.869565,-0.45573,3.3644,3.802345
227,0,0.99,-0.01,-0.327563,0.422905,4.158334,3.779653
228,1,-0.01,0.991,0.430905,-0.36813,3.532203,3.630228
229,0,0.992,-0.008,-0.345291,0.385429,4.444179,3.698104
230,1,-0.012,0.989,0.535471,-0.381883,3.141475,3.62201
231,1,-0.011,0.99,0.572809,-0.380898,3.493407,3.97793
232,1,-0.015,0.986,0.677662,-0.369419,3.086279,2.951893
233,1,-0.009,0.992,0.369065,-0.294191,3.27826,4.214207
234,1,-0.008,0.993,0.362647,-0.300619,3.945249,4.103536
235,0,0.989,-0.011,-0.45497,1.035372,3.580469,3.489437
236,0,0.991,-0.009,-0.469055,0.992975,4.277177,4.190095
237,1,-0.012,0.989,0.249879,-0.069895,3.214007,3.46263
238,0,0.989,-0.011,-0.478048,1.09158,4.040836,3.096599
239,0,0.994,-0.006,-0.470189,0.714064,4.020869,3.890268
240,0,0.987,-0.013,-0.378634,0.715146,3.421313,3.217928
241,0,0.99,-0.01,-0.333499,0.407159,4.097395,3.611979
242,1,-0.008,0.993,0.629971,-0.45836,3.650286,4.430266
243,1,-0.013,0.988,0.631734,-0.378436,3.371809,3.350698
244,1,-0.014,0.987,0.499666,-0.332794,3.533312,2.789239
245,0,0.99,-0.01,-0.403207,0.493641,3.560017,3.750583
246,1,-0.011,0.99,0.513406,-0.373313,3.583404,3.799704
247,1,-0.01,0.991,0.507479,-0.394954,3.3484,4.146654
248,0,0.986,-0.014,-0.397656,0.841647,3.360088,3.243162
249,1,-0.012,0.989,0.332286,-0.285428,3.476468,3.472771
250,0,0.988,-0.012,-0.398346,0.722616,3.821163,3.313775
251,0,0.988,-0.012,-0.417315,0.626855,3.44974,3.399818
252,0,0.99,-0.01,-0.413528,0.64419,3.62225,3.041774
253,0,0.992,-0.008,-0.399153,0.539058,3.165478,4.01138
254,1,-0.013,0.988,0.846716,-0.426087,3.88064,3.531755
255,1,-0.016,0.985,0.837062,-0.423736,3.170242,3.262105
256,1,-0.012,0.989,0.526724,-0.350833,3.386583,3.892929
257,1,-0.007,0.994,0.432479,-0.405256,3.904041,4.387488
258,1,-0.011,0.99,0.460162,-0.3405,3.762639,3.549154
259,1,-0.012,0.989,0.386192,-0.32119,3.764394,3.285404
260,1,-0.011,0.99,0.282116,-0.147524,4.056886,4.060111
261,1,-0.012,0.989,0.218678,0.030776,3.492249,3.648472
262,1,-0.011,0.99,0.162603,0.096243,3.936386,3.827715
263,0,0.989,-0.011,-0.494606,1.27035,3.869236,3.480528
264,1,-0.011,0.99,0.227044,-0.189374,3.723206,3.624562
265,1,-0.012,0.989,0.185532,-0.060542,3.592489,3.109069
266,1,-0.009,0.992,0.116426,0.004969,4.004052,4.162829
267,0,0.99,-0.01,-0.494616,0.987989,3.7612,3.762133
268,0,0.988,-0.012,-0.48442,0.927116,3.654795,3.655427
269,0,0.987,-0.013,-0.456347,0.742956,3.064077,3.584794
270,1,-0.013,0.988,0.195067,-0.232859,3.602546,3.128668
271,0,0.988,-0.012,-0.476028,0.782741,3.419939,3.396217
272,1,-0.011,0.99,0.314034,-0.347888,3.831601,3.237286
273,0,0.989,-0.011,-0.437536,0.53014,3.416945,3.584201
274,0,0.989,-0.011,-0.420238,0.447942,3.27214,3.755632
275,0,0.989,-0.011,-0.400923,0.480492,4.041666,3.60203
276,0,0.988,-0.012,-0.368067,0.421703,3.846072,3.090343
277,0,0.987,-0.013,-0.289953,0.362818,3.62192,3.289241
278,1,-0.013,0.988,0.721148,-0.446038,3.305018,3.680713
279,0,0.99,-0.01,-0.270212,0.268085,3.876733,3.753979
280,0,0.99,-0.01,-0.178278,0.199244,4.018239,3.887754
281,0,0.99,-0.01,-0.171585,0.237648,3.731128,3.305448
282,1,-0.011,0.99,1.701394,-0.508073,4.240438,3.389496
283,0,0.991,-0.009,-0.109351,0.211129,4.166861,3.232864
284,1,-0.011,0.99,1.192247,-0.499642,3.205816,4.243997
285,0,0.989,-0.011,-0.187645,0.264214,3.761555,3.241283
286,0,0.99,-0.01,-0.149301,0.220194,3.457878,3.629044
287,1,-0.013,0.988,1.242316,-0.483099,3.312468,3.156237
288,1,-0.009,0.992,0.88092,-0.495694,3.633062,4.370526
289,1,-0.011,0.99,0.559979,-0.448747,4.132684,3.735015
290,0,0.991,-0.009,-0.350467,0.37103,4.010803,3.153993
291,0,0.989,-0.011,-0.272912,0.319828,4.037815,3.31004
292,0,0.989,-0.011,-0.23522,0.285762,3.26817,4.082123
293,1,-0.013,0.988,0.780414,-0.436835,3.556162,3.650815
294,0,0.987,-0.013,-0.196069,0.341958,3.64339,3.195146
295,0,0.988,-0.012,-0.208203,0.308133,3.733321,2.568465
296,1,-0.012,0.989,1.217036,-0.469371,3.923962,3.616833
297,0,0.989,-0.011,-0.219779,0.325887,3.472824,3.653357
298,0,0.991,-0.009,-0.18542,0.275823,3.363277,4.374259
299,0,0.988,-0.012,-0.038024,0.24838,3.603541,3.207985
300,1,-0.011,0.99,1.106537,-0.499727,3.450564,3.900011
301,1,-0.011,0.99,0.758543,-0.464077,3.96747,3.483413
302,0,0.99,-0.01,-0.218169,0.311866,4.28068,3.131893
303,1,-0.011,0.99,0.799416,-0.477434,4.210922,3.662886
304,1,-0.012,0.989,0.603357,-0.418863,3.557869,3.56795
305,1,-0.01,0.991,0.623027,-0.432762,3.450012,3.711035
306,0,0.992,-0.008,-0.443392,0.600376,3.850961,3.446861
307,0,0.99,-0.01,-0.411763,0.560647,4.45444,2.941925
308,1,-0.011,0.99,0.506058,-0.387109,3.840793,3.384583
309,0,0.986,-0.014,-0.330434,0.575937,3.26372,3.048623
310,1,-0.012,0.989,0.669725,-0.421244,3.060729,3.878645
311,1,-0.013,0.988,0.434725,-0.313131,3.336575,3.377172
312,1,-0.013,0.988,0.402881,-0.301873,2.721295,2.9956
313,1,-0.009,0.992,0.290883,-0.276119,3.568584,4.452699
314,1,-0.012,0.989,0.215026,-0.026048,3.399242,3.026271
315,0,0.993,-0.007,-0.483983,1.108867,4.212155,3.994644
316,1,-0.011,0.99,0.233238,-0.102438,3.614886,3.627684
317,0,0.993,-0.007,-0.462871,0.95606,4.176606,3.249998
318,1,-0.013,0.988,0.356461,-0.152268,3.619805,2.990082
319,1,-0.011,0.99,0.375018,-0.236226,3.738158,3.720887
320,0,0.987,-0.013,-0.41706,1.003648,3.200247,3.372842
321,1,-0.013,0.988,0.267002,-0.109403,3.732303,2.732051
322,1,-0.012,0.989,0.278958,-0.151844,3.702923,3.709694
323,0,0.994,-0.006,-0.502377,0.831797,4.718249,5.026271
324,1,-0.012,0.989,0.40684,-0.290626,3.776214,3.124464
325,0,0.991,-0.009,-0.463413,0.691209,4.536595,3.733838
326,1,-0.012,0.989,0.279573,-0.158144,3.600472,3.33618
327,0,0.993,-0.007,-0.483736,0.750529,4.36996,4.194282
328,1,-0.007,0.994,0.262131,-0.323079,3.854541,4.699039
329,0,0.988,-0.012,-0.428576,0.742613,3.768639,3.222211
330,0,0.989,-0.011,-0.426702,0.683461,3.626852,3.783686
331,1,-0.012,0.989,0.386619,-0.294018,3.504925,3.292706
332,1,-0.012,0.989,0.296635,-0.274752,3.350003,3.160573
333,0,0.991,-0.009,-0.451195,0.64111,3.959921,4.154926
334,0,0.991,-0.009,-0.402286,0.529776,3.338271,3.317921
335,1,-0.008,0.993,0.439949,-0.383606,3.928328,4.533094
336,1,-0.004,0.997,0.438284,-0.447457,4.741317,4.920792
337,1,-0.013,0.988,0.471865,-0.25852,3.567066,3.718225
338,0,0.99,-0.01,-0.436551,0.758303,3.724102,3.306428
339,0,0.992,-0.008,-0.42381,0.630179,3.882062,3.394335
340,1,-0.01,0.991,0.350235,-0.280619,3.953133,4.199474
341,0,0.991,-0.009,-0.409947,0.58405,4.108998,3.532057
342,1,-0.013,0.988,0.620572,-0.378101,3.330489,3.613164
343,1,-0.01,0.991,0.420957,-0.35282,3.224572,3.952481
344,1,-0.009,0.992,0.481122,-0.397199,4.402174,4.255512
345,1,-0.013,0.988,0.371859,-0.155247,3.414274,3.512391
346,0,0.989,-0.011,-0.48304,1.080427,3.803407,3.50916
347,1,-0.012,0.989,0.28357,-0.183397,3.716666,3.8084
348,0,0.989,-0.011,-0.485755,1.226741,3.397761,3.184518
349,0,0.993,-0.007,-0.495895,0.861993,4.203291,4.457245
350,1,-0.013,0.988,0.34164,-0.215581,3.415279,2.808374
351,0,0.987,-0.013,-0.425139,0.73509,3.736468,3.236989
352,0,0.989,-0.011,-0.42542,0.579704,3.870264,3.799792
353,0,0.988,-0.012,-0.403689,0.577461,3.620385,3.435427
354,1,-0.011,0.99,0.4219,-0.363437,3.55815,4.040417
355,0,0.993,-0.007,-0.427155,0.547505,4.005235,3.549718
356,1,-0.011,0.99,0.567231,-0.408775,4.089644,3.833316
357,0,0.992,-0.008,-0.344269,0.384937,4.363709,4.230098
358,0,0.993,-0.007,-0.374124,0.393297,4.15837,4.238138
359,1,-0.012,0.989,0.670205,-0.418238,3.699171,3.656691
360,0,0.989,-0.011,-0.280202,0.37286,3.322166,3.082502
361,0,0.988,-0.012,-0.209797,0.383663,3.722617,3.526685
362,0,0.993,-0.007,-0.224352,0.267441,4.770854,2.883943
363,0,0.991,-0.009,-0.13285,0.235305,4.17052,3.680896
364,0,0.989,-0.011,-0.172411,0.301353,3.941289,2.844988
365,0,0.991,-0.009,-0.041075,0.186243,4.317412,3.883588
366,0,0.99,-0.01,0.073963,0.145089,4.273951,3.304668
367,0,0.989,-0.011,0.026614,0.147305,3.906074,3.615692
368,0,0.992,-0.008,-0.093384,0.12477,3.883496,4.068384
369,1,-0.013,0.988,1.458791,-0.51403,3.960065,3.393109
370,1,-0.007,0.994,1.080584,-0.535717,3.508915,4.811315
371,1,-0.012,0.989,1.174541,-0.506611,3.752825,3.740288
372,0,0.987,-0.013,-0.183735,0.192497,3.392261,3.073731
373,0,0.99,-0.01,-0.269773,0.221602,3.484306,3.283286
374,0,0.989,-0.011,-0.226575,0.190066,3.999212,3.424919
375,1,-0.014,0.987,0.783713,-0.468734,3.522977,3.229351
376,1,-0.014,0.987,0.817566,-0.4667,3.112995,3.200916
377,1,-0.011,0.99,0.826139,-0.488271,3.425036,3.799714
378,1,-0.013,0.988,0.781708,-0.444939,3.343244,3.055357
379,1,-0.006,0.995,0.422086,-0.453224,3.615859,3.972224
380,1,-0.01,0.991,0.422758,-0.39059,3.143313,4.440422
381,0,0.988,-0.012,-0.415194,0.539252,3.224714,3.308023
382,1,-0.01,0.991,0.316537,-0.337648,3.912584,4.186897
383,1,-0.013,0.988,0.378373,-0.227815,3.742281,3.044483
384,1,-0.011,0.99,0.307209,-0.208063,3.618501,3.69436
385,1,-0.014,0.987,0.304912,0.000658,3.236105,3.03472
386,0,0.994,-0.006,-0.508869,1.101239,4.693988,3.62813
387,1,-0.01,0.991,0.183179,-0.057332,3.343512,3.703011
388,0,0.988,-0.012,-0.489836,1.220921,3.964374,3.376145
389,1,-0.01,0.991,0.260728,-0.143208,3.81226,4.004439
390,1,-0.011,0.99,0.191762,-0.118341,4.145681,4.217072
391,0,0.988,-0.012,-0.485885,1.061599,3.414525,2.625948
392,1,-0.013,0.988,0.237639,-0.152061,3.532854,3.179582
393,0,0.989,-0.011,-0.459364,0.703708,3.746281,3.475012
394,0,0.992,-0.008,-0.458131,0.503382,4.26094,3.504232
395,1,-0.012,0.989,0.324118,-0.329705,3.678984,3.226838
396,1,-0.011,0.99,0.335393,-0.351179,3.837978,3.695773
397,0,0.991,-0.009,-0.478008,0.613808,4.519355,4.198241
398,1,-0.009,0.992,0.308312,-0.345322,3.96956,3.705436
399,1,-0.011,0.99,0.31108,-0.231461,3.727672,3.243125
400,0,0.988,-0.012,-0.438251,0.726845,3.387712,3.554372
401,0,0.988,-0.012,-0.435395,0.862422,3.680381,3.081429
402,1,-0.01,0.991,0.371022,-0.318418,4.211267,3.726453
403,1,-0.012,0.989,0.436345,-0.29697,3.575513,3.853408
404,1,-0.012,0.989,0.333267,-0.184911,3.670747,3.616191
405,1,-0.015,0.986,0.296202,-0.079948,3.579371,3.192038
406,0,0.988,-0.012,-0.468165,1.387277,3.250509,3.143662
407,0,0.991,-0.009,-0.48541,1.204147,3.922299,3.701675
408,0,0.991,-0.009,-0.444127,0.754393,4.221601,3.517644
409,0,0.989,-0.011,-0.425899,0.811438,3.380451,3.243915
410,0,0.993,-0.007,-0.444294,0.556326,4.27219,3.753777
411,1,-0.008,0.993,0.495303,-0.430062,3.361606,4.730492
412,0,0.988,-0.012,-0.306455,0.483399,3.773135,3.634791
413,0,0.99,-0.01,-0.353577,0.389729,3.885548,3.70519
414,0,0.988,-0.012,-0.24479,0.349757,3.737861,3.265297
415,0,0.991,-0.009,-0.220635,0.277459,3.998758,3.236473
416,0,0.991,-0.009,-0.088955,0.211366,3.93942,4.004309
417,1,-0.011,0.99,1.1773,-0.499025,3.31935,3.848218
418,1,-0.01,0.991,1.323681,-0.494998,3.688462,3.978409
419,0,0.985,-0.015,-0.087268,0.298816,3.779921,2.930645
420,0,0.989,-0.011,-0.027836,0.214895,4.032106,3.463939
421,0,0.988,-0.012,-0.130004,0.238441,3.110592,3.25494
422,1,-0.008,0.993,0.846482,-0.502139,4.638431,4.279033
423,0,0.991,-0.009,-0.214294,0.192764,4.514479,3.301457
424,0,0.989,-0.011,-0.204251,0.221999,3.631457,2.978149
425,0,0.991,-0.009,-0.217321,0.21438,4.290735,3.214974
426,0,0.989,-0.011,-0.157319,0.206442,3.733611,3.181775
427,0,0.986,-0.014,0.134871,0.148668,3.27517,3.461076
428,1,-0.005,0.996,1.073332,-0.550228,4.1973,4.75021
429,0,0.99,-0.01,-0.127225,0.153904,4.217234,3.382478
430,1,-0.005,0.996,0.900503,-0.538481,4.649672,4.515708
431,1,-0.011,0.99,0.780223,-0.488501,3.670874,3.85236
432,1,-0.011,0.99,0.621918,-0.471465,3.820384,3.471627
433,0,0.994,-0.006,-0.372133,0.259068,3.079853,3.504147
434,1,-0.007,0.994,0.539565,-0.484973,3.882971,3.67487
435,0,0.986,-0.014,-0.284588,0.311536,2.775264,2.789202
436,1,-0.013,0.988,0.596456,-0.438179,3.838292,3.162257
437,0,0.989,-0.011,-0.386325,0.326719,3.677679,3.719941
438,0,0.988,-0.012,-0.323219,0.319827,4.086277,3.391683
439,0,0.991,-0.009,-0.32655,0.287535,3.977991,3.811995
440,1,-0.013,0.988,0.862363,-0.473854,3.049273,3.181437
441,0,0.989,-0.011,-0.303192,0.348227,4.241364,3.772069
442,0,0.99,-0.01,-0.275474,0.295029,4.354311,3.529185
443,1,-0.011,0.99,0.611083,-0.435153,3.512756,3.498966
444,0,0.986,-0.014,-0.128552,0.292504,3.510413,3.258204
445,1,-0.007,0.994,0.781083,-0.488081,4.227341,4.350103
446,1,-0.012,0.989,0.962703,-0.463838,3.433633,3.445616
447,0,0.99,-0.01,-0.338299,0.408745,3.598757,3.496605
448,0,0.99,-0.01,-0.256321,0.345645,3.251503,4.093646
449,1,-0.013,0.988,0.673286,-0.421127,3.244759,3.198692
450,0,0.988,-0.012,-0.271844,0.400647,3.270487,3.427316
451,1,-0.009,0.992,0.818715,-0.47119,3.36786,3.859982
452,1,-0.008,0.993,0.676281,-0.461185,3.677923,4.444921
453,0,0.991,-0.009,-0.330591,0.38087,3.965399,3.630305
454,0,0.989,-0.011,-0.235106,0.327862,3.872555,3.792504
455,1,-0.011,0.99,0.650644,-0.440292,3.634977,4.302373
456,0,0.989,-0.011,-0.325054,0.433648,4.046625,3.74052
457,0,0.988,-0.012,-0.287235,0.405779,3.710515,3.160434
458,1,-0.01,0.991,0.632322,-0.436486,3.390073,4.043871
459,0,0.987,-0.013,-0.23742,0.386553,3.769567,2.710165
460,0,0.989,-0.011,-0.269714,0.379182,3.620968,3.899228
461,1,-0.008,0.993,0.767914,-0.471105,2.989819,4.512565
462,0,0.992,-0.008,-0.325534,0.346203,4.161129,3.280749
463,1,-0.011,0.99,1.084917,-0.475655,3.319023,3.724714
464,1,-0.014,0.987,0.865161,-0.422662,3.107527,3.192238
465,0,0.988,-0.012,-0.286238,0.4486,3.168742,2.970811
466,0,0.988,-0.012,-0.266591,0.393647,3.864992,3.690345
467,1,-0.013,0.988,0.95177,-0.450739,3.020238,4.038969
468,1,-0.011,0.99,0.732785,-0.437627,3.434692,4.277661
469,1,-0.009,0.992,0.509225,-0.42519,4.445471,4.071942
470,0,0.991,-0.009,-0.330353,0.429128,3.886605,3.823119
471,0,0.99,-0.01,-0.29547,0.417759,4.087433,3.466187
472,1,-0.012,0.989,0.514062,-0.378088,3.405252,4.080276
473,1,-0.008,0.993,0.516906,-0.408794,4.3178,4.476409
474,1,-0.011,0.99,0.542799,-0.390882,3.705514,3.390125
475,0,0.99,-0.01,-0.397568,0.531434,4.204418,3.685902
476,0,0.988,-0.012,-0.344608,0.488374,3.526979,3.241224
477,1,-0.012,0.989,0.517733,-0.383308,3.57865,3.539822
478,0,0.99,-0.01,-0.377423,0.490856,4.222632,3.396395
479,1,-0.014,0.987,0.546565,-0.329409,3.3074,3.293523
480,0,0.992,-0.008,-0.438599,0.552316,3.803792,3.785154
481,1,-0.013,0.988,0.373227,-0.28357,3.856634,3.362185
482,0,0.988,-0.012,-0.382085,0.590601,3.559457,3.11928
483,1,-0.01,0.991,0.505577,-0.394231,3.906291,3.899822
484,1,-0.009,0.992,0.431638,-0.34947,3.788002,4.046274
485,0,0.99,-0.01,-0.358503,0.446961,4.037883,3.279075
486,0,0.988,-0.012,-0.388774,0.57855,3.557744,3.176048
487,0,0.991,-0.009,-0.385213,0.514383,3.575145,3.175494
488,1,-0.009,0.992,0.457294,-0.376042,4.201737,3.376167
489,0,0.988,-0.012,-0.308672,0.485698,3.455015,3.403505
490,0,0.988,-0.012,-0.290947,0.465825,3.742295,3.550216
491,1,-0.013,0.988,0.925379,-0.450515,3.939765,3.51338
492,1,-0.011,0.99,0.898343,-0.466915,3.568859,3.761292
493,1,-0.006,0.995,0.470067,-0.435572,4.037138,4.767886
494,0,0.989,-0.011,-0.342267,0.475752,3.307154,3.550557
495,0,0.991,-0.009,-0.397435,0.53224,3.339021,3.612595
496,1,-0.011,0.99,0.586765,-0.419739,3.755203,3.618426
497,0,0.989,-0.011,-0.30033,0.398187,3.850514,4.252009
498,0,0.991,-0.009,-0.326212,0.457223,3.774408,3.100658
499,0,0.993,-0.007,-0.264796,0.298871,4.077363,3.896546
500,1,-0.012,0.989,0.889766,-0.447282,3.668698,3.904177
501,0,0.986,-0.014,-0.168333,0.37474,3.29671,2.968475
502,0,0.991,-0.009,-0.150087,0.265224,4.377048,3.972711
503,1,-0.014,0.987,1.100901,-0.439546,3.489601,3.005564
504,1,-0.012,0.989,0.982307,-0.457669,3.000718,3.833591
505,0,0.988,-0.012,-0.310543,0.523466,2.96379,3.630651
506,0,0.99,-0.01,-0.217729,0.315566,4.289477,3.057052
507,1,-0.011,0.99,0.776779,-0.467009,3.853663,3.860024
508,1,-0.011,0.99,0.888318,-0.463719,3.359544,3.98518
509,0,0.992,-0.008,-0.334352,0.34764,3.920844,4.38675
510,0,0.988,-0.012,-0.151198,0.308736,3.677058,3.570263
511,1,-0.013,0.988,0.817092,-0.412201,3.30513,3.295377
512,0,0.987,-0.013,-0.178446,0.347457,3.286283,3.400964
513,1,-0.009,0.992,0.630765,-0.447559,3.256627,3.968471
514,1,-0.011,0.99,0.567713,-0.397963,3.397943,3.272407
515,1,-0.013,0.988,0.577608,-0.332547,3.540606,3.210036
516,0,0.987,-0.013,-0.367957,0.702352,3.248132,2.303299
517,1,-0.008,0.993,0.503801,-0.414602,3.98127,3.981625
518,1,-0.009,0.992,0.367296,-0.315092,3.565795,3.756798
519,1,-0.012,0.989,0.412824,-0.251476,3.224421,3.365176
520,0,0.987,-0.013,-0.421512,0.860548,3.016801,3.508722
521,1,-0.013,0.988,0.383666,-0.171454,3.542729,3.309721
522,0,0.987,-0.013,-0.40907,0.811282,3.553992,3.439047
523,0,0.986,-0.014,-0.399927,0.967256,3.567814,3.265616
524,1,-0.01,0.991,0.295335,-0.142664,3.534585,3.246833
525,0,0.99,-0.01,-0.491631,0.992839,3.570023,3.556674
526,0,0.99,-0.01,-0.42202,0.596212,3.844797,4.068592
527,1,-0.011,0.99,0.446693,-0.397769,3.817468,3.909763
528,1,-0.013,0.988,0.539129,-0.378098,3.600907,3.537173
529,1,-0.011,0.99,0.388843,-0.339712,3.080546,4.046556
530,0,0.989,-0.011,-0.437068,0.723381,3.758693,3.550198
531,0,0.987,-0.013,-0.389057,0.691657,3.664646,2.858023
532,1,-0.012,0.989,0.404889,-0.304082,3.433669,3.716426
533,1,-0.007,0.994,0.31493,-0.3351,3.797259,4.624267
534,0,0.993,-0.007,-0.482687,0.825413,2.968978,3.998836
535,1,-0.008,0.993,0.307859,-0.260046,4.388293,3.981343
536,0,0.988,-0.012,-0.441106,0.941408,3.008112,3.437709
537,1,-0.011,0.99,0.349807,-0.217182,3.414081,3.361371
538,1,-0.011,0.99,0.347023,-0.225103,3.573785,3.491579
539,0,0.988,-0.012,-0.432514,0.790574,3.855207,3.684967
540,1,-0.009,0.992,0.287883,-0.225846,3.991628,4.014433
541,1,-0.009,0.992,0.347055,-0.251079,4.134042,4.276596
542,1,-0.01,0.991,0.307485,-0.183687,3.820233,3.989126
543,1,-0.011,0.99,0.291228,-0.080007,4.14697,3.998313
544,0,0.992,-0.008,-0.483047,1.133718,4.541183,3.603179
545,0,0.994,-0.006,-0.511061,1.083004,4.524405,4.561785
546,0,0.989,-0.011,-0.45549,0.997008,3.482575,3.403573
547,1,-0.011,0.99,0.362851,-0.165306,3.296576,3.583023
548,1,-0.014,0.987,0.442631,-0.152365,3.430666,2.738988
549,1,-0.01,0.991,0.432406,-0.345625,3.853461,3.570656
550,0,0.994,-0.006,-0.476094,0.739659,4.496097,3.598486
551,1,-0.01,0.991,0.253969,-0.169904,4.0966,3.63835
552,1,-0.012,0.989,0.29396,-0.119258,3.412329,3.867494
553,0,0.992,-0.008,-0.473227,0.770311,4.018254,3.802202
554,1,-0.009,0.992,0.245886,-0.196711,3.944322,4.332617
555,0,0.989,-0.011,-0.457663,0.996739,3.443,3.689231
556,1,-0.011,0.99,0.333224,-0.209908,3.571178,3.357955
557,0,0.988,-0.012,-0.44261,0.926202,3.27615,3.056377
558,1,-0.008,0.993,0.348545,-0.313608,4.008161,4.408051
559,1,-0.012,0.989,0.389327,-0.283493,3.722845,4.092918
560,1,-0.004,0.997,0.285116,-0.349374,4.969664,4.949106
561,1,-0.01,0.991,0.231543,-0.122254,3.595397,3.949982
562,1,-0.013,0.988,0.329926,-0.1396,2.943903,3.941731
563,1,-0.01,0.991,0.188614,0.005646,4.240243,4.205402
564,1,-0.015,0.986,0.244999,0.104722,3.142386,2.73229
565,0,0.989,-0.011,-0.511596,1.563081,3.973973,3.786433
566,0,0.99,-0.01,-0.508563,1.250684,3.569974,4.021758
567,0,0.987,-0.013,-0.47043,1.047722,3.218761,3.29235
568,0,0.988,-0.012,-0.450068,0.758256,3.252874,3.732915
569,0,0.988,-0.012,-0.457906,0.661278,3.606827,3.36601
570,1,-0.013,0.988,0.330259,-0.312166,3.088014,3.449874
571,1,-0.011,0.99,0.348159,-0.34469,3.331741,3.591514
572,0,0.99,-0.01,-0.449072,0.573367,3.787593,3.420062
573,0,0.991,-0.009,-0.415631,0.491025,3.598991,3.514673
574,0,0.99,-0.01,-0.418025,0.449735,3.537913,3.640958
575,1,-0.011,0.99,0.506398,-0.423666,3.135443,3.078039
576,0,0.99,-0.01,-0.402093,0.473741,3.273073,3.472996
577,0,0.989,-0.011,-0.348106,0.321005,3.766141,3.57858
578,0,0.987,-0.013,-0.213447,0.323289,2.562581,3.33448
579,1,-0.011,0.99,0.618623,-0.455795,3.316062,3.615383
580,0,0.99,-0.01,-0.206476,0.269579,3.288518,3.964567
581,0,0.991,-0.009,-0.328397,0.33538,3.884827,4.052911
582,1,-0.012,0.989,1.019879,-0.497491,3.487917,4.26392
583,0,0.991,-0.009,-0.111055,0.211364,3.911367,3.858296
584,1,-0.011,0.99,1.205973,-0.490735,3.97695,3.794741
585,0,0.989,-0.011,-0.158171,0.236391,2.984785,3.561532
586,1,-0.01,0.991,0.936713,-0.4936,3.622448,4.360278
587,0,0.987,-0.013,-0.091561,0.246029,3.217685,3.392202
588,1,-0.008,0.993,0.845709,-0.510542,4.127148,4.48217
589,1,-0.007,0.994,0.691037,-0.487422,4.228187,3.775518
590,0,0.988,-0.012,-0.339399,0.353076,3.496297,3.428794
591,0,0.99,-0.01,-0.346206,0.332526,3.45265,3.491652
592,0,0.992,-0.008,-0.402296,0.321438,3.379642,3.782595
593,1,-0.009,0.992,0.715208,-0.472412,3.831414,3.673263
594,1,-0.012,0.989,0.886548,-0.469854,3.134563,3.603412
595,0,0.988,-0.012,-0.290717,0.320379,3.408729,3.454863
596,1,-0.011,0.99,0.6118,-0.445868,3.230536,3.978349
597,1,-0.011,0.99,0.602675,-0.436755,3.605001,3.684045
598,0,0.992,-0.008,-0.451206,0.46213,3.670479,3.89009
599,0,0.987,-0.013,-0.349758,0.424765,3.075257,3.671697
600,1,-0.012,0.989,0.507666,-0.389976,3.260854,3.367269
601,0,0.989,-0.011,-0.392015,0.424423,3.542043,3.853145
602,0,0.994,-0.006,-0.427573,0.37229,4.029591,4.527658
603,0,0.988,-0.012,-0.285375,0.314056,3.515544,3.315205
604,0,0.992,-0.008,-0.226001,0.230649,4.537042,3.347862
605,1,-0.013,0.988,0.830642,-0.461832,3.262793,3.610173
606,1,-0.013,0.988,1.025653,-0.463268,3.200546,3.345213
607,1,-0.012,0.989,0.999141,-0.473895,2.961656,3.475396
608,0,0.99,-0.01,-0.316111,0.385638,3.348895,3.61439
609,0,0.992,-0.008,-0.34657,0.380114,4.143205,3.521336
610,0,0.989,-0.011,-0.181616,0.267216,3.721318,4.012081
611,1,-0.01,0.991,0.834533,-0.491943,3.470405,4.658502
612,1,-0.012,0.989,0.841037,-0.470337,3.594666,3.659687
613,0,0.988,-0.012,-0.257179,0.336834,3.272904,3.452473
614,0,0.994,-0.006,-0.257243,0.247963,4.09584,3.40548
615,0,0.988,-0.012,-0.238596,0.32745,3.61348,3.556265
616,1,-0.011,0.99,0.875464,-0.455335,3.971557,3.868366
617,0,0.991,-0.009,-0.258399,0.292142,3.89009,3.513593
618,0,0.988,-0.012,-0.169352,0.312684,3.221341,3.248754
619,0,0.99,-0.01,-0.134961,0.243765,3.726717,4.004747
620,1,-0.012,0.989,1.057618,-0.462208,3.500595,3.758719
621,1,-0.011,0.99,1.115805,-0.475171,3.497688,3.929045
622,1,-0.011,0.99,0.852455,-0.45457,3.152348,3.659042
623,0,0.99,-0.01,-0.168759,0.274731,3.232262,3.407202
624,1,-0.009,0.992,0.708082,-0.444406,3.370839,4.325762
625,1,-0.013,0.988,0.717739,-0.4099,3.735791,4.00321
626,0,0.987,-0.013,-0.31057,0.479019,3.388507,3.036611
627,1,-0.014,0.987,0.728198,-0.373547,3.155656,3.251786
628,0,0.997,-0.003,-0.444704,0.405949,4.606827,5.140376
629,1,-0.012,0.989,0.62608,-0.397471,3.446834,3.429727
630,1,-0.01,0.991,0.530667,-0.35721,3.237883,3.570337
631,1,-0.008,0.993,0.406309,-0.277693,3.787175,4.054145
632,0,0.988,-0.012,-0.401152,0.816127,3.488252,3.449911
633,1,-0.008,0.993,0.349343,-0.270184,3.81169,3.710979
634,0,0.988,-0.012,-0.40315,0.985507,3.342144,3.697248
635,1,-0.01,0.991,0.360116,-0.224419,3.801292,3.439017
636,0,0.987,-0.013,-0.346556,0.738318,2.596746,3.309108
637,0,0.989,-0.011,-0.403022,0.757215,4.1074,3.350039
638,0,0.992,-0.008,-0.410633,0.616362,3.925781,3.516272
639,0,0.989,-0.011,-0.396173,0.660057,3.968642,3.459194
640,0,0.988,-0.012,-0.280142,0.44481,3.528305,3.276312
641,0,0.991,-0.009,-0.221258,0.294571,3.335135,3.735296
642,0,0.989,-0.011,-0.203797,0.318072,3.303314,3.63719
643,0,0.992,-0.008,0.045384,0.13672,4.215161,3.493433
644,0,0.986,-0.014,0.076344,0.165322,3.247075,3.333764
645,0,0.993,-0.007,-0.006825,0.081858,4.143375,3.483165
646,0,0.989,-0.011,0.044681,0.033507,3.711947,3.898909
647,1,-0.009,0.992,1.105855,-0.542781,3.233311,4.610029
648,1,-0.014,0.987,1.009879,-0.517062,3.032002,3.754716
649,0,0.991,-0.009,-0.252478,0.110613,3.826826,3.581663
650,1,-0.012,0.989,0.913022,-0.515096,3.017706,3.845802
651,1,-0.012,0.989,0.858285,-0.505262,3.415398,3.681464
652,0,0.987,-0.013,-0.206374,0.165273,3.36762,3.395756
653,1,-0.014,0.987,0.76866,-0.48032,3.15863,3.508689
654,0,0.991,-0.009,-0.370238,0.263393,3.382866,3.481117
655,1,-0.012,0.989,0.575969,-0.474605,3.36896,4.031987
656,0,0.989,-0.011,-0.344655,0.231358,3.687587,3.689215
657,0,0.992,-0.008,-0.397637,0.253787,4.393979,3.638944
658,1,-0.012,0.989,0.530358,-0.467559,3.742003,4.181623
659,0,0.987,-0.013,-0.290079,0.282395,2.87671,3.364278
660,0,0.99,-0.01,-0.331325,0.317719,3.696853,3.522571
661,1,-0.014,0.987,0.680059,-0.431154,3.345635,3.140633
662,1,-0.01,0.991,0.571756,-0.454304,3.771474,4.032279
663,1,-0.014,0.987,0.69282,-0.412286,3.594678,3.698037
664,0,0.987,-0.013,-0.330792,0.404049,3.417571,3.075076
665,0,0.994,-0.006,-0.338847,0.288007,4.7631,3.816182
666,0,0.99,-0.01,-0.341245,0.436026,3.539321,4.300161
667,0,0.989,-0.011,-0.245345,0.373823,3.016262,3.240713
668,0,0.988,-0.012,-0.225697,0.315453,3.413484,3.320624
669,0,0.989,-0.011,-0.118313,0.257713,4.089333,3.308725
670,1,-0.01,0.991,1.154621,-0.488376,3.749147,3.55428
671,0,0.987,-0.013,-0.023499,0.203673,3.564951,3.302062
672,1,-0.013,0.988,1.278029,-0.483768,3.367523,3.205598
673,0,0.989,-0.011,-0.128993,0.190603,3.92224,3.314786
674,0,0.992,-0.008,-0.148074,0.17867,3.754892,4.023225
675,0,0.993,-0.007,-0.101618,0.169111,4.366143,3.728428
676,0,0.989,-0.011,-0.13948,0.20306,3.549363,3.097704
677,0,0.991,-0.009,-0.089249,0.175194,4.405333,3.230287
678,0,0.99,-0.01,-0.004403,0.162655,4.223451,3.146485
679,0,0.989,-0.011,0.116171,0.131951,4.250966,2.980223
680,0,0.989,-0.011,-0.027416,0.094799,3.753453,3.551054
681,1,-0.012,0.989,1.183824,-0.511137,3.401036,3.946823
682,1,-0.012,0.989,0.968896,-0.500493,3.074071,3.704752
683,0,0.991,-0.009,-0.243181,0.14874,4.036979,3.834985
684,0,0.989,-0.011,-0.179402,0.17146,4.141813,2.714163
685,0,0.992,-0.008,-0.220928,0.133664,4.467616,4.273001
686,1,-0.01,0.991,1.099827,-0.513599,3.606368,3.515878
687,0,0.991,-0.009,-0.238261,0.180611,4.190744,4.101988
688,1,-0.009,0.992,1.082819,-0.516287,4.381136,3.873412
689,1,-0.011,0.99,0.814673,-0.488682,3.860988,3.696893
690,1,-0.012,0.989,0.785685,-0.459179,3.920355,3.522648
691,1,-0.008,0.993,0.690705,-0.486418,3.783637,4.409421
692,0,0.988,-0.012,-0.346671,0.383135,3.629785,3.87095
693,1,-0.005,0.996,0.510212,-0.477005,4.263416,4.079216
694,1,-0.01,0.991,0.520226,-0.432641,3.574021,4.369931
695,1,-0.012,0.989,0.544201,-0.410197,3.312093,3.710857
696,0,0.992,-0.008,-0.432051,0.577881,3.684319,3.735056
697,1,-0.009,0.992,0.351742,-0.306304,3.546443,3.996883
698,0,0.986,-0.014,-0.392543,0.742604,2.986326,3.300235
699,0,0.989,-0.011,-0.42645,0.660806,3.942975,3.289525
700,0,0.989,-0.011,-0.397248,0.588823,3.677855,3.897757
701,1,-0.012,0.989,0.484877,-0.363081,3.363785,3.620142
702,1,-0.008,0.993,0.479588,-0.431021,3.963831,4.486729
703,1,-0.01,0.991,0.34459,-0.34297,4.305542,3.760886
704,1,-0.013,0.988,0.359446,-0.245586,3.387046,3.263259
705,1,-0.012,0.989,0.298596,-0.224713,3.584682,3.594958
706,0,0.988,-0.012,-0.471912,1.033211,3.883529,3.531272
707,1,-0.01,0.991,0.295193,-0.237087,3.220665,4.042924
708,1,-0.014,0.987,0.289962,-0.182742,3.019826,3.235017
709,1,-0.013,0.988,0.250421,-0.046875,3.276005,3.445877
710,1,-0.013,0.988,0.204451,-0.012745,3.413877,3.157743
711,1,-0.01,0.991,0.162408,-0.08224,3.247057,3.485469
712,0,0.988,-0.012,-0.492807,1.1983,3.078151,3.508666
713,0,0.988,-0.012,-0.505912,1.350374,3.508287,3.731662
714,1,-0.011,0.99,0.145951,-0.05556,3.537813,3.708655
715,0,0.987,-0.013,-0.487256,1.189412,3.289509,3.273
716,1,-0.007,0.994,0.22665,-0.296644,3.982289,3.378981
717,1,-0.011,0.99,0.23951,-0.250735,3.855162,3.931081
718,0,0.99,-0.01,-0.483796,0.785147,3.596418,3.38032
719,0,0.992,-0.008,-0.473554,0.654136,3.602273,4.012219
720,1,-0.011,0.99,0.325549,-0.2993,3.526521,3.564764
721,0,0.99,-0.01,-0.466232,0.830135,3.94848,2.986709
722,0,0.991,-0.009,-0.446524,0.693005,3.695791,3.64401
723,0,0.986,-0.014,-0.309005,0.505888,3.487821,3.407
724,1,-0.01,0.991,0.594651,-0.390663,3.304474,3.698151
725,0,0.99,-0.01,-0.38122,0.544956,3.775112,4.092023
726,1,-0.015,0.986,0.841439,-0.421856,3.515527,3.311558
727,1,-0.009,0.992,0.518275,-0.394478,3.657733,3.904718
728,1,-0.012,0.989,0.488159,-0.353269,3.523634,3.294011
729,1,-0.009,0.992,0.358241,-0.313674,3.380212,4.054478
730,0,0.986,-0.014,-0.411238,0.766718,3.395742,2.845792
731,1,-0.014,0.987,0.376463,-0.213526,2.886734,3.567773
732,0,0.995,-0.005,-0.499004,0.671869,4.725789,4.653366
733,0,0.99,-0.01,-0.466619,0.840111,3.993142,3.249308
734,0,0.99,-0.01,-0.431009,0.722261,3.445359,3.665501
735,1,-0.013,0.988,0.434777,-0.317901,3.362594,3.205159
736,0,0.993,-0.007,-0.421334,0.431851,4.153553,3.74017
737,0,0.99,-0.01,-0.351316,0.438998,3.762298,3.271049
738,1,-0.009,0.992,0.442463,-0.381648,4.05296,4.309468
739,0,0.99,-0.01,-0.314937,0.434963,3.600816,2.917979
740,0,0.989,-0.011,-0.362076,0.580194,3.565271,3.434283
741,0,0.987,-0.013,-0.16086,0.333835,3.890845,3.334678
742,1,-0.011,0.99,0.839174,-0.431104,3.56318,4.006263
743,0,0.995,-0.005,-0.31151,0.313554,4.755266,4.428034
744,1,-0.011,0.99,1.119626,-0.467941,3.444065,3.893933
745,1,-0.011,0.99,0.902235,-0.429486,3.620783,3.668065
746,1,-0.01,0.991,0.915111,-0.449363,3.922091,3.63484
747,0,0.987,-0.013,-0.308351,0.519227,3.404269,3.295112
748,0,0.991,-0.009,-0.31123,0.417002,3.270415,3.009446
749,1,-0.013,0.988,0.736719,-0.399611,3.097259,3.785653
750,0,0.991,-0.009,-0.309976,0.381704,4.212738,4.230859
751,0,0.989,-0.011,-0.291786,0.401853,3.855795,4.075178
752,0,0.989,-0.011,-0.268844,0.466768,3.992788,3.137415
753,1,-0.01,0.991,0.993158,-0.457915,4.168073,3.665822
754,1,-0.01,0.991,0.83965,-0.426657,3.159244,4.009273
755,0,0.987,-0.013,-0.219225,0.363989,3.975823,3.7207
756,0,0.987,-0.013,-0.086115,0.327487,3.045559,2.913551
757,1,-0.01,0.991,0.744838,-0.444127,4.383459,3.824607
758,0,0.991,-0.009,-0.209031,0.266088,3.581022,4.044693
759,1,-0.012,0.989,0.796043,-0.422689,3.355895,3.498914
760,0,0.99,-0.01,-0.294073,0.391168,4.041524,3.285191
761,0,0.987,-0.013,-0.212745,0.374162,3.259314,3.266907
762,0,0.988,-0.012,-0.260908,0.363794,3.674318,3.808089
763,1,-0.013,0.988,1.040211,-0.447246,3.640111,3.35386
764,0,0.992,-0.008,-0.17831,0.267821,4.742925,3.549133
765,1,-0.011,0.99,1.163109,-0.479746,3.12971,3.704706
766,1,-0.01,0.991,0.915321,-0.475868,3.661134,4.027728
767,1,-0.014,0.987,0.796182,-0.431521,3.417335,3.536799
768,0,0.991,-0.009,-0.319112,0.404253,4.094468,3.479646
769,1,-0.012,0.989,0.616512,-0.431978,3.602247,3.700632
770,0,0.987,-0.013,-0.297888,0.419177,3.6896,3.653078
771,0,0.99,-0.01,-0.36056,0.386548,4.13532,3.568562
772,0,0.99,-0.01,-0.367676,0.408845,4.151078,4.197855
773,1,-0.009,0.992,0.817972,-0.480899,4.070142,3.64797
774,0,0.99,-0.01,-0.294498,0.344944,3.906755,3.591635
775,0,0.987,-0.013,-0.158024,0.306931,3.111104,3.481707
776,1,-0.01,0.991,0.722836,-0.450719,3.290688,3.882388
777,0,0.988,-0.012,-0.241538,0.385036,3.471436,3.7539
778,1,-0.011,0.99,0.8686,-0.458771,3.181726,3.406732
779,0,0.989,-0.011,-0.230827,0.322616,3.548859,3.698923
780,0,0.987,-0.013,-0.059756,0.290126,3.314364,3.086054
781,1,-0.013,0.988,1.014093,-0.448661,3.223705,3.15751
782,1,-0.011,0.99,0.749393,-0.452354,3.607071,3.80597
783,0,0.992,-0.008,-0.293048,0.290464,4.456179,3.860705
784,1,-0.008,0.993,0.656809,-0.463237,3.782277,3.362509
785,0,0.987,-0.013,-0.228669,0.367794,3.347417,3.45869
786,0,0.99,-0.01,-0.259121,0.343414,4.242436,3.272172
787,1,-0.013,0.988,0.749894,-0.419919,3.073318,3.456136
788,1,-0.01,0.991,0.751789,-0.451707,4.09914,3.90713
789,1,-0.01,0.991,0.695236,-0.452289,4.014515,3.83412
790,1,-0.006,0.995,0.465907,-0.451094,4.099951,4.383125
791,0,0.99,-0.01,-0.423814,0.535779,4.269242,3.41618
792,0,0.99,-0.01,-0.383491,0.455376,4.124283,3.679455
793,1,-0.012,0.989,0.577021,-0.383936,3.273957,3.512189
794,1,-0.012,0.989,0.46046,-0.344462,3.492934,3.471396
795,1,-0.013,0.988,0.387776,-0.295212,3.228715,3.234069
796,1,-0.01,0.991,0.382027,-0.287669,3.981591,4.263134
797,0,0.987,-0.013,-0.431112,0.894804,3.336769,3.111966
798,0,0.991,-0.009,-0.455571,0.753581,3.945825,4.115515
799,1,-0.011,0.99,0.298383,-0.208332,3.544533,3.372014
800,1,-0.011,0.99,0.391218,-0.293546,3.960733,3.754617
801,1,-0.008,0.993,0.329537,-0.319372,4.148228,4.066901
802,1,-0.005,0.996,0.244592,-0.230049,3.518241,4.739391
803,0,0.99,-0.01,-0.471968,1.125922,3.761803,3.501735
804,0,0.991,-0.009,-0.488385,1.44375,3.824889,3.576164
805,0,0.988,-0.012,-0.430345,1.032407,3.229866,3.542787
806,1,-0.007,0.994,0.32007,-0.235954,4.122031,4.731914
807,0,0.992,-0.008,-0.458015,0.794334,4.195876,4.055785
808,0,0.991,-0.009,-0.446672,0.860925,3.610251,3.223845
809,0,0.989,-0.011,-0.377415,0.645669,3.890593,3.097243
810,0,0.991,-0.009,-0.40498,0.564315,4.03678,3.657464
811,1,-0.011,0.99,0.55646,-0.376272,3.683888,3.728605
812,1,-0.011,0.99,0.548132,-0.387412,3.128175,3.990603
813,1,-0.01,0.991,0.490814,-0.37676,3.748126,4.227799
814,0,0.987,-0.013,-0.369041,0.655158,3.691925,3.0797
815,1,-0.01,0.991,0.564015,-0.3997,3.749226,3.92192
816,1,-0.005,0.996,0.404939,-0.408499,4.758716,3.969728
817,1,-0.009,0.992,0.358355,-0.331794,3.719293,4.051168
818,0,0.992,-0.008,-0.431525,0.65919,4.596735,3.24364
819,0,0.992,-0.008,-0.417503,0.561431,4.495242,3.871701
820,0,0.99,-0.01,-0.380725,0.600806,3.798309,4.236334
821,0,0.988,-0.012,-0.377902,0.639041,3.125359,3.160946
822,1,-0.012,0.989,0.674497,-0.382146,3.510248,3.049688
823,1,-0.009,0.992,0.413069,-0.324315,4.00524,3.379627
824,0,0.986,-0.014,-0.276257,0.51191,3.619006,3.146006
825,0,0.992,-0.008,-0.405119,0.572544,4.325247,4.032466
826,0,0.991,-0.009,-0.379604,0.551037,3.995732,3.939385
827,0,0.988,-0.012,-0.297183,0.515696,4.0091,3.302974
828,1,-0.011,0.99,0.949241,-0.435082,3.472239,3.708275
829,1,-0.012,0.989,0.645819,-0.403423,3.758788,3.352766
830,1,-0.01,0.991,0.745695,-0.421199,3.206736,3.902314
831,1,-0.01,0.991,0.608445,-0.384946,3.513102,3.971464
832,0,0.988,-0.012,-0.295023,0.479966,3.441457,3.423048
833,1,-0.008,0.993,0.558652,-0.418433,2.980984,4.380919
834,1,-0.006,0.995,0.350959,-0.370982,4.319918,4.872025
835,0,0.992,-0.008,-0.451553,0.6804,4.055266,4.372022
836,0,0.992,-0.008,-0.429639,0.538418,4.468372,3.961801
837,0,0.991,-0.009,-0.374332,0.466066,4.300408,3.273681
838,0,0.99,-0.01,-0.33759,0.472274,3.730873,3.415528
839,1,-0.011,0.99,0.707522,-0.432279,3.347534,3.855338
840,0,0.989,-0.011,-0.303114,0.423725,3.757835,3.408839
841,0,0.993,-0.007,-0.326523,0.338169,3.551023,3.718444
842,0,0.989,-0.011,-0.213493,0.343102,3.739255,3.499061
843,0,0.993,-0.007,-0.298121,0.340422,3.985757,3.782899
844,1,-0.014,0.987,1.090871,-0.452035,3.416026,3.148499
845,0,0.99,-0.01,-0.179155,0.338936,3.846664,3.398306
846,1,-0.009,0.992,0.940184,-0.495003,3.245976,4.492343
847,1,-0.01,0.991,0.825505,-0.454086,3.587407,4.011848
848,0,0.989,-0.011,-0.23291,0.354725,3.433444,3.507589
849,1,-0.011,0.99,0.953357,-0.463629,4.055401,3.755726
850,1,-0.011,0.99,0.917841,-0.451573,3.369383,3.203489
851,1,-0.009,0.992,0.666685,-0.457787,3.836754,4.524129
852,1,-0.012,0.989,0.598775,-0.402667,3.502007,2.968483
853,1,-0.006,0.995,0.466766,-0.449036,4.501915,4.772133
854,0,0.991,-0.009,-0.40432,0.500019,4.424032,4.003863
855,0,0.988,-0.012,-0.404868,0.614613,3.530413,3.181108
856,1,-0.014,0.987,0.51113,-0.335615,3.370809,3.229522
857,0,0.992,-0.008,-0.41097,0.465833,3.410071,3.968943
858,1,-0.007,0.994,0.470409,-0.436812,4.848694,4.614546
859,1,-0.009,0.992,0.421894,-0.372636,4.052321,3.612194
860,1,-0.014,0.987,0.476792,-0.333644,3.319851,3.480947
861,0,0.989,-0.011,-0.430809,0.654263,3.882075,3.449821
862,1,-0.01,0.991,0.348356,-0.307015,3.951345,3.382341
863,1,-0.012,0.989,0.362454,-0.286125,3.70193,4.251414
864,1,-0.013,0.988,0.331291,-0.220014,3.694927,3.339701
865,0,0.991,-0.009,-0.477112,0.860765,4.027679,3.596544
866,1,-0.011,0.99,0.239474,-0.05903,3.53458,3.495658
867,1,-0.013,0.988,0.300147,-0.163664,3.53566,3.652516
868,1,-0.013,0.988,0.19646,-0.004324,3.085481,3.412939
869,1,-0.013,0.988,0.18568,-0.094326,3.407156,3.409043
870,0,0.989,-0.011,-0.50409,1.123604,3.655956,3.250125
871,1,-0.009,0.992,0.132051,-0.070781,3.830177,4.584339
872,0,0.991,-0.009,-0.513559,1.057764,4.11141,2.973173
873,0,0.995,-0.005,-0.519779,0.71642,4.799444,3.976072
874,1,-0.014,0.987,0.23048,-0.14048,3.757552,3.026155
875,0,0.992,-0.008,-0.49546,0.682404,4.437789,3.945652
876,0,0.989,-0.011,-0.45107,0.636017,3.398748,3.188112
877,1,-0.01,0.991,0.310219,-0.370966,3.60831,4.024311
878,0,0.99,-0.01,-0.459712,0.556982,4.14098,3.389921
879,1,-0.011,0.99,0.281273,-0.330355,4.322354,3.796225
880,1,-0.013,0.988,0.306593,-0.313048,2.647542,3.917758
881,0,0.989,-0.011,-0.440818,0.538448,3.75482,2.987703
882,0,0.989,-0.011,-0.445396,0.577526,4.450716,2.55515
883,0,0.987,-0.013,-0.402184,0.58832,3.114906,3.190442
884,1,-0.012,0.989,0.444794,-0.361025,3.501463,3.860566
885,1,-0.008,0.993,0.390037,-0.405396,3.841051,4.750152
886,0,0.993,-0.007,-0.446522,0.451941,4.677065,3.253554
887,1,-0.013,0.988,0.424399,-0.331789,3.551455,2.859386
888,0,0.99,-0.01,-0.419217,0.494604,3.833763,3.710439
889,0,0.987,-0.013,-0.401357,0.692344,3.431017,2.685855
890,1,-0.009,0.992,0.445181,-0.382513,3.975765,3.828643
891,1,-0.011,0.99,0.507013,-0.384957,3.845831,3.218275
892,1,-0.012,0.989,0.435202,-0.374146,3.584506,3.615611
893,0,0.988,-0.012,-0.413937,0.628982,3.852562,3.283463
894,1,-0.013,0.988,0.454368,-0.283734,3.437695,3.23706
895,0,0.988,-0.012,-0.412288,0.664251,3.640264,2.998696
896,1,-0.012,0.989,0.412665,-0.343555,3.438467,3.342368
897,0,0.995,-0.005,-0.462907,0.517993,4.681974,2.924298
898,1,-0.01,0.991,0.304114,-0.292824,3.527346,4.344837
899,1,-0.011,0.99,0.38393,-0.378933,4.316008,3.816541
900,0,0.989,-0.011,-0.441124,0.826781,3.726343,3.766827
901,0,0.989,-0.011,-0.471614,0.952739,4.22667,2.954676
902,1,-0.012,0.989,0.392019,-0.289404,3.502433,3.311466
903,1,-0.012,0.989,0.352701,-0.268414,3.579901,3.657215
904,1,-0.008,0.993,0.321305,-0.333853,3.926886,4.277438
905,1,-0.013,0.988,0.352759,-0.280437,3.721197,3.509485
906,1,-0.009,0.992,0.284691,-0.24864,3.820634,3.474848
907,0,0.99,-0.01,-0.481444,1.083654,3.656361,4.253243
908,0,0.989,-0.011,-0.472671,0.95069,3.727635,3.534737
909,1,-0.013,0.988,0.306032,-0.160665,3.919752,3.821756
910,1,-0.009,0.992,0.219223,-0.116656,3.769429,4.453692
911,1,-0.012,0.989,0.280769,-0.175623,3.722852,3.751679
912,1,-0.012,0.989,0.24021,-0.063888,3.663254,3.138177
913,1,-0.011,0.99,0.224031,-0.162956,3.397209,3.809627
914,1,-0.013,0.988,0.18548,0.115163,3.228194,3.405481
915,1,-0.01,0.991,0.173272,-0.191421,3.914716,4.167067
916,1,-0.007,0.994,0.121253,-0.051068,4.091191,4.427683
917,1,-0.011,0.99,0.141362,-0.069584,3.627736,3.681299
918,1,-0.007,0.994,0.078561,-0.015651,4.251408,4.342607
919,1,-0.01,0.991,0.086303,0.033159,3.614113,3.962968
920,0,0.989,-0.011,-0.511301,1.134732,3.967988,3.727041
921,0,0.987,-0.013,-0.497875,1.247443,3.333357,3.098522
922,1,-0.009,0.992,0.124329,-0.21786,4.203019,4.340678
923,0,0.991,-0.009,-0.510124,0.940413,4.18399,3.70577
924,1,-0.006,0.995,0.135285,-0.229201,3.600998,4.64732
925,0,0.99,-0.01,-0.491038,0.733758,4.025836,3.437176
926,1,-0.008,0.993,0.242792,-0.347267,3.140955,3.92269
927,1,-0.012,0.989,0.201833,-0.204808,3.488902,3.881403
928,0,0.991,-0.009,-0.49896,0.867954,3.747609,3.520345
929,0,0.993,-0.007,-0.485712,0.601968,4.309519,4.306623
930,0,0.994,-0.006,-0.484539,0.63606,3.851236,4.003331
931,0,0.989,-0.011,-0.433667,0.660472,3.374733,3.169155
932,0,0.991,-0.009,-0.40941,0.549016,4.04194,3.555701
933,0,0.989,-0.011,-0.347504,0.511464,3.379494,4.185619
934,1,-0.012,0.989,0.795399,-0.420335,3.824817,2.859346
935,0,0.988,-0.012,-0.260137,0.472122,3.701703,3.385831
936,1,-0.012,0.989,0.795356,-0.421255,3.453329,3.836922
937,0,0.988,-0.012,-0.209854,0.415909,3.490757,3.276328
938,1,-0.014,0.987,0.790637,-0.388631,3.503171,3.278844
939,0,0.988,-0.012,-0.19899,0.382158,3.980201,2.933517
940,1,-0.012,0.989,0.741323,-0.420479,3.572778,3.857803
941,1,-0.012,0.989,0.559676,-0.388425,3.950439,3.573927
942,0,0.991,-0.009,-0.346637,0.430365,3.794663,4.254678
943,0,0.986,-0.014,-0.258918,0.509813,2.84224,3.482553
944,0,0.989,-0.011,-0.28672,0.388519,3.653856,3.380484
945,1,-0.012,0.989,0.827371,-0.415762,3.189038,3.12843
946,0,0.988,-0.012,-0.165843,0.324751,3.246299,3.447365
947,0,0.995,-0.005,-0.32179,0.342518,4.031814,4.292919
948,0,0.987,-0.013,-0.091633,0.293671,3.737993,3.054486
949,1,-0.008,0.993,1.062822,-0.493636,4.528184,4.398944
950,1,-0.012,0.989,1.099111,-0.452839,3.541749,3.944057
951,0,0.989,-0.011,-0.262037,0.379754,4.040118,3.577927
952,0,0.995,-0.005,-0.256787,0.277345,4.592111,4.951761
953,1,-0.009,0.992,0.93658,-0.457127,3.882117,3.597154
954,1,-0.013,0.988,0.811662,-0.408763,3.375652,3.365727
955,0,0.989,-0.011,-0.202975,0.362365,3.678261,3.658441
956,0,0.993,-0.007,-0.253053,0.336881,3.478611,2.735042
957,1,-0.013,0.988,1.063782,-0.44704,3.087127,3.691627
958,0,0.988,-0.012,-0.291445,0.431361,3.331424,3.494571
959,1,-0.006,0.995,0.76967,-0.477485,3.265821,4.875713
960,1,-0.012,0.989,0.936706,-0.442175,3.215865,3.732055
961,0,0.988,-0.012,-0.244721,0.426424,3.265553,3.394377
962,1,-0.01,0.991,0.732898,-0.429512,3.865779,4.453351
963,1,-0.014,0.987,0.667561,-0.353637,3.492711,3.489092
964,1,-0.01,0.991,0.482984,-0.346044,3.649349,4.032157
965,1,-0.008,0.993,0.432382,-0.381659,3.946399,4.748415
966,0,0.99,-0.01,-0.415702,0.737661,3.908092,3.538672
967,1,-0.014,0.987,0.379819,-0.168,3.529674,3.454388
968,1,-0.014,0.987,0.319033,-0.133286,2.922692,3.338369
969,1,-0.013,0.988,0.274469,-0.155997,4.151718,3.905165
970,1,-0.01,0.991,0.205232,-0.206695,3.406637,3.419552
971,1,-0.013,0.988,0.090422,-0.005281,3.236554,3.595937
972,1,-0.014,0.987,0.01125,0.076386,3.32117,3.48228
973,0,0.989,-0.011,-0.529561,0.981543,3.834757,2.991917
974,0,0.992,-0.008,-0.535237,0.934416,4.012476,3.33772
975,1,-0.013,0.988,0.050953,-0.072673,3.705113,3.716698
976,0,0.992,-0.008,-0.518101,0.716392,4.29284,3.9532
977,1,-0.009,0.992,0.156304,-0.293804,3.578717,4.024393
978,0,0.991,-0.009,-0.498032,0.659177,4.415617,2.860755
979,0,0.988,-0.012,-0.45572,0.608773,3.840062,3.065777
980,0,0.989,-0.011,-0.436652,0.61574,3.910641,3.106792
981,1,-0.012,0.989,0.406664,-0.399658,3.734435,3.959195
982,1,-0.012,0.989,0.370542,-0.348932,3.420816,3.794499
983,0,0.991,-0.009,-0.43866,0.44897,4.054483,4.068218
984,0,0.989,-0.011,-0.371783,0.44932,3.731002,3.461715
985,1,-0.01,0.991,0.566085,-0.430149,3.022584,4.380831
986,1,-0.012,0.989,0.470657,-0.402222,3.731246,3.897681
987,0,0.991,-0.009,-0.377917,0.447925,3.577813,3.830424
988,1,-0.012,0.989,0.404744,-0.383502,3.931003,3.248217
989,1,-0.008,0.993,0.328141,-0.377061,4.456221,3.658138
990,1,-0.009,0.992,0.342911,-0.3386,3.92192,4.104801
991,0,0.99,-0.01,-0.451041,0.600822,4.106198,4.300428
992,0,0.987,-0.013,-0.451755,0.843964,3.645763,3.088829
993,0,0.992,-0.008,-0.448489,0.561263,4.618083,2.972983
994,0,0.99,-0.01,-0.400403,0.497051,4.246637,4.187387
995,0,0.991,-0.009,-0.356585,0.406037,3.502162,3.433928
996,0,0.987,-0.013,-0.2567,0.437356,3.65704,3.632594
997,0,0.991,-0.009,-0.199696,0.272027,4.181774,3.54326
998,1,-0.015,0.986,1.393455,-0.447782,2.889873,2.90345
999,0,0.991,-0.009,-0.034592,0.246273,4.0706,4.178707
1000,0,0.99,-0.01,-0.161695,0.279938,3.793911,3.303796
1001,0,0.988,-0.012,-0.003957,0.250689,3.64969,3.543468
1002,0,0.989,-0.011,0.066845,0.168618,3.675687,3.459886
1003,0,0.99,-0.01,-0.051311,0.161574,3.842785,3.959672
1004,1,-0.012,0.989,0.911761,-0.499246,4.082593,4.11124
1005,0,0.988,-0.012,-0.14758,0.189531,3.753692,3.134957
1006,0,0.989,-0.011,-0.134373,0.103135,3.714998,3.390074
1007,1,-0.013,0.988,1.187507,-0.500393,3.492024,3.620871
1008,0,0.988,-0.012,-0.034379,0.12266,3.625834,3.085452
1009,1,-0.01,0.991,0.867316,-0.488734,3.586299,3.285527
1010,0,0.993,-0.007,-0.336063,0.212578,4.646709,3.744829
1011,1,-0.011,0.99,0.560873,-0.482084,3.664562,3.590827
1012,1,-0.01,0.991,0.639552,-0.489617,4.059423,4.058334
1013,1,-0.011,0.99,0.46367,-0.435289,3.435638,3.647892
1014,0,0.991,-0.009,-0.420218,0.421682,3.947533,3.808614
1015,0,0.99,-0.01,-0.397,0.360685,3.295887,3.886161
1016,1,-0.009,0.992,0.57887,-0.484459,3.787407,4.023694
1017,0,0.987,-0.013,-0.388384,0.463725,3.560577,3.853111
1018,1,-0.013,0.988,0.507238,-0.439682,3.195603,3.523056
1019,1,-0.011,0.99,0.446914,-0.44111,3.48523,3.461824
1020,1,-0.009,0.992,0.387485,-0.458504,3.377415,4.206431
1021,0,0.991,-0.009,-0.432746,0.373846,4.076767,3.718923
1022,1,-0.008,0.993,0.292485,-0.40754,4.190741,3.762205
1023,1,-0.016,0.985,0.329544,-0.302693,3.208344,3.203292
1024,0,0.989,-0.011,-0.463079,0.593022,4.05574,3.457473
1025,0,0.992,-0.008,-0.47027,0.486883,3.787819,3.263584
1026,0,0.99,-0.01,-0.447433,0.474167,4.168116,4.070448
1027,1,-0.009,0.992,0.374111,-0.427292,3.791847,4.229201
1028,1,-0.011,0.99,0.350382,-0.375833,3.048819,3.871088
1029,0,0.989,-0.011,-0.423122,0.512863,3.739291,3.349168
1030,0,0.988,-0.012,-0.403204,0.514966,3.660546,3.186211
1031,1,-0.011,0.99,0.491288,-0.416335,3.024092,3.939978
1032,0,0.987,-0.013,-0.378293,0.542963,3.233047,3.179114
1033,0,0.991,-0.009,-0.409604,0.406806,3.946467,3.332824
1034,1,-0.013,0.988,0.433038,-0.366353,3.209669,3.91481
1035,1,-0.008,0.993,0.437733,-0.454537,4.80029,4.086329
1036,0,0.988,-0.012,-0.432727,0.573677,4.063256,3.457248
1037,1,-0.011,0.99,0.519284,-0.403468,3.744113,3.741804
1038,0,0.988,-0.012,-0.395097,0.517037,3.487936,3.677602
1039,1,-0.01,0.991,0.501509,-0.418668,3.486456,4.003461
1040,1,-0.012,0.989,0.428056,-0.398627,3.884027,3.038049
1041,1,-0.007,0.994,0.307141,-0.41299,4.596042,4.08307
1042,0,0.99,-0.01,-0.42827,0.494534,3.666164,3.590381
1043,1,-0.008,0.993,0.342429,-0.41531,4.179352,3.978629
1044,1,-0.01,0.991,0.254696,-0.368423,3.611461,4.252332
1045,1,-0.009,0.992,0.282076,-0.379776,4.59377,4.525599
1046,1,-0.009,0.992,0.164117,-0.289029,4.299189,4.312114
1047,1,-0.013,0.988,0.140536,-0.176016,3.6857,3.717763
1048,1,-0.011,0.99,0.019226,-0.097365,3.80478,3.541655
1049,0,0.989,-0.011,-0.518886,1.014071,3.528805,3.300777
1050,1,-0.011,0.99,0.052986,-0.127716,3.255025,3.455642
1051,0,0.989,-0.011,-0.531203,1.442888,3.924498,3.493655
1052,1,-0.011,0.99,0.122169,-0.118137,3.630357,3.600021
1053,1,-0.014,0.987,0.164689,-0.058466,3.73365,3.269061
1054,0,0.99,-0.01,-0.505274,0.92689,4.293519,3.67253
1055,0,0.99,-0.01,-0.500709,1.019103,3.954676,4.277908
1056,0,0.989,-0.011,-0.492778,0.94534,3.906464,3.736158
1057,0,0.989,-0.011,-0.452605,0.82387,3.832614,3.972893
1058,0,0.99,-0.01,-0.456186,0.672024,4.440737,3.885481
1059,0,0.989,-0.011,-0.377477,0.525903,3.640929,3.542231
1060,1,-0.012,0.989,0.763867,-0.414755,3.803501,3.231883
1061,0,0.991,-0.009,-0.351136,0.404138,4.225083,3.481655
1062,0,0.99,-0.01,-0.241502,0.352786,4.372315,3.562629
1063,1,-0.011,0.99,1.019461,-0.452654,3.350225,3.762216
1064,1,-0.014,0.987,0.730686,-0.360956,3.354189,3.244637
1065,0,0.991,-0.009,-0.278836,0.40782,3.730874,3.429251
1066,0,0.989,-0.011,-0.151212,0.341827,3.896427,3.189551
1067,0,0.988,-0.012,-0.173207,0.363362,3.91297,3.383431
1068,1,-0.015,0.986,1.002532,-0.405961,2.915116,3.454214
1069,1,-0.015,0.986,0.88411,-0.401339,3.59548,3.287994
1070,1,-0.013,0.988,0.826884,-0.405158,3.286075,3.657762
1071,0,0.99,-0.01,-0.320506,0.407972,3.844028,3.709256
1072,0,0.988,-0.012,-0.262322,0.374246,3.187233,3.305559
1073,0,0.986,-0.014,-0.13053,0.40959,3.22583,3.347632
1074,1,-0.011,0.99,0.802092,-0.44004,3.638853,3.246763
1075,0,0.988,-0.012,-0.214614,0.374903,3.422706,3.329541
1076,1,-0.009,0.992,0.726307,-0.45218,3.685787,4.064494
1077,0,0.987,-0.013,-0.30291,0.507319,2.881222,3.338948
1078,1,-0.014,0.987,0.653474,-0.375305,3.410996,3.669329
1079,1,-0.009,0.992,0.689523,-0.460556,3.641943,3.545472
1080,1,-0.01,0.991,0.595364,-0.433474,3.646803,4.330694
1081,1,-0.008,0.993,0.49271,-0.421237,3.459325,3.265266
1082,1,-0.009,0.992,0.492875,-0.412531,3.96916,3.650012
1083,1,-0.012,0.989,0.447431,-0.331273,3.160302,3.712839
1084,1,-0.012,0.989,0.271508,-0.213328,3.270294,3.056196
1085,1,-0.011,0.99,0.146543,-0.158888,4.039046,3.395968
1086,1,-0.009,0.992,0.136062,-0.227299,4.154727,4.038379
1087,0,0.991,-0.009,-0.536666,1.350336,4.098547,3.923749
1088,0,0.988,-0.012,-0.507092,1.331076,3.713158,3.38769
1089,0,0.992,-0.008,-0.515504,1.074365,4.272714,4.144955
1090,0,0.986,-0.014,-0.472371,1.162959,3.365396,3.236569
1091,1,-0.01,0.991,0.275018,-0.268622,3.273199,3.882414
1092,0,0.991,-0.009,-0.46002,0.667746,4.221213,3.345159
1093,1,-0.012,0.989,0.366862,-0.301039,3.73861,3.937551
1094,0,0.987,-0.013,-0.439159,0.739806,3.471783,3.536803
1095,1,-0.011,0.99,0.348017,-0.324027,3.646131,4.126278
1096,0,0.991,-0.009,-0.449699,0.736642,3.697091,3.49421
1097,0,0.989,-0.011,-0.452438,0.785719,3.67661,3.514302
1098,1,-0.012,0.989,0.449702,-0.305803,3.640838,3.430684
1099,1,-0.013,0.988,0.464539,-0.327653,2.989344,3.856751
1100,1,-0.014,0.987,0.334867,-0.247486,3.690851,3.312654
1101,0,0.989,-0.011,-0.417637,0.631763,3.541561,3.482461
1102,1,-0.013,0.988,0.378209,-0.220336,2.627018,3.499707
1103,1,-0.013,0.988,0.361614,-0.258062,3.010735,3.361075
1104,1,-0.014,0.987,0.330255,-0.169546,3.439741,3.063737
1105,0,0.988,-0.012,-0.476396,0.949346,3.603608,3.441088
1106,1,-0.009,0.992,0.192238,-0.234102,3.354801,4.086309
1107,1,-0.007,0.994,0.18189,-0.219202,3.857007,4.405797
1108,0,0.992,-0.008,-0.498631,0.874811,4.227391,3.738687
1109,1,-0.01,0.991,0.228071,-0.178576,3.454976,4.161392
1110,1,-0.014,0.987,0.227863,-0.103281,2.977226,3.097131
1111,0,0.988,-0.012,-0.492489,1.075515,4.048479,3.519627
1112,0,0.989,-0.011,-0.494687,0.916922,4.057256,4.027689
1113,0,0.989,-0.011,-0.456294,0.794578,3.655857,3.15142
1114,0,0.988,-0.012,-0.465366,0.747597,3.429215,3.714551
1115,1,-0.011,0.99,0.343643,-0.301549,3.325872,3.921402
1116,0,0.989,-0.011,-0.39426,0.585841,3.328821,3.28314
1117,1,-0.011,0.99,0.474112,-0.387376,3.56048,3.111937
1118,1,-0.015,0.986,0.353858,-0.231046,3.512232,2.729872
1119,0,0.988,-0.012,-0.42341,0.755207,2.91534,3.498298
1120,1,-0.01,0.991,0.393705,-0.361754,3.323296,3.903875
1121,0,0.988,-0.012,-0.417289,0.644157,3.593393,3.64187
1122,1,-0.01,0.991,0.417787,-0.342282,3.185795,2.215347
1123,1,-0.01,0.991,0.365383,-0.356683,3.727303,4.056638
1124,1,-0.014,0.987,0.352584,-0.225052,3.002463,3.467043
1125,0,0.99,-0.01,-0.473903,0.861665,3.925206,3.182749
1126,1,-0.014,0.987,0.31339,-0.195593,3.669942,3.913093
1127,0,0.992,-0.008,-0.488539,0.812865,4.059329,3.010047
1128,0,0.989,-0.011,-0.455313,0.725683,3.928627,3.826142
1129,0,0.995,-0.005,-0.512054,0.690262,4.705587,3.503515
1130,1,-0.014,0.987,0.336452,-0.227331,3.818116,3.197311
1131,0,0.988,-0.012,-0.453813,0.781271,3.538607,2.926302
1132,1,-0.012,0.989,0.364844,-0.333881,3.237896,3.282819
1133,0,0.991,-0.009,-0.435364,0.543708,4.326483,2.821991
1134,0,0.988,-0.012,-0.409418,0.594545,3.846796,3.996807
1135,1,-0.015,0.986,0.474479,-0.305596,3.800687,3.386085
1136,0,0.994,-0.006,-0.431385,0.462963,4.104649,3.67523
1137,1,-0.006,0.995,0.475679,-0.454353,2.426044,4.881914
1138,1,-0.009,0.992,0.435566,-0.387989,4.087403,3.567035
1139,1,-0.012,0.989,0.341954,-0.319989,3.454331,3.842081
1140,0,0.991,-0.009,-0.447921,0.512238,4.364923,3.878419
1141,1,-0.011,0.99,0.446944,-0.370599,3.842008,3.768605
1142,0,0.989,-0.011,-0.455675,0.784141,3.917527,2.657673
1143,0,0.988,-0.012,-0.402002,0.657386,3.425793,3.429913
1144,0,0.987,-0.013,-0.399701,0.629948,3.980605,3.033681
1145,1,-0.011,0.99,0.519828,-0.362799,4.163603,3.452679
1146,1,-0.012,0.989,0.572186,-0.366416,3.083372,3.489347
1147,0,0.989,-0.011,-0.375595,0.499436,3.919622,3.29499
1148,1,-0.013,0.988,0.466289,-0.326312,3.790645,3.533494
1149,1,-0.012,0.989,0.559201,-0.376943,3.798686,2.948004
1150,0,0.99,-0.01,-0.438051,0.653634,3.570096,3.541782
1151,0,0.993,-0.007,-0.452938,0.527887,4.217378,3.852652
1152,1,-0.011,0.99,0.366587,-0.308351,3.5084,3.249889
1153,0,0.989,-0.011,-0.425281,0.649339,3.626558,3.313794
1154,0,0.994,-0.006,-0.412346,0.46759,4.556508,3.911102
1155,1,-0.011,0.99,0.522093,-0.369943,3.477579,3.610268
1156,1,-0.012,0.989,0.425607,-0.29196,3.542155,3.723237
1157,1,-0.012,0.989,0.503033,-0.34186,3.486338,3.409268
1158,0,0.988,-0.012,-0.405075,0.70061,3.751572,3.382215
1159,1,-0.01,0.991,0.385215,-0.323918,4.147316,4.165882
1160,1,-0.011,0.99,0.458551,-0.338942,3.768562,3.3678
1161,0,0.989,-0.011,-0.445973,0.857519,3.86604,3.488104
1162,0,0.99,-0.01,-0.449737,0.71756,4.469776,3.140445
1163,0,0.991,-0.009,-0.456958,0.762032,4.058229,3.729085
1164,1,-0.007,0.994,0.452492,-0.410214,4.811544,4.140512
1165,0,0.989,-0.011,-0.401089,0.626794,3.597613,3.516571
1166,1,-0.006,0.995,0.438423,-0.422133,4.382402,4.668643
1167,1,-0.009,0.992,0.460495,-0.373021,3.288986,3.88946
1168,1,-0.008,0.993,0.35967,-0.329818,3.393109,4.574595
1169,1,-0.01,0.991,0.317493,-0.282404,3.46928,4.082549
1170,1,-0.008,0.993,0.294342,-0.222219,2.952415,4.068074
1171,0,0.989,-0.011,-0.453769,0.840981,3.560245,3.720038
1172,0,0.989,-0.011,-0.456247,1.156838,3.596269,3.158216
1173,0,0.994,-0.006,-0.490555,0.712908,4.892773,4.052319
1174,0,0.988,-0.012,-0.455131,0.900864,3.838422,3.635154
1175,1,-0.012,0.989,0.375419,-0.215007,3.704514,3.434823
1176,1,-0.009,0.992,0.463317,-0.36326,3.729407,4.117761
1177,0,0.992,-0.008,-0.44959,0.589132,3.379997,3.896226
1178,0,0.99,-0.01,-0.448366,0.666648,3.937955,3.359442
1179,1,-0.011,0.99,0.374969,-0.269446,3.464983,3.453142
1180,0,0.99,-0.01,-0.420403,0.723766,3.334019,3.621583
1181,0,0.989,-0.011,-0.424589,0.664588,4.111407,3.174981
1182,0,0.993,-0.007,-0.425007,0.489177,3.748888,3.81844
1183,0,0.991,-0.009,-0.367748,0.473455,4.164222,3.175048
1184,1,-0.009,0.992,0.582073,-0.415465,4.431585,4.261248
1185,1,-0.01,0.991,0.697461,-0.417622,3.873953,4.198631
1186,0,0.993,-0.007,-0.39673,0.454522,3.828092,3.588734
1187,1,-0.013,0.988,0.558065,-0.330402,3.41234,3.656611
1188,1,-0.008,0.993,0.560896,-0.428784,3.665645,4.45223
1189,1,-0.009,0.992,0.51827,-0.427895,3.597979,4.24471
1190,1,-0.012,0.989,0.519051,-0.316711,3.473928,3.485534
1191,0,0.991,-0.009,-0.396672,0.614341,3.474736,3.261009
1192,1,-0.011,0.99,0.4509,-0.336098,3.742553,3.139434
1193,1,-0.01,0.991,0.404844,-0.309518,3.856449,4.099553
1194,1,-0.009,0.992,0.26193,-0.177075,3.412764,4.789557
1195,0,0.994,-0.006,-0.508513,0.833559,4.727629,4.104212
1196,1,-0.011,0.99,0.278075,-0.176681,3.700472,3.44224
1197,1,-0.008,0.993,0.288249,-0.208554,4.271504,4.323001
1198,0,0.989,-0.011,-0.469712,1.034129,4.227587,4.024848
1199,0,0.99,-0.01,-0.463304,1.085679,3.362397,3.490548
1200,1,-0.007,0.994,0.296341,-0.228039,3.487375,3.439444
1201,1,-0.014,0.987,0.27634,0.050109,3.391951,3.596862
1202,1,-0.008,0.993,0.200226,-0.164758,4.082117,4.526182
1203,0,0.988,-0.012,-0.461799,1.21718,3.210287,3.296925
1204,1,-0.002,0.999,0.20102,-0.328891,5.245013,5.251872
1205,0,0.988,-0.012,-0.452756,1.158202,3.277812,3.3761
1206,0,0.99,-0.01,-0.458876,0.853575,3.605947,3.687314
1207,0,0.989,-0.011,-0.441617,0.794898,3.921777,3.62157
1208,0,0.989,-0.011,-0.413084,0.757607,3.171263,3.444361
1209,0,0.99,-0.01,-0.377312,0.544873,3.890226,3.399472
1210,1,-0.013,0.988,0.47049,-0.354721,3.438092,3.227562
1211,1,-0.011,0.99,0.518081,-0.396981,3.205957,4.033832
1212,0,0.99,-0.01,-0.329268,0.430867,4.036808,3.518442
1213,0,0.993,-0.007,-0.419589,0.485365,4.166975,3.867544
1214,1,-0.011,0.99,0.575663,-0.412349,3.763309,4.258169
1215,1,-0.012,0.989,0.627276,-0.406978,3.813251,3.605857
1216,0,0.989,-0.011,-0.366524,0.482792,3.817146,3.286859
1217,1,-0.012,0.989,0.549147,-0.385472,3.709754,3.236067
1218,0,0.991,-0.009,-0.389608,0.44606,4.033682,3.777881
1219,1,-0.011,0.99,0.414338,-0.358581,3.761767,3.498202
1220,0,0.988,-0.012,-0.381513,0.543101,3.350518,3.331237
1221,0,0.991,-0.009,-0.368578,0.444447,3.648863,3.333025
1222,1,-0.008,0.993,0.452732,-0.408369,3.939569,3.736968
1223,1,-0.01,0.991,0.564189,-0.401565,3.901939,3.332517
1224,0,0.988,-0.012,-0.407357,0.627454,3.814687,3.476221
1225,0,0.987,-0.013,-0.256519,0.431493,3.850641,2.573313
1226,1,-0.009,0.992,0.454261,-0.392904,3.82475,3.66387
1227,0,0.991,-0.009,-0.395574,0.466227,4.204236,3.221248
1228,0,0.989,-0.011,-0.305063,0.421044,3.6151,3.007121
1229,0,0.989,-0.011,-0.258215,0.377107,4.096319,3.219437
1230,0,0.99,-0.01,-0.223105,0.332445,4.433742,3.186699
1231,0,0.992,-0.008,-0.25456,0.268451,4.229117,3.797018
1232,0,0.988,-0.012,-0.064551,0.285894,3.405177,3.443573
1233,0,0.987,-0.013,0.086833,0.176833,3.486948,3.29224
1234,1,-0.012,0.989,1.289805,-0.510034,3.865415,3.934759
1235,0,0.996,-0.004,-0.119687,0.141929,4.985799,2.865567
1236,0,0.987,-0.013,-0.043002,0.15341,3.325278,3.426337
1237,0,0.991,-0.009,-0.066701,0.09702,4.515268,3.207531
1238,1,-0.01,0.991,1.066548,-0.524241,3.393777,4.16643
1239,1,-0.008,0.993,1.088972,-0.521041,4.638997,3.844988
1240,0,0.988,-0.012,-0.132125,0.146929,3.103285,2.738336
1241,0,0.987,-0.013,-0.211212,0.196958,3.714674,3.374237
1242,1,-0.01,0.991,0.64934,-0.499837,3.226158,3.721464
1243,1,-0.01,0.991,0.688681,-0.509749,3.598511,4.303676
1244,1,-0.008,0.993,0.586717,-0.498932,3.656698,4.315037
1245,0,0.99,-0.01,-0.372631,0.314828,3.784948,3.55844
1246,0,0.99,-0.01,-0.304905,0.263139,4.21251,3.135213
1247,1,-0.01,0.991,0.759248,-0.492287,3.113682,4.120912
1248,1,-0.008,0.993,0.633423,-0.49311,4.394784,4.019031
1249,0,0.989,-0.011,-0.29865,0.307701,4.027199,3.557528
1250,1,-0.009,0.992,0.535335,-0.457684,3.953946,3.948844
1251,1,-0.01,0.991,0.479108,-0.436685,3.548933,4.200538
1252,1,-0.013,0.988,0.586868,-0.417279,3.60519,3.330284
1253,1,-0.01,0.991,0.490269,-0.407831,3.698286,4.33954
1254,0,0.991,-0.009,-0.409526,0.580745,3.959829,2.445487
1255,1,-0.014,0.987,0.383546,-0.272252,3.579471,2.970268
1256,0,0.989,-0.011,-0.408562,0.644515,3.330345,3.514621
1257,0,0.989,-0.011,-0.443235,0.71316,4.042293,3.089438
1258,1,-0.011,0.99,0.391735,-0.362241,4.088282,3.428258
1259,1,-0.012,0.989,0.49511,-0.331024,3.395857,2.704465
1260,1,-0.007,0.994,0.342203,-0.36255,3.083521,4.820295
1261,0,0.99,-0.01,-0.428452,0.71056,3.856742,3.02379
1262,1,-0.012,0.989,0.401968,-0.258719,4.010664,3.864382
1263,0,0.989,-0.011,-0.443193,0.806939,3.806398,4.183255
1264,0,0.986,-0.014,-0.379659,0.81712,3.17856,3.413475
1265,1,-0.01,0.991,0.409795,-0.325722,3.835501,4.275033
1266,0,0.991,-0.009,-0.442638,0.673095,4.430237,3.903291
1267,1,-0.009,0.992,0.329348,-0.32944,4.581396,4.180729
1268,0,0.989,-0.011,-0.422542,0.695031,3.530308,3.619404
1269,0,0.987,-0.013,-0.293478,0.621127,3.101733,2.903182
1270,1,-0.013,0.988,0.485628,-0.300496,2.989958,3.025038
1271,1,-0.013,0.988,0.395452,-0.267491,3.854542,3.43274
1272,1,-0.007,0.994,0.320532,-0.355196,4.42976,4.238446
1273,1,-0.012,0.989,0.439737,-0.263449,3.898963,3.769948
1274,0,0.986,-0.014,-0.435979,1.00321,3.691456,2.982482
1275,1,-0.012,0.989,0.413671,-0.232861,3.60912,3.715391
1276,0,0.99,-0.01,-0.466686,1.064223,3.355281,3.759799
1277,0,0.988,-0.012,-0.434098,0.886549,3.599503,3.209616
1278,0,0.988,-0.012,-0.448684,0.894604,4.221067,3.392378
1279,1,-0.012,0.989,0.499898,-0.317496,3.520306,2.746135
1280,0,0.989,-0.011,-0.368049,0.642746,4.10462,3.486861
1281,0,0.989,-0.011,-0.408069,0.613814,4.048265,3.753737
1282,1,-0.01,0.991,0.474512,-0.370432,4.154284,3.979033
1283,1,-0.014,0.987,0.662353,-0.363954,3.257242,3.357282
1284,1,-0.013,0.988,0.482796,-0.302104,3.996125,3.657131
1285,0,0.99,-0.01,-0.415256,0.640867,3.929923,3.547112
1286,0,0.986,-0.014,-0.346568,0.590605,3.219331,2.828263
1287,1,-0.01,0.991,0.548109,-0.389574,4.034413,3.890336
1288,0,0.991,-0.009,-0.463619,0.703172,4.421236,4.269932
1289,0,0.99,-0.01,-0.372346,0.600224,3.497262,3.390276
1290,1,-0.013,0.988,0.548882,-0.346616,3.688916,3.53748
1291,1,-0.012,0.989,0.538868,-0.364761,3.919538,3.664491
1292,0,0.992,-0.008,-0.408404,0.548674,4.271925,4.07287
1293,1,-0.014,0.987,0.459459,-0.276369,3.686959,3.043805
1294,0,0.989,-0.011,-0.366944,0.554793,3.46205,3.720051
1295,0,0.989,-0.011,-0.380428,0.560764,3.645129,3.504131
1296,0,0.992,-0.008,-0.419523,0.54338,4.504123,4.00177
1297,0,0.989,-0.011,-0.252169,0.447027,3.717663,3.578936
1298,0,0.99,-0.01,-0.267207,0.389993,3.830673,3.20751
1299,1,-0.012,0.989,0.847109,-0.421032,3.666916,3.762351
1300,1,-0.011,0.99,0.821618,-0.422038,4.022919,3.94918
1301,1,-0.009,0.992,0.78121,-0.450475,3.670355,4.003292
1302,1,-0.01,0.991,0.725432,-0.439707,3.874956,3.482366
1303,0,0.987,-0.013,-0.292682,0.46972,3.469223,3.179897
1304,1,-0.009,0.992,0.56656,-0.420779,4.008012,4.244452
1305,0,0.988,-0.012,-0.341179,0.475404,3.794079,3.406878
1306,0,0.99,-0.01,-0.31898,0.412955,3.897643,3.072084
1307,1,-0.009,0.992,0.5825,-0.418574,4.093863,2.921972
1308,0,0.99,-0.01,-0.302755,0.412005,3.839648,3.452546
1309,0,0.99,-0.01,-0.346344,0.492402,3.778998,3.61415
1310,1,-0.013,0.988,0.736248,-0.416854,3.298735,3.140483
1311,0,0.991,-0.009,-0.23852,0.350144,3.98053,3.064687
1312,1,-0.01,0.991,0.677923,-0.435121,3.972029,3.624847
1313,1,-0.012,0.989,0.836082,-0.428572,3.138019,3.784376
1314,1,-0.011,0.99,0.558625,-0.383073,3.40704,4.233739
1315,0,0.989,-0.011,-0.264068,0.428251,3.640906,3.086723
1316,0,0.991,-0.009,-0.402474,0.522206,4.134508,2.979805
1317,0,0.991,-0.009,-0.360795,0.418021,4.811288,3.00414
1318,1,-0.012,0.989,0.549559,-0.414034,3.463982,3.749024
1319,1,-0.01,0.991,0.687001,-0.418694,3.777696,3.483772
1320,1,-0.013,0.988,0.580161,-0.380092,3.790282,3.328049
1321,1,-0.01,0.991,0.479098,-0.37802,3.307297,3.113001
1322,1,-0.011,0.99,0.539429,-0.397944,3.953367,4.317229
1323,0,0.992,-0.008,-0.43906,0.529364,4.253362,2.468724
1324,1,-0.01,0.991,0.350208,-0.330106,3.732537,4.225032
1325,0,0.994,-0.006,-0.469597,0.536578,4.373161,4.041075
1326,0,0.989,-0.011,-0.435376,0.724763,3.918572,3.689815
1327,0,0.989,-0.011,-0.373519,0.569002,3.602964,3.464453
1328,0,0.989,-0.011,-0.383784,0.62793,3.640177,3.124043
1329,1,-0.01,0.991,0.527909,-0.403257,3.506925,3.978272
1330,1,-0.009,0.992,0.497601,-0.411209,3.527648,4.077148
1331,1,-0.014,0.987,0.49835,-0.347484,3.054207,3.276045
1332,1,-0.016,0.985,0.492535,-0.256354,2.973662,3.371308
1333,1,-0.009,0.992,0.354123,-0.354424,3.831719,3.977462
1334,0,0.987,-0.013,-0.37501,0.615098,3.156218,3.194059
1335,0,0.991,-0.009,-0.446006,0.598662,4.267653,3.386102
1336,1,-0.01,0.991,0.39582,-0.339264,3.285289,3.936157
1337,0,0.988,-0.012,-0.411527,0.642524,3.572665,3.408538
1338,0,0.988,-0.012,-0.421225,0.62978,3.709575,3.673044
1339,0,0.988,-0.012,-0.395547,0.647421,3.675538,3.77845
1340,0,0.989,-0.011,-0.400956,0.593034,3.198927,3.845908
1341,1,-0.011,0.99,0.494519,-0.365005,3.474409,3.727882
1342,1,-0.011,0.99,0.533559,-0.361319,3.643313,4.019141
1343,1,-0.005,0.996,0.458451,-0.468622,4.439104,4.844892
1344,0,0.989,-0.011,-0.393072,0.496279,4.121506,3.396789
1345,1,-0.01,0.991,0.454516,-0.389698,3.681239,3.739724
1346,1,-0.009,0.992,0.409629,-0.383948,3.960361,3.920171
1347,1,-0.01,0.991,0.425366,-0.362544,3.782633,3.829349
1348,0,0.99,-0.01,-0.451925,0.711073,3.729334,3.449884
1349,0,0.989,-0.011,-0.446377,0.772756,3.632802,3.797554
1350,0,0.986,-0.014,-0.419225,0.742895,3.290883,3.44541
1351,0,0.991,-0.009,-0.439457,0.647955,4.395564,3.602235
1352,0,0.99,-0.01,-0.391742,0.495657,4.125592,3.648582
1353,1,-0.012,0.989,0.562821,-0.399306,3.819531,3.324329
1354,0,0.989,-0.011,-0.400586,0.563004,3.477001,3.867889
1355,1,-0.01,0.991,0.56049,-0.423554,4.01746,3.864883
1356,0,0.989,-0.011,-0.313016,0.465619,3.630149,1.99065
1357,0,0.993,-0.007,-0.423447,0.490461,4.228541,4.458696
1358,0,0.989,-0.011,-0.255575,0.362049,3.227633,3.041789
1359,0,0.995,-0.005,-0.323059,0.306801,5.118417,4.095033
1360,1,-0.013,0.988,1.059528,-0.455976,3.421404,3.87871
1361,0,0.988,-0.012,-0.18252,0.350894,3.577216,3.489844
1362,1,-0.008,0.993,0.867724,-0.48685,4.092586,4.621341
1363,1,-0.012,0.989,0.881624,-0.431083,2.905608,4.175727
1364,0,0.991,-0.009,-0.22256,0.301707,3.674899,3.605556
1365,0,0.988,-0.012,-0.216742,0.333261,3.768356,3.441929
1366,1,-0.011,0.99,0.904711,-0.462634,3.751886,4.063985
1367,0,0.99,-0.01,-0.242758,0.34615,3.687579,3.276027
1368,1,-0.015,0.986,0.876182,-0.396713,3.68164,3.401495
1369,0,0.992,-0.008,-0.311926,0.35857,4.507121,3.478169
1370,0,0.99,-0.01,-0.191073,0.331247,4.326448,4.222155
1371,0,0.992,-0.008,-0.196057,0.285412,4.129882,3.952473
1372,0,0.988,-0.012,-0.142829,0.314766,3.895219,2.859502
1373,0,0.994,-0.006,-0.182258,0.276224,4.620346,4.421356
1374,1,-0.014,0.987,1.170492,-0.412954,3.310874,3.296679
1375,1,-0.013,0.988,1.189922,-0.45033,3.610551,3.945681
1376,1,-0.013,0.988,1.032989,-0.426223,3.483426,3.412708
1377,1,-0.011,0.99,0.889165,-0.457137,3.706156,3.747811
1378,0,0.992,-0.008,-0.258926,0.329565,4.583071,3.540645
1379,0,0.989,-0.011,-0.233724,0.394651,3.09423,3.64602
1380,1,-0.01,0.991,0.834329,-0.45144,4.076932,3.719262
1381,0,0.99,-0.01,-0.278016,0.367913,4.196081,3.445626
1382,0,0.989,-0.011,-0.260671,0.430033,3.640982,3.385321
1383,1,-0.009,0.992,0.860301,-0.468938,4.382009,3.849698
1384,1,-0.009,0.992,0.767283,-0.464537,3.827413,4.813019
1385,0,0.989,-0.011,-0.208386,0.40854,3.968344,3.392749
1386,1,-0.01,0.991,0.737105,-0.441325,3.539578,3.288237
1387,0,0.992,-0.008,-0.238879,0.292872,4.473616,4.335241
1388,1,-0.013,0.988,0.664177,-0.378963,3.350201,3.509073
1389,0,0.988,-0.012,-0.230448,0.324326,3.320269,3.392564
1390,1,-0.012,0.989,0.696319,-0.416783,3.279581,3.942511
1391,1,-0.007,0.994,0.632054,-0.45118,4.445414,4.352311
1392,0,0.991,-0.009,-0.376404,0.463191,4.138751,3.91473
1393,1,-0.011,0.99,0.636102,-0.420005,3.374885,4.100474
1394,1,-0.013,0.988,0.586329,-0.342639,3.784787,3.842374
1395,0,0.989,-0.011,-0.333005,0.443837,3.664771,3.661951
1396,0,0.989,-0.011,-0.36733,0.562253,3.661292,3.381011
1397,0,0.987,-0.013,-0.265201,0.464955,3.403659,3.239365
1398,1,-0.011,0.99,0.556745,-0.414614,4.162774,3.914118
1399,1,-0.011,0.99,0.608451,-0.393651,3.8175,3.27212
1400,0,0.988,-0.012,-0.291534,0.44939,3.51048,3.20897
1401,1,-0.01,0.991,0.595239,-0.404437,3.483314,3.6074
1402,1,-0.008,0.993,0.631692,-0.453792,3.941786,3.78038
1403,1,-0.004,0.997,0.44731,-0.455116,5.151564,4.688606
1404,0,0.989,-0.011,-0.398162,0.555478,3.692283,3.632027
1405,1,-0.013,0.988,0.512713,-0.320862,3.712506,3.262387
1406,0,0.989,-0.011,-0.401514,0.686549,3.507479,2.755532
1407,0,0.99,-0.01,-0.402693,0.54445,3.687147,3.364567
1408,0,0.99,-0.01,-0.376696,0.48819,4.188942,3.872645
1409,0,0.988,-0.012,-0.346813,0.468531,4.007733,3.691441
1410,0,0.987,-0.013,-0.320333,0.502778,3.857968,3.571087
1411,1,-0.011,0.99,0.718533,-0.444614,3.133768,4.239331
1412,0,0.99,-0.01,-0.323104,0.379042,3.994539,3.932726
1413,0,0.989,-0.011,-0.288676,0.367945,4.200618,2.952011
1414,1,-0.01,0.991,0.630905,-0.447293,3.186825,4.379823
1415,0,0.988,-0.012,-0.11971,0.298335,3.081295,3.458677
1416,1,-0.008,0.993,0.706746,-0.467076,4.514297,3.585157
1417,0,0.989,-0.011,-0.263646,0.314413,3.778984,3.370276
1418,1,-0.013,0.988,0.783706,-0.430012,3.553888,3.662677
1419,0,0.989,-0.011,-0.299049,0.393865,4.078444,3.616609
1420,1,-0.009,0.992,0.624996,-0.456017,3.493279,4.549506
1421,1,-0.013,0.988,0.714926,-0.405523,3.333797,3.713742
1422,0,0.988,-0.012,-0.223787,0.345864,3.80171,3.405936
1423,0,0.99,-0.01,-0.240945,0.328686,4.034181,3.201403
1424,0,0.988,-0.012,-0.242414,0.448081,3.941158,3.082795
1425,1,-0.013,0.988,0.877426,-0.433942,3.622866,3.516544
1426,1,-0.01,0.991,0.730388,-0.451964,4.367216,3.842457
1427,1,-0.012,0.989,0.726978,-0.433353,3.489714,3.532829
1428,1,-0.014,0.987,0.613533,-0.337793,3.586492,2.902548
1429,1,-0.01,0.991,0.536018,-0.421944,3.426807,3.890224
1430,0,0.991,-0.009,-0.36849,0.404375,4.203662,3.161914
1431,0,0.99,-0.01,-0.36831,0.500728,3.708328,3.148141
1432,0,0.987,-0.013,-0.371753,0.577631,3.596862,3.336157
1433,0,0.989,-0.011,-0.36083,0.480848,4.199313,3.67441
1434,0,0.99,-0.01,-0.310619,0.350433,4.292239,3.739424
1435,1,-0.011,0.99,0.571034,-0.385659,3.557758,3.451046
1436,1,-0.013,0.988,0.669095,-0.395662,3.530743,3.57103
1437,1,-0.015,0.986,0.693682,-0.37324,2.887288,3.131704
1438,0,0.989,-0.011,-0.292983,0.385857,3.489837,3.726052
1439,1,-0.013,0.988,0.654281,-0.359551,3.782544,3.573781
1440,0,0.992,-0.008,-0.401716,0.428779,4.38336,3.46511
1441,1,-0.012,0.989,0.675819,-0.424502,3.202711,3.880556
1442,0,0.987,-0.013,-0.321205,0.664244,3.501529,2.963968
1443,1,-0.011,0.99,0.455906,-0.338207,3.449448,3.80969
1444,0,0.989,-0.011,-0.364146,0.466252,3.675098,3.72129
1445,1,-0.014,0.987,0.725784,-0.370723,3.494317,2.949906
1446,1,-0.014,0.987,0.663647,-0.373433,3.663167,3.757016
1447,0,0.988,-0.012,-0.361057,0.650295,3.440276,3.641187
1448,1,-0.01,0.991,0.526405,-0.400875,3.656039,4.246492
1449,0,0.992,-0.008,-0.402374,0.427104,4.538513,4.189512
1450,0,0.988,-0.012,-0.334424,0.524394,3.710622,3.61654
1451,1,-0.013,0.988,0.600482,-0.331378,3.437041,3.669262
1452,0,0.99,-0.01,-0.366676,0.475244,3.441366,3.250309
1453,0,0.991,-0.009,-0.380915,0.426271,4.415917,3.8267
1454,0,0.988,-0.012,-0.342683,0.534092,3.935367,3.91956
1455,0,0.99,-0.01,-0.324695,0.418343,4.341685,3.52235
1456,1,-0.005,0.996,0.708282,-0.497408,4.087533,4.929641
1457,0,0.987,-0.013,-0.283046,0.381993,3.76374,3.242332
1458,0,0.989,-0.011,-0.214,0.309238,3.783862,2.534761
1459,1,-0.013,0.988,1.031853,-0.463918,3.574381,4.076769
1460,0,0.989,-0.011,-0.127837,0.267653,3.593827,3.745905
1461,1,-0.01,0.991,0.817314,-0.471769,3.49175,4.297752
1462,1,-0.011,0.99,0.998761,-0.470161,3.130323,3.844754
1463,0,0.99,-0.01,-0.191314,0.258743,3.925686,3.512387
1464,0,0.988,-0.012,-0.241699,0.329184,4.034304,3.444355
1465,1,-0.007,0.994,0.872667,-0.489323,4.036342,4.290577
1466,1,-0.011,0.99,0.698568,-0.42117,3.43647,3.133613
1467,0,0.988,-0.012,-0.18329,0.342819,2.794692,3.363457
1468,1,-0.011,0.99,0.640715,-0.434199,3.392768,3.924371
1469,1,-0.011,0.99,0.78326,-0.454889,3.976537,3.662827
1470,1,-0.013,0.988,0.646965,-0.411145,3.571985,3.502524
1471,1,-0.013,0.988,0.52807,-0.344219,3.171046,3.325401
1472,0,0.988,-0.012,-0.350222,0.50855,3.839257,3.278732
1473,0,0.992,-0.008,-0.394359,0.443001,4.415353,3.87945
1474,0,0.988,-0.012,-0.37345,0.552256,3.667087,3.576725
1475,1,-0.013,0.988,0.480277,-0.250279,3.754875,3.251616
1476,0,0.993,-0.007,-0.382783,0.406962,3.658001,3.696534
1477,1,-0.012,0.989,0.620693,-0.402376,3.108783,3.523788
1478,1,-0.012,0.989,0.539802,-0.38948,3.407458,3.428907
1479,0,0.989,-0.011,-0.363423,0.541283,4.047248,3.619923
1480,1,-0.008,0.993,0.458876,-0.438141,3.92623,4.332481
1481,0,0.992,-0.008,-0.437349,0.532284,4.245772,4.167881
1482,1,-0.01,0.991,0.465111,-0.391611,3.256676,3.770932
1483,1,-0.006,0.995,0.467204,-0.417125,3.077903,4.764155
1484,0,0.989,-0.011,-0.403521,0.579262,3.55513,3.494296
1485,0,0.986,-0.014,-0.364814,0.611338,3.105161,3.228635
1486,1,-0.011,0.99,0.434889,-0.369762,3.491658,3.125074
1487,1,-0.013,0.988,0.502506,-0.344978,3.73032,3.413004
1488,0,0.988,-0.012,-0.367321,0.513883,3.082133,3.677833
1489,0,0.99,-0.01,-0.421165,0.644532,3.705781,3.858953
1490,0,0.989,-0.011,-0.421145,0.746453,3.693051,3.367139
1491,1,-0.011,0.99,0.563898,-0.388548,3.473154,4.360845
1492,0,0.992,-0.008,-0.405511,0.45237,4.274554,3.942022
1493,0,0.986,-0.014,-0.292845,0.473868,3.322095,3.052067
1494,0,0.987,-0.013,-0.276059,0.387985,3.435781,3.448048
1495,0,0.986,-0.014,-0.244861,0.440335,2.786637,3.373923
1496,0,0.989,-0.011,-0.262323,0.310407,4.148822,3.492232
1497,1,-0.012,0.989,0.846701,-0.463293,3.834711,3.887587
1498,1,-0.012,0.989,0.860148,-0.466682,3.346845,3.154457
1499,1,-0.009,0.992,0.744717,-0.482141,3.976705,3.841702
1500,1,-0.013,0.988,0.794387,-0.434132,3.881101,3.424569
1501,1,-0.006,0.995,0.583838,-0.46649,3.444777,4.478258
1502,0,0.992,-0.008,-0.349495,0.375394,4.304985,3.3753
1503,1,-0.008,0.993,0.551145,-0.422451,3.23355,2.674259
1504,0,0.987,-0.013,-0.343511,0.519219,3.315799,2.964655
1505,0,0.99,-0.01,-0.340322,0.399032,3.487931,4.054595
1506,0,0.988,-0.012,-0.305773,0.359674,4.342309,3.741134
1507,0,0.992,-0.008,-0.344219,0.354307,4.036958,3.862669
1508,0,0.987,-0.013,-0.238695,0.331258,3.074785,3.126676
1509,1,-0.012,0.989,0.813258,-0.439958,3.656618,3.217753
1510,1,-0.013,0.988,0.851483,-0.45004,3.96946,3.825481
1511,0,0.987,-0.013,-0.170367,0.278167,3.408647,3.282695
1512,1,-0.012,0.989,0.68955,-0.418074,3.608401,3.111033
1513,1,-0.013,0.988,0.81556,-0.431447,3.435971,3.446138
1514,0,0.99,-0.01,-0.273329,0.345525,4.025437,3.696883
1515,1,-0.011,0.99,0.723462,-0.446994,4.255424,4.064628
1516,0,0.991,-0.009,-0.324171,0.38403,4.115032,4.189616
1517,1,-0.011,0.99,0.646829,-0.43206,2.872819,4.250419
1518,1,-0.011,0.99,0.522887,-0.372666,3.61745,3.407747
1519,0,0.986,-0.014,-0.281105,0.475531,3.063344,3.354908
1520,0,0.988,-0.012,-0.356169,0.531038,2.989264,3.345656
1521,1,-0.011,0.99,0.56986,-0.389913,4.006012,3.75233
1522,1,-0.013,0.988,0.602663,-0.362415,3.613027,3.268589
1523,1,-0.012,0.989,0.542778,-0.388835,3.319997,3.501964
1524,0,0.986,-0.014,-0.330083,0.529948,3.256734,3.491944
1525,1,-0.013,0.988,0.549576,-0.363895,3.103544,3.396459
1526,0,0.991,-0.009,-0.371609,0.440539,3.741077,3.209176
1527,0,0.986,-0.014,-0.363553,0.668207,3.167219,2.79409
1528,1,-0.011,0.99,0.526667,-0.372929,3.680062,3.41094
1529,1,-0.011,0.99,0.504334,-0.362513,3.528011,3.743334
1530,1,-0.013,0.988,0.450901,-0.304595,2.671643,3.430829
1531,1,-0.007,0.994,0.380631,-0.372484,3.175653,4.575045
1532,0,0.988,-0.012,-0.397055,0.635014,3.583699,3.153828
1533,1,-0.012,0.989,0.393474,-0.242638,3.231517,3.570602
1534,0,0.988,-0.012,-0.456438,1.022172,3.276211,3.705607
1535,1,-0.012,0.989,0.418856,-0.28248,3.342349,2.855182
1536,1,-0.011,0.99,0.382885,-0.276946,3.856151,4.271458
1537,0,0.988,-0.012,-0.453252,1.203011,3.848854,3.802415
1538,0,0.99,-0.01,-0.475777,0.976108,4.04873,3.416463
1539,0,0.986,-0.014,-0.424963,0.936769,3.374848,3.093675
1540,0,0.989,-0.011,-0.395718,0.643695,3.892704,3.526096
1541,1,-0.01,0.991,0.331911,-0.268915,3.57467,3.24914
1542,0,0.991,-0.009,-0.409282,0.595349,4.453704,3.26058
1543,0,0.987,-0.013,-0.30814,0.497854,3.346298,3.162217
1544,0,0.992,-0.008,-0.360516,0.440325,3.978538,4.066989
1545,1,-0.012,0.989,0.646826,-0.39319,3.573018,3.134556
1546,0,0.991,-0.009,-0.348062,0.429956,3.853684,3.963851
1547,0,0.988,-0.012,-0.315842,0.515595,3.922038,3.638343
1548,1,-0.008,0.993,0.736215,-0.471864,3.499543,4.217459
1549,0,0.988,-0.012,-0.262193,0.414088,3.64581,3.204898
1550,1,-0.008,0.993,0.869729,-0.482871,3.72084,4.122445
1551,1,-0.01,0.991,0.589973,-0.433054,3.102982,4.204074
1552,0,0.991,-0.009,-0.305175,0.368749,4.079624,3.898698
1553,1,-0.011,0.99,0.736939,-0.430683,3.735749,3.939752
1554,1,-0.014,0.987,0.679733,-0.393745,2.808076,3.269651
1555,0,0.989,-0.011,-0.33255,0.427528,3.155309,3.355108
1556,0,0.988,-0.012,-0.305737,0.454075,3.475977,3.404864
1557,1,-0.012,0.989,0.507997,-0.381392,3.160053,4.020192
1558,1,-0.014,0.987,0.630112,-0.395002,3.215446,3.266265
1559,1,-0.012,0.989,0.55091,-0.399666,4.17141,3.374884
1560,1,-0.009,0.992,0.436274,-0.419455,3.592186,4.242777
1561,1,-0.01,0.991,0.450807,-0.407934,3.855472,3.18306
1562,0,0.991,-0.009,-0.437845,0.471843,4.47952,4.034276
1563,0,0.995,-0.005,-0.467638,0.538823,4.631798,4.384683
1564,1,-0.014,0.987,0.37468,-0.275494,3.440017,3.348695
1565,1,-0.007,0.994,0.278568,-0.357653,4.667203,4.07438
1566,1,-0.01,0.991,0.315415,-0.319901,3.050489,4.090915
1567,0,0.988,-0.012,-0.45702,0.867446,2.940766,3.79099
1568,0,0.988,-0.012,-0.396352,0.651246,3.443901,3.609159
1569,0,0.99,-0.01,-0.406221,0.517314,4.121946,3.405946
1570,0,0.989,-0.011,-0.357428,0.486812,3.452814,3.636765
1571,1,-0.011,0.99,0.458276,-0.364541,3.675377,3.595305
1572,1,-0.008,0.993,0.471778,-0.409242,4.354022,4.075848
1573,1,-0.014,0.987,0.505244,-0.331241,3.335622,2.779202
1574,0,0.987,-0.013,-0.430967,0.834054,3.581593,3.437629
1575,1,-0.012,0.989,0.426342,-0.285197,3.323474,3.400606
1576,0,0.992,-0.008,-0.461874,0.712467,4.224319,3.90918
1577,1,-0.012,0.989,0.456622,-0.349945,3.48747,3.770643
1578,0,0.991,-0.009,-0.422799,0.545305,4.245755,4.392394
1579,1,-0.01,0.991,0.39088,-0.365142,3.627051,4.182456
1580,0,0.987,-0.013,-0.407584,0.794431,3.333173,3.233986
1581,0,0.99,-0.01,-0.407393,0.600121,3.494076,3.354858
1582,0,0.988,-0.012,-0.376495,0.589929,3.848684,2.944169
1583,1,-0.012,0.989,0.484617,-0.348909,3.578938,3.111228
1584,0,0.99,-0.01,-0.406761,0.596392,3.734092,3.934863
1585,1,-0.009,0.992,0.560157,-0.423499,3.846162,3.789869
1586,0,0.991,-0.009,-0.394492,0.50691,3.785088,3.936283
1587,0,0.991,-0.009,-0.421552,0.595703,3.796407,4.113794
1588,0,0.988,-0.012,-0.297479,0.465131,3.495875,3.105377
1589,0,0.991,-0.009,-0.322201,0.438864,3.680199,3.748227
1590,1,-0.009,0.992,0.721606,-0.452394,3.980261,3.745654
1591,0,0.993,-0.007,-0.293387,0.343098,4.570126,4.108501
1592,1,-0.002,0.999,0.672129,-0.494715,5.246814,5.363275
1593,1,-0.012,0.989,0.807685,-0.436769,3.397348,3.70521
1594,0,0.988,-0.012,-0.242954,0.397729,3.422186,3.268042
1595,1,-0.012,0.989,0.708174,-0.405378,3.514169,3.7248
1596,1,-0.011,0.99,0.585087,-0.410122,3.90893,3.802883
1597,1,-0.01,0.991,0.483809,-0.395774,3.64667,3.412402
1598,1,-0.008,0.993,0.546353,-0.421409,3.738659,3.400203
1599,1,-0.011,0.99,0.587376,-0.40193,3.464078,3.358577
1600,0,0.988,-0.012,-0.359493,0.57266,3.421277,3.426995
1601,0,0.992,-0.008,-0.426384,0.499061,4.209384,3.479094
1602,1,-0.012,0.989,0.382959,-0.316499,3.290038,3.56555
1603,1,-0.014,0.987,0.494195,-0.298875,3.160916,3.269981
1604,1,-0.012,0.989,0.434721,-0.314035,3.441339,3.761535
1605,0,0.99,-0.01,-0.411085,0.618341,4.178595,3.77904
1606,1,-0.01,0.991,0.30833,-0.284804,3.484175,3.263312
1607,0,0.988,-0.012,-0.429257,0.748908,4.002248,3.279137
1608,1,-0.008,0.993,0.331223,-0.331712,4.496798,3.485554
1609,1,-0.012,0.989,0.254662,-0.066376,3.3321,3.636447
1610,1,-0.013,0.988,0.316611,-0.176524,3.367839,4.075338
1611,0,0.989,-0.011,-0.439877,0.928481,3.381344,3.922641
1612,1,-0.012,0.989,0.283214,-0.228766,3.642296,3.682469
1613,0,0.992,-0.008,-0.482274,0.912462,3.85792,4.191719
1614,1,-0.012,0.989,0.348033,-0.255999,3.530634,3.718079
1615,1,-0.012,0.989,0.245719,-0.18034,3.750059,3.650473
1616,0,0.991,-0.009,-0.476247,0.805574,4.545278,3.709167
1617,1,-0.012,0.989,0.178003,-0.093435,3.666657,3.538695
1618,1,-0.011,0.99,0.359028,-0.272944,3.407248,4.036867
1619,0,0.988,-0.012,-0.449608,1.024026,3.663063,3.575639
1620,1,-0.006,0.995,0.262261,-0.322611,4.251011,4.971783
1621,1,-0.01,0.991,0.196687,-0.227606,3.705013,4.080835
1622,0,0.988,-0.012,-0.435731,0.918855,3.283621,3.697578
1623,0,0.989,-0.011,-0.470508,0.996413,3.63778,3.222584
1624,0,0.99,-0.01,-0.423192,0.717782,3.773616,3.227807
1625,0,0.989,-0.011,-0.408475,0.755661,4.085405,2.805173
1626,1,-0.009,0.992,0.474,-0.337945,4.370594,4.26665
1627,1,-0.012,0.989,0.481082,-0.29658,3.394428,3.469725
1628,1,-0.014,0.987,0.665177,-0.28501,3.479008,3.384219
1629,1,-0.011,0.99,0.374496,-0.224297,3.621914,4.006283
1630,1,-0.011,0.99,0.293056,-0.150319,3.648396,3.540845
1631,0,0.987,-0.013,-0.415934,0.957052,3.608915,3.089036
1632,0,0.989,-0.011,-0.429943,0.806952,3.872462,3.198157
1633,0,0.988,-0.012,-0.399793,0.789514,3.488776,3.449448
1634,0,0.989,-0.011,-0.414745,0.663175,3.781164,3.528064
1635,1,-0.011,0.99,0.45178,-0.291644,3.412539,3.93566
1636,1,-0.011,0.99,0.477289,-0.282321,3.66913,3.932403
1637,1,-0.012,0.989,0.241747,-0.16403,3.736059,3.378104
1638,0,0.988,-0.012,-0.440487,0.835938,3.857687,3.625104
1639,1,-0.012,0.989,0.34259,-0.25903,3.026003,3.632622
1640,0,0.986,-0.014,-0.437878,1.004694,3.40892,3.017138
1641,0,0.989,-0.011,-0.294365,0.531367,3.898013,3.271007
1642,0,0.99,-0.01,-0.3614,0.539027,3.845506,3.563957
1643,0,0.993,-0.007,-0.429607,0.540261,4.321743,4.135328
1644,0,0.989,-0.011,-0.326672,0.525117,3.467799,3.859308
1645,0,0.989,-0.011,-0.217036,0.453292,3.95455,3.669487
1646,0,0.986,-0.014,-0.118845,0.446975,3.383976,3.146551
1647,0,0.99,-0.01,-0.012073,0.273234,4.282873,3.693326
1648,0,0.988,-0.012,-0.120133,0.335598,3.820856,3.539238
1649,1,-0.011,0.99,1.216464,-0.479094,3.860195,3.460288
1650,0,0.989,-0.011,-0.170703,0.308498,3.730072,3.591448
1651,0,0.99,-0.01,-0.088226,0.209986,3.950378,3.54057
1652,0,0.994,-0.006,-0.12315,0.179992,4.537834,4.617549
1653,0,0.988,-0.012,0.035715,0.206324,3.153744,3.706912
1654,1,-0.014,0.987,1.535215,-0.482155,3.347889,3.095762
1655,1,-0.01,0.991,0.860178,-0.475809,3.566355,3.937474
1656,0,0.99,-0.01,-0.249507,0.244502,3.933994,4.034494
1657,1,-0.015,0.986,0.907019,-0.436319,3.698327,2.918361
1658,1,-0.012,0.989,1.130464,-0.484313,3.516314,3.371682
1659,1,-0.011,0.99,0.612533,-0.414882,4.023265,3.315928
1660,0,0.988,-0.012,-0.284892,0.350955,3.757738,3.515716
1661,1,-0.009,0.992,0.533121,-0.437331,3.964304,4.18326
1662,0,0.988,-0.012,-0.364737,0.521597,3.526619,4.133527
1663,0,0.988,-0.012,-0.297427,0.418204,3.614309,2.841053
1664,0,0.989,-0.011,-0.251478,0.353053,4.222717,3.752182
1665,0,0.992,-0.008,-0.344022,0.312845,4.214205,3.609051
1666,0,0.99,-0.01,-0.135018,0.250254,4.198332,3.418941
1667,0,0.987,-0.013,-0.107984,0.304349,3.459194,3.423846
1668,1,-0.009,0.992,1.044398,-0.502087,4.232965,4.181768
1669,0,0.99,-0.01,-0.243992,0.288726,3.668226,3.430969
1670,0,0.99,-0.01,0.017776,0.188855,3.61822,3.709929
1671,1,-0.007,0.994,1.021358,-0.520269,4.643936,4.676709
1672,1,-0.013,0.988,1.160128,-0.470691,3.476968,3.663779
1673,0,0.989,-0.011,-0.16497,0.287688,3.360223,3.033695
1674,1,-0.011,0.99,0.753084,-0.460809,3.662859,3.71285
1675,1,-0.008,0.993,0.889464,-0.496866,4.517125,3.802146
1676,1,-0.012,0.989,0.773054,-0.456001,3.469744,3.422502
1677,1,-0.01,0.991,0.672373,-0.469038,3.434257,4.275652
1678,1,-0.008,0.993,0.58618,-0.455067,4.272277,3.55187
1679,0,0.99,-0.01,-0.380525,0.509391,3.443939,3.356293
1680,0,0.994,-0.006,-0.439652,0.464565,3.982846,3.956482
1681,0,0.99,-0.01,-0.377005,0.530336,3.687197,3.687214
1682,1,-0.007,0.994,0.550256,-0.465152,3.974285,4.105247
1683,0,0.985,-0.015,-0.297195,0.444792,3.396315,3.545882
1684,0,0.986,-0.014,-0.319021,0.501641,3.824739,3.359696
1685,1,-0.012,0.989,0.584316,-0.411975,3.798788,3.257559
1686,0,0.99,-0.01,-0.31718,0.330523,3.923927,3.583833
1687,0,0.988,-0.012,-0.239844,0.326029,3.590281,3.310646
1688,1,-0.012,0.989,0.690048,-0.420112,3.364509,3.212472
1689,1,-0.012,0.989,0.596932,-0.405598,3.514502,3.937788
1690,1,-0.008,0.993,0.591481,-0.458687,3.380347,4.196803
1691,0,0.99,-0.01,-0.340622,0.357604,3.699805,3.691328
1692,0,0.99,-0.01,-0.387679,0.484058,3.728499,4.188581
1693,1,-0.01,0.991,0.733561,-0.457261,3.958455,3.624657
1694,1,-0.012,0.989,0.782236,-0.436141,3.280261,3.881731
1695,1,-0.008,0.993,0.720066,-0.451252,3.329533,4.019642
1696,0,0.992,-0.008,-0.414275,0.498931,4.557165,3.674205
1697,1,-0.009,0.992,0.606129,-0.428897,4.004893,3.644807
1698,0,0.988,-0.012,-0.361431,0.529178,3.688637,3.625164
1699,1,-0.012,0.989,0.569749,-0.377626,3.754161,3.557992
1700,1,-0.009,0.992,0.441656,-0.373582,4.018427,3.964082
1701,0,0.987,-0.013,-0.330221,0.528044,3.551467,3.298392
1702,0,0.991,-0.009,-0.424245,0.571369,4.129846,3.095623
1703,0,0.99,-0.01,-0.367414,0.518358,4.328533,3.011163
1704,0,0.989,-0.011,-0.362916,0.528861,3.321784,3.024413
1705,1,-0.011,0.99,0.59405,-0.424211,3.201695,3.770137
1706,1,-0.01,0.991,0.658682,-0.434692,3.841487,3.198631
1707,0,0.989,-0.011,-0.376156,0.471127,3.966252,3.517405
1708,1,-0.011,0.99,0.499243,-0.385042,3.435693,3.486948
1709,1,-0.011,0.99,0.51826,-0.408441,3.722677,4.061745
1710,1,-0.015,0.986,0.503188,-0.316466,3.090574,3.608398
1711,0,0.988,-0.012,-0.417147,0.663305,3.284683,3.351064
1712,0,0.991,-0.009,-0.420038,0.525032,4.380309,3.871803
1713,1,-0.012,0.989,0.610661,-0.392313,3.860293,3.477759
1714,1,-0.009,0.992,0.465511,-0.396252,4.123624,3.877324
1715,1,-0.011,0.99,0.482647,-0.366404,3.294681,4.040322
1716,0,0.991,-0.009,-0.447202,0.676359,4.408566,3.928706
1717,1,-0.01,0.991,0.395957,-0.293993,3.545399,3.754399
1718,0,0.993,-0.007,-0.452992,0.620022,4.64295,3.614336
1719,0,0.992,-0.008,-0.423066,0.581063,4.004035,3.761839
1720,1,-0.011,0.99,0.463024,-0.338369,3.488418,3.672042
1721,1,-0.008,0.993,0.384289,-0.329285,3.033674,4.259424
1722,1,-0.012,0.989,0.474848,-0.351472,3.730261,3.258302
1723,0,0.991,-0.009,-0.425943,0.609106,4.3451,4.017559
1724,1,-0.008,0.993,0.352614,-0.313905,4.091017,4.206203
1725,0,0.989,-0.011,-0.439527,0.916789,4.238051,3.497622
1726,1,-0.011,0.99,0.404366,-0.299048,3.813349,4.349313
1727,0,0.988,-0.012,-0.417061,0.867152,3.891268,3.69517
1728,0,0.987,-0.013,-0.399418,0.808391,3.323686,3.615675
1729,1,-0.011,0.99,0.394106,-0.242439,3.925154,3.282267
1730,1,-0.01,0.991,0.351159,-0.279889,3.917073,3.816974
1731,0,0.989,-0.011,-0.429314,0.849752,3.992391,3.442596
1732,1,-0.01,0.991,0.399808,-0.268614,3.648929,3.583441
1733,0,0.99,-0.01,-0.421168,0.868299,3.551404,3.419883
1734,1,-0.01,0.991,0.459501,-0.311598,3.853913,3.237385
1735,0,0.989,-0.011,-0.37283,0.612792,3.856037,3.482524
1736,0,0.992,-0.008,-0.450556,0.663588,4.494159,2.962363
1737,1,-0.014,0.987,0.542535,-0.272869,3.377393,2.931874
1738,1,-0.01,0.991,0.400671,-0.281107,3.702868,3.923853
1739,0,0.992,-0.008,-0.448672,0.699814,4.194035,3.819845
1740,1,-0.013,0.988,0.41007,-0.201624,3.218926,2.780899
1741,1,-0.011,0.99,0.350361,-0.218081,3.460241,3.454544
1742,0,0.987,-0.013,-0.411853,0.86865,3.091851,3.336254
1743,1,-0.01,0.991,0.361453,-0.262555,3.033273,3.647577
1744,0,0.99,-0.01,-0.422175,0.703181,3.871524,3.309649
1745,0,0.991,-0.009,-0.424589,0.736845,4.575909,3.683521
1746,0,0.988,-0.012,-0.406242,0.859707,4.024261,3.24876
1747,0,0.991,-0.009,-0.40508,0.602335,4.144504,3.233728
1748,0,0.991,-0.009,-0.401144,0.585652,3.447296,3.816997
1749,1,-0.01,0.991,0.681588,-0.397744,3.350135,3.289768
1750,1,-0.013,0.988,0.61933,-0.335169,3.579165,3.289117
1751,0,0.989,-0.011,-0.309813,0.491632,3.906263,3.245023
1752,0,0.987,-0.013,-0.268951,0.588322,3.12798,3.342573
1753,1,-0.009,0.992,0.677435,-0.428487,4.424109,3.9478
1754,0,0.99,-0.01,-0.35738,0.505627,4.42167,4.047481
1755,1,-0.011,0.99,0.705032,-0.375873,3.542006,3.940902
1756,1,-0.014,0.987,0.785458,-0.363128,3.428737,2.999133
1757,1,-0.01,0.991,0.514976,-0.375065,4.046369,3.647173
1758,1,-0.013,0.988,0.548236,-0.334056,3.671832,3.447119
1759,0,0.988,-0.012,-0.35326,0.522257,4.029472,3.206709
1760,1,-0.007,0.994,0.397703,-0.401009,4.723102,4.13324
1761,0,0.987,-0.013,-0.354495,0.599411,3.541312,3.389029
1762,0,0.993,-0.007,-0.440277,0.600579,4.134957,3.336032
1763,1,-0.01,0.991,0.473676,-0.364254,4.32401,3.191864
1764,1,-0.013,0.988,0.559976,-0.325522,3.58006,3.380663
1765,1,-0.007,0.994,0.346442,-0.349607,4.482657,4.4532
1766,0,0.986,-0.014,-0.387689,0.796496,3.443524,2.938527
1767,1,-0.006,0.995,0.337995,-0.337662,3.138484,4.576058
1768,0,0.988,-0.012,-0.399199,0.686831,3.354791,2.847688
1769,1,-0.009,0.992,0.349136,-0.261542,4.018967,3.751489
1770,0,0.99,-0.01,-0.430139,0.709205,4.045049,3.167297
1771,0,0.988,-0.012,-0.410527,0.765592,3.953844,4.245992
1772,0,0.993,-0.007,-0.455446,0.616786,4.481239,3.941397
1773,0,0.991,-0.009,-0.420042,0.61304,4.386006,4.137001
1774,0,0.991,-0.009,-0.349658,0.454647,3.701561,3.664636
1775,1,-0.009,0.992,0.654466,-0.402505,3.627719,4.196575
1776,0,0.992,-0.008,-0.34285,0.442326,4.232903,3.176623
1777,1,-0.011,0.99,0.79099,-0.433124,3.969604,3.109804
1778,1,-0.013,0.988,0.891035,-0.416023,3.159906,3.354159
1779,1,-0.008,0.993,0.582491,-0.416445,4.216831,4.093943
1780,1,-0.012,0.989,0.705269,-0.378165,3.351825,4.057316
1781,0,0.988,-0.012,-0.32947,0.561493,3.720206,3.560875
1782,1,-0.011,0.99,0.524291,-0.35739,3.288568,4.002679
1783,0,0.991,-0.009,-0.380353,0.536164,3.827979,3.321916
1784,1,-0.011,0.99,0.610047,-0.385449,3.493484,3.191156
1785,0,0.99,-0.01,-0.410781,0.659703,3.641505,3.626926
1786,0,0.99,-0.01,-0.341145,0.514841,4.033896,4.131076
1787,1,-0.009,0.992,0.508244,-0.388668,3.76469,4.13861
1788,0,0.988,-0.012,-0.36465,0.605978,3.604016,3.64413
1789,1,-0.013,0.988,0.675131,-0.379156,3.49581,3.992564
1790,0,0.988,-0.012,-0.325818,0.50014,4.142946,2.965424
1791,0,0.988,-0.012,-0.294869,0.418145,4.050098,3.146136
1792,1,-0.012,0.989,0.718831,-0.399206,3.344707,3.513013
1793,1,-0.012,0.989,0.645934,-0.391121,3.44432,3.107672
1794,1,-0.012,0.989,0.53605,-0.369351,3.836326,3.443472
1795,0,0.988,-0.012,-0.364361,0.584647,3.792876,3.040924
1796,0,0.99,-0.01,-0.404553,0.645281,3.869566,3.127045
1797,1,-0.011,0.99,0.454437,-0.366108,4.034421,3.519411
1798,1,-0.008,0.993,0.452231,-0.392404,3.844246,4.310791
1799,1,-0.01,0.991,0.439915,-0.361485,3.74051,4.101871
1800,0,0.986,-0.014,-0.334787,0.61543,3.239397,3.022105
1801,0,0.989,-0.011,-0.406857,0.633602,4.210992,4.125707
1802,0,0.989,-0.011,-0.376458,0.567643,3.822736,3.816371
1803,0,0.989,-0.011,-0.384303,0.579885,3.763581,3.53573
1804,0,0.993,-0.007,-0.390365,0.464081,4.174175,4.288212
1805,1,-0.004,0.997,0.555769,-0.468689,3.841681,5.032924
1806,0,0.987,-0.013,-0.253548,0.442746,3.98105,2.86734
1807,0,0.988,-0.012,-0.218556,0.390297,3.960998,3.251593
1808,0,0.993,-0.007,-0.299974,0.335441,4.262486,3.52431
1809,0,0.99,-0.01,-0.200807,0.319862,4.208775,3.493491
1810,0,0.988,-0.012,-0.137311,0.336326,3.588057,3.622475
1811,1,-0.012,0.989,1.059896,-0.461251,3.512898,3.886563
1812,0,0.991,-0.009,-0.155017,0.262907,4.029552,3.677655
1813,1,-0.008,0.993,0.925612,-0.488259,4.30881,4.087397
1814,1,-0.012,0.989,1.201092,-0.480861,2.975779,3.520209
1815,0,0.989,-0.011,-0.145967,0.29441,3.377721,3.269399
1816,0,0.99,-0.01,-0.244547,0.36813,4.005875,3.873906
1817,0,0.992,-0.008,-0.254198,0.338966,4.49418,3.54568
1818,0,0.995,-0.005,-0.171901,0.261419,4.518054,3.969187
1819,1,-0.012,0.989,1.191638,-0.466962,3.404151,3.45358
1820,0,0.989,-0.011,-0.062102,0.295845,3.211451,3.897502
1821,1,-0.013,0.988,1.182704,-0.456259,3.448077,3.039884
1822,1,-0.01,0.991,1.020027,-0.46294,3.369355,3.57431
1823,1,-0.014,0.987,1.015405,-0.436133,3.124513,2.984188
1824,0,0.991,-0.009,-0.237106,0.325818,3.651914,4.127373
1825,1,-0.014,0.987,0.813691,-0.419486,3.674195,3.185037
1826,0,0.992,-0.008,-0.238224,0.291401,4.477544,3.328996
1827,1,-0.009,0.992,0.669917,-0.444465,3.726147,4.09925
1828,0,0.991,-0.009,-0.3059,0.372461,3.530725,3.780034
1829,0,0.989,-0.011,-0.282298,0.390191,3.998778,4.246642
1830,0,0.987,-0.013,-0.2136,0.411624,3.36607,3.224174
1831,0,0.99,-0.01,-0.200387,0.327509,3.126614,3.25832
1832,1,-0.008,0.993,0.814347,-0.467202,4.567706,4.295228
1833,1,-0.009,0.992,0.795115,-0.472304,3.751211,3.778416
1834,1,-0.009,0.992,0.868966,-0.487206,3.274059,4.170091
1835,1,-0.012,0.989,0.799961,-0.438205,3.443551,3.665911
1836,0,0.987,-0.013,-0.193577,0.351657,3.178685,3.216992
1837,0,0.99,-0.01,-0.262338,0.339969,3.657232,3.522469
1838,1,-0.014,0.987,0.740866,-0.397664,3.21776,3.693373
1839,0,0.991,-0.009,-0.395423,0.510411,3.801709,3.855606
1840,1,-0.014,0.987,0.836749,-0.425801,3.321339,2.735001
1841,0,0.99,-0.01,-0.360824,0.444285,3.34639,3.392711
1842,0,0.991,-0.009,-0.306604,0.339713,4.514112,4.011828
1843,0,0.99,-0.01,-0.250976,0.332055,4.209822,3.877864
1844,1,-0.01,0.991,0.928118,-0.467317,4.028987,3.816469
1845,1,-0.011,0.99,0.869673,-0.448821,3.634521,3.940512
1846,1,-0.006,0.995,0.744791,-0.489032,4.386536,4.445943
1847,0,0.989,-0.011,-0.209361,0.330394,3.800541,3.387126
1848,1,-0.013,0.988,0.706221,-0.412116,3.233463,3.670782
1849,0,0.988,-0.012,-0.30986,0.473288,3.52859,3.523532
1850,1,-0.009,0.992,0.694292,-0.462924,4.363689,4.243483
1851,0,0.991,-0.009,-0.313658,0.418501,3.812786,3.264306
1852,0,0.992,-0.008,-0.327846,0.399934,4.690692,3.369658
1853,1,-0.01,0.991,0.680495,-0.424091,3.916998,4.243179
1854,1,-0.013,0.988,0.904535,-0.426803,3.51105,3.141123
1855,0,0.993,-0.007,-0.367952,0.385447,4.589784,3.625226
1856,0,0.988,-0.012,-0.280233,0.456673,3.57397,3.326833
1857,0,0.992,-0.008,-0.278975,0.377081,4.061558,3.614237
1858,0,0.987,-0.013,-0.215411,0.412259,3.236128,3.483407
1859,1,-0.005,0.996,0.858391,-0.496687,4.972482,4.71488
1860,0,0.989,-0.011,-0.187486,0.332078,4.21796,3.577779
1861,1,-0.013,0.988,0.959838,-0.435656,3.279056,3.735359
1862,1,-0.013,0.988,0.91584,-0.433302,3.429707,3.319627
1863,1,-0.011,0.99,0.903884,-0.450612,3.817827,3.424166
1864,0,0.986,-0.014,-0.21517,0.449818,2.669626,3.324253
1865,1,-0.014,0.987,0.791934,-0.377208,3.317058,2.960196
1866,1,-0.012,0.989,0.707666,-0.419581,3.736042,3.593473
1867,0,0.994,-0.006,-0.381801,0.397053,4.725528,4.138164
1868,0,0.989,-0.011,-0.304096,0.414795,3.344641,3.725446
1869,0,0.99,-0.01,-0.287314,0.390509,4.341267,3.70654
1870,0,0.989,-0.011,-0.265045,0.365533,3.38621,3.534677
1871,1,-0.011,0.99,0.979781,-0.456928,3.564055,3.612401
1872,0,0.988,-0.012,-0.240879,0.367055,3.474231,3.076335
1873,1,-0.011,0.99,0.786056,-0.422217,3.628855,3.678022
1874,1,-0.011,0.99,0.737051,-0.427351,3.884611,3.605324
1875,1,-0.012,0.989,0.806231,-0.425194,3.163068,3.863067
1876,0,0.989,-0.011,-0.297542,0.443479,3.830268,3.567369
1877,1,-0.009,0.992,0.761129,-0.453287,3.641622,3.666389
1878,1,-0.011,0.99,0.640059,-0.409978,3.492308,3.512617
1879,0,0.987,-0.013,-0.277595,0.482647,3.719493,3.411824
1880,1,-0.012,0.989,0.740567,-0.424497,4.058121,3.480592
1881,1,-0.014,0.987,0.628012,-0.370192,3.402117,3.646795
1882,1,-0.008,0.993,0.437421,-0.370321,3.633226,3.656205
1883,1,-0.011,0.99,0.454766,-0.299193,3.208033,3.714609
1884,0,0.988,-0.012,-0.36114,0.583977,3.647243,3.546093
1885,1,-0.01,0.991,0.374025,-0.267323,3.816589,4.234324
1886,1,-0.01,0.991,0.447392,-0.271245,3.742564,4.274623
1887,0,0.99,-0.01,-0.406398,0.722293,3.885276,3.364382
1888,0,0.991,-0.009,-0.444954,0.835202,4.327933,3.428489
1889,0,0.989,-0.011,-0.436074,0.836778,4.054646,3.061693
1890,0,0.989,-0.011,-0.38477,0.740279,3.674307,3.219722
1891,1,-0.012,0.989,0.476879,-0.263356,3.504321,3.155876
1892,0,0.986,-0.014,-0.330784,0.665377,2.633239,3.209196
1893,0,0.993,-0.007,-0.426804,0.481769,4.559558,3.608608
1894,0,0.99,-0.01,-0.376947,0.469479,3.717222,3.279052
1895,0,0.989,-0.011,-0.324297,0.433233,3.765386,3.875261
1896,1,-0.014,0.987,0.666254,-0.408168,3.280778,3.740683
1897,0,0.991,-0.009,-0.316738,0.316035,3.662884,3.571445
1898,1,-0.012,0.989,0.857503,-0.478937,3.295415,3.880413
1899,1,-0.01,0.991,0.641209,-0.460599,3.288399,3.670172
1900,0,0.99,-0.01,-0.324742,0.319889,4.118922,2.935536
1901,0,0.99,-0.01,-0.300491,0.359735,4.039733,3.058591
1902,0,0.99,-0.01,-0.320824,0.35254,4.030715,3.628765
1903,0,0.988,-0.012,-0.248658,0.343164,3.7754,3.099818
1904,1,-0.012,0.989,0.83704,-0.433626,3.455557,3.110448
1905,0,0.993,-0.007,-0.298642,0.266169,4.224676,3.925386
1906,0,0.987,-0.013,-0.135655,0.287044,3.725045,2.597893
1907,1,-0.009,0.992,0.942156,-0.489909,3.775743,3.797417
1908,0,0.988,-0.012,-0.257156,0.373257,4.096125,3.698176
1909,1,-0.01,0.991,0.912126,-0.483479,4.043807,3.29633
1910,0,0.988,-0.012,-0.202707,0.301938,3.671669,3.614304
1911,0,0.992,-0.008,-0.304347,0.33337,4.294465,3.276981
1912,0,0.992,-0.008,-0.233716,0.251602,4.012647,3.971314
1913,1,-0.01,0.991,1.310091,-0.524721,3.489616,4.061916
1914,0,0.989,-0.011,-0.106943,0.228447,3.431668,3.135062
1915,0,0.989,-0.011,-0.103128,0.186388,4.01202,3.285099
1916,1,-0.01,0.991,1.148191,-0.491228,3.862755,3.41025
1917,0,0.988,-0.012,-0.109307,0.248364,3.799518,3.121912
1918,1,-0.012,0.989,1.111352,-0.495531,4.187917,3.558266
1919,0,0.988,-0.012,-0.103207,0.216683,3.467169,3.064885
1920,0,0.989,-0.011,-0.27324,0.358947,3.881807,3.404529
1921,1,-0.004,0.997,0.935883,-0.54054,5.144078,4.708344
1922,0,0.988,-0.012,-0.159503,0.23685,3.458088,2.935231
1923,1,-0.006,0.995,0.842187,-0.526581,4.347678,4.738878
1924,0,0.988,-0.012,-0.072836,0.179022,3.968744,3.804699
1925,1,-0.009,0.992,0.820433,-0.491436,4.039127,3.849644
1926,0,0.989,-0.011,-0.201648,0.258642,3.868095,3.686017
1927,1,-0.007,0.994,0.776352,-0.517885,4.133689,4.440392
1928,0,0.989,-0.011,-0.227754,0.280979,3.993133,3.5975
1929,1,-0.014,0.987,0.897992,-0.455586,3.492653,3.226678
1930,1,-0.012,0.989,0.670819,-0.42849,3.398148,3.630874
1931,1,-0.011,0.99,0.725567,-0.453953,3.606325,4.028598
1932,0,0.988,-0.012,-0.284718,0.431012,3.349997,3.584953
1933,0,0.993,-0.007,-0.36004,0.397137,4.103002,4.016027
1934,1,-0.006,0.995,0.584943,-0.472452,4.754602,4.759289
1935,0,0.989,-0.011,-0.316564,0.400953,3.743495,4.046475
1936,0,0.989,-0.011,-0.340497,0.469236,3.310647,3.336207
1937,0,0.988,-0.012,-0.182103,0.300422,3.489159,3.636721
1938,1,-0.006,0.995,0.683535,-0.478508,3.977376,3.915053
1939,1,-0.007,0.994,0.712572,-0.474997,3.612431,4.502445
1940,0,0.989,-0.011,-0.189408,0.273197,3.276291,3.645305
1941,0,0.99,-0.01,-0.287168,0.365348,3.045247,3.66821
1942,0,0.991,-0.009,-0.30156,0.330905,4.118653,4.247846
1943,0,0.989,-0.011,-0.212384,0.297818,3.10422,3.992517
1944,0,0.987,-0.013,-0.121872,0.271171,3.595107,2.932483
1945,0,0.99,-0.01,-0.122321,0.258097,4.27814,3.297056
1946,0,0.991,-0.009,-0.154949,0.23062,4.087975,4.075761
1947,1,-0.011,0.99,1.199723,-0.492535,3.725326,3.418172
1948,1,-0.01,0.991,1.17041,-0.493973,4.014709,3.903946
1949,1,-0.013,0.988,1.018215,-0.462872,3.5476,3.46213
1950,0,0.994,-0.006,-0.254586,0.264552,4.387577,3.627628
1951,0,0.988,-0.012,-0.0517,0.230662,3.733952,3.518204
1952,1,-0.01,0.991,0.972216,-0.481011,4.197184,4.265604
1953,1,-0.011,0.99,1.014313,-0.475196,3.555606,3.93557
1954,1,-0.009,0.992,0.760047,-0.460818,4.200671,3.76979
1955,1,-0.01,0.991,0.876698,-0.468595,3.431877,3.781687
1956,1,-0.012,0.989,0.753702,-0.42864,3.468116,3.700928
1957,0,0.986,-0.014,-0.259256,0.421839,3.213028,3.067597
1958,0,0.989,-0.011,-0.300144,0.39123,3.4375,3.576526
1959,0,0.99,-0.01,-0.367926,0.418862,3.77337,3.524387
1960,1,-0.011,0.99,0.64438,-0.40723,3.835864,3.759376
1961,0,0.99,-0.01,-0.299948,0.383765,3.739086,3.271697
1962,0,0.99,-0.01,-0.238738,0.344695,4.066775,3.275998
1963,1,-0.013,0.988,0.794686,-0.421341,3.128887,3.599327
1964,0,0.988,-0.012,-0.262491,0.404693,3.596534,3.992897
1965,1,-0.012,0.989,0.745379,-0.413094,3.861448,3.145097
1966,0,0.988,-0.012,-0.283205,0.406159,3.567355,3.536195
1967,1,-0.011,0.99,0.785019,-0.432942,3.774299,3.501877
1968,0,0.991,-0.009,-0.287352,0.337856,3.16773,3.72398
1969,1,-0.012,0.989,0.891436,-0.440067,3.520868,4.154201
1970,1,-0.013,0.988,0.884899,-0.418897,3.476361,2.713148
1971,0,0.987,-0.013,-0.291749,0.521366,3.746363,3.771576
1972,1,-0.009,0.992,0.693643,-0.411693,4.106441,3.734781
1973,0,0.99,-0.01,-0.343179,0.515536,4.066384,4.009167
1974,0,0.991,-0.009,-0.284601,0.436014,4.360645,3.21724
1975,0,0.992,-0.008,-0.306322,0.353738,3.601475,3.357851
1976,0,0.988,-0.012,-0.216511,0.403451,3.553296,3.171472
1977,0,0.988,-0.012,-0.15968,0.299044,3.57567,3.597314
1978,1,-0.008,0.993,0.871074,-0.47973,3.152445,4.329202
1979,0,0.99,-0.01,-0.240048,0.340315,3.642316,4.045948
1980,0,0.99,-0.01,-0.116393,0.249864,3.613422,3.81452
1981,1,-0.01,0.991,1.134637,-0.492984,4.053236,3.514004
1982,1,-0.014,0.987,1.067056,-0.453321,3.103036,3.163759
1983,0,0.991,-0.009,-0.188883,0.270239,3.875372,3.35579
1984,0,0.996,-0.004,-0.248942,0.225094,5.059946,4.475877
1985,0,0.988,-0.012,-0.158952,0.33959,3.353852,2.972095
1986,1,-0.012,0.989,0.979464,-0.456832,2.861582,3.975074
1987,0,0.989,-0.011,-0.022948,0.222755,4.130842,3.29969
1988,0,0.99,-0.01,-0.216311,0.267042,4.305252,3.770998
1989,0,0.991,-0.009,-0.081369,0.239704,4.401472,3.142174
1990,1,-0.012,0.989,1.014575,-0.46876,3.386499,3.915409
1991,0,0.989,-0.011,-0.155175,0.285343,3.685862,3.653786
1992,1,-0.012,0.989,1.084438,-0.485332,3.694651,3.582981
1993,1,-0.013,0.988,1.101067,-0.458917,3.417953,3.229997
1994,0,0.992,-0.008,-0.22442,0.239005,4.420401,3.924248
1995,1,-0.012,0.989,0.922864,-0.450444,3.879649,3.488806
1996,1,-0.01,0.991,0.840639,-0.473933,3.484223,3.485865
1997,0,0.989,-0.011,-0.231748,0.381058,4.253662,2.59223
1998,1,-0.013,0.988,0.710706,-0.37199,3.461999,3.393137
1999,0,0.986,-0.014,-0.272333,0.512188,3.23665,2.676767
2000,1,-0.012,0.989,0.625217,-0.393095,3.396709,3.455042
2001,1,-0.007,0.994,0.616469,-0.425516,4.526952,3.95342
2002,0,0.988,-0.012,-0.298414,0.515467,3.47781,3.568901
2003,1,-0.01,0.991,0.592661,-0.413892,3.530234,3.774163
2004,0,0.99,-0.01,-0.320705,0.428933,3.921238,3.810179
2005,0,0.989,-0.011,-0.335417,0.529622,4.181765,3.445042
2006,1,-0.012,0.989,0.722121,-0.370781,3.421851,3.798449
2007,1,-0.013,0.988,0.77638,-0.409742,3.798741,3.285293
2008,0,0.991,-0.009,-0.38541,0.617393,3.954131,3.867173
2009,1,-0.009,0.992,0.608669,-0.401774,3.941838,4.047997
2010,0,0.989,-0.011,-0.343831,0.659073,3.167383,3.669655
2011,1,-0.013,0.988,0.64241,-0.331259,3.917671,3.476965
2012,0,0.988,-0.012,-0.34924,0.630036,3.579012,3.716556
2013,1,-0.009,0.992,0.52499,-0.344553,3.357798,4.394333
2014,1,-0.013,0.988,0.620049,-0.304903,3.006122,3.162826
2015,1,-0.01,0.991,0.517268,-0.270071,4.080442,3.671676
2016,1,-0.012,0.989,0.474413,-0.18253,3.3167,3.698562
2017,1,-0.011,0.99,0.432878,-0.095836,3.813885,3.855176
2018,0,0.989,-0.011,-0.441659,1.221792,4.004605,3.618257
2019,1,-0.013,0.988,0.373258,-0.031828,2.936514,3.389876
2020,0,0.988,-0.012,-0.438499,1.121857,3.437151,3.493221
2021,0,0.99,-0.01,-0.463103,1.094432,4.234825,4.130126
2022,1,-0.009,0.992,0.326986,-0.217482,3.477793,4.427481
2023,0,0.991,-0.009,-0.440705,0.695812,4.217848,3.298536
2024,1,-0.012,0.989,0.351178,-0.217829,3.476872,3.05225
2025,1,-0.009,0.992,0.359096,-0.287689,3.778343,3.928001
2026,0,0.989,-0.011,-0.43818,0.793908,4.151617,3.126919
2027,0,0.99,-0.01,-0.429722,0.779022,3.722471,2.903262
2028,1,-0.013,0.988,0.399857,-0.202036,3.75379,3.93385
2029,1,-0.011,0.99,0.471674,-0.355925,3.550074,3.68686
2030,1,-0.01,0.991,0.371931,-0.306854,3.643335,4.257802
2031,1,-0.015,0.986,0.368057,-0.13238,2.972087,3.295102
2032,1,-0.012,0.989,0.326071,-0.244031,3.534831,3.373973
2033,1,-0.012,0.989,0.240581,0.016043,3.637873,3.077976
2034,0,0.989,-0.011,-0.481564,1.205539,3.059783,2.976615
2035,1,-0.011,0.99,0.18258,-0.01964,3.427177,3.787769
2036,0,0.989,-0.011,-0.479171,0.84351,4.003448,3.746272
2037,0,0.989,-0.011,-0.452875,0.840292,3.744777,3.618169
2038,0,0.987,-0.013,-0.445958,0.767081,3.517569,3.365158
2039,0,0.987,-0.013,-0.425242,0.802762,3.745188,3.557887
2040,1,-0.012,0.989,0.425215,-0.364,3.294449,3.250019
2041,0,0.991,-0.009,-0.465837,0.630615,3.847368,3.104472
2042,1,-0.011,0.99,0.418383,-0.357381,3.720301,3.306517
2043,0,0.988,-0.012,-0.402312,0.534552,3.814263,3.550959
2044,0,0.99,-0.01,-0.411687,0.463979,3.314258,3.043084
2045,1,-0.011,0.99,0.417685,-0.380202,3.405671,2.611516
2046,0,0.99,-0.01,-0.388793,0.417298,3.579967,3.499089
2047,1,-0.014,0.987,0.489564,-0.391785,3.185038,3.587983
2048,1,-0.012,0.989,0.569988,-0.437916,3.612032,3.934103
2049,0,0.986,-0.014,-0.386724,0.614449,3.273486,3.452226
2050,1,-0.009,0.992,0.493488,-0.445949,4.252429,4.105509
2051,1,-0.013,0.988,0.485296,-0.355097,3.935385,4.02942
2052,1,-0.007,0.994,0.325989,-0.407746,3.902254,4.234743
2053,1,-0.012,0.989,0.398489,-0.315905,3.427165,3.247886
2054,0,0.991,-0.009,-0.449096,0.710154,3.649197,3.911532
2055,0,0.989,-0.011,-0.4599,0.857586,3.734201,2.997586
2056,0,0.988,-0.012,-0.449221,0.666293,3.623404,3.199324
2057,1,-0.014,0.987,0.507049,-0.320798,3.580364,3.093422
2058,1,-0.008,0.993,0.36462,-0.375761,3.483445,4.311107
2059,1,-0.014,0.987,0.376915,-0.306671,3.142045,3.023726
2060,1,-0.01,0.991,0.303962,-0.254325,3.757077,3.529619
2061,1,-0.011,0.99,0.277545,-0.232453,3.280496,3.251086
2062,0,0.993,-0.007,-0.49416,0.809566,4.417542,3.845185
2063,0,0.989,-0.011,-0.466368,0.942336,3.581969,3.443849
2064,0,0.988,-0.012,-0.447898,0.834645,3.580726,3.391752
2065,0,0.991,-0.009,-0.471812,0.797457,3.881778,3.620005
2066,0,0.992,-0.008,-0.439304,0.567422,4.337923,3.673311
2067,0,0.988,-0.012,-0.396179,0.618606,3.373827,2.893085
2068,1,-0.012,0.989,0.507739,-0.374008,3.431862,3.19751
2069,0,0.988,-0.012,-0.406648,0.578987,3.158948,3.606026
2070,1,-0.013,0.988,0.471129,-0.353913,3.680971,3.700902
2071,1,-0.013,0.988,0.49975,-0.377427,3.201409,2.978026
2072,0,0.992,-0.008,-0.426486,0.516383,4.631136,3.289108
2073,0,0.989,-0.011,-0.390196,0.505414,3.435441,3.19023
2074,0,0.99,-0.01,-0.390462,0.436504,4.511545,2.9524
2075,0,0.995,-0.005,-0.436178,0.44727,4.857558,2.468731
2076,1,-0.012,0.989,0.701213,-0.454332,3.848536,3.741489
2077,1,-0.011,0.99,0.574981,-0.437172,3.555274,3.576424
2078,1,-0.009,0.992,0.586958,-0.448339,3.241622,3.854594
2079,0,0.988,-0.012,-0.348251,0.475131,3.467692,3.112726
2080,0,0.992,-0.008,-0.388379,0.414985,3.611549,3.577387
2081,1,-0.011,0.99,0.551085,-0.41643,3.938583,3.838312
2082,1,-0.01,0.991,0.605471,-0.445199,3.705954,3.679986
2083,0,0.987,-0.013,-0.362458,0.490697,3.815335,3.407154
2084,1,-0.01,0.991,0.5157,-0.427931,3.888055,3.272197
2085,0,0.987,-0.013,-0.35083,0.461092,3.479078,3.364099
2086,0,0.99,-0.01,-0.392529,0.472523,4.339687,3.354091
2087,1,-0.007,0.994,0.419041,-0.420785,3.962859,4.015955
2088,1,-0.009,0.992,0.456672,-0.425997,4.106592,4.088437
2089,0,0.988,-0.012,-0.380283,0.597852,3.845419,3.384764
2090,1,-0.011,0.99,0.545445,-0.413573,3.789055,3.410972
2091,0,0.992,-0.008,-0.422802,0.444933,4.55748,3.715574
2092,1,-0.01,0.991,0.482948,-0.41541,3.248027,4.088839
2093,1,-0.012,0.989,0.483985,-0.376187,3.417632,3.252441
2094,1,-0.013,0.988,0.468759,-0.361936,3.551034,2.927307
2095,1,-0.013,0.988,0.387394,-0.265799,3.633009,3.332684
2096,0,0.991,-0.009,-0.456239,0.690117,3.740704,3.893058
2097,0,0.988,-0.012,-0.407319,0.678655,3.728191,3.60335
2098,0,0.988,-0.012,-0.405893,0.693596,3.187081,3.045278
2099,0,0.991,-0.009,-0.440918,0.607381,4.076839,3.401866
2100,0,0.993,-0.007,-0.423373,0.462909,4.728839,3.204831
2101,0,0.991,-0.009,-0.401985,0.413509,4.291831,4.113963
2102,0,0.986,-0.014,-0.343183,0.533695,3.37226,2.988653
2103,0,0.987,-0.013,-0.276005,0.34841,3.547638,3.088925
2104,1,-0.01,0.991,0.649428,-0.465899,3.698163,3.638413
2105,1,-0.011,0.99,0.616948,-0.447661,3.318295,3.671122
2106,0,0.992,-0.008,-0.342303,0.298245,4.106749,3.55091
2107,1,-0.013,0.988,0.871428,-0.452464,3.479667,2.909973
2108,1,-0.013,0.988,0.695997,-0.420941,3.309252,3.491011
2109,1,-0.011,0.99,0.649765,-0.448911,3.013926,3.943749
2110,1,-0.012,0.989,0.524689,-0.390836,3.711039,2.931268
2111,0,0.991,-0.009,-0.393522,0.404113,4.014285,3.342491
2112,0,0.99,-0.01,-0.387956,0.43506,3.423964,3.498829
2113,1,-0.01,0.991,0.468067,-0.403856,3.093294,4.206028
2114,0,0.989,-0.011,-0.36187,0.468004,3.811954,3.698725
2115,0,0.991,-0.009,-0.373213,0.379907,3.798393,3.683579
2116,0,0.989,-0.011,-0.361386,0.396609,3.512152,3.755226
2117,1,-0.007,0.994,0.518861,-0.451177,4.28291,4.211558
2118,1,-0.014,0.987,0.735902,-0.415748,3.222767,2.982476
2119,1,-0.013,0.988,0.550611,-0.383449,3.633787,2.863608
2120,1,-0.011,0.99,0.599658,-0.413587,3.696257,3.663358
2121,0,0.991,-0.009,-0.404405,0.45965,3.804457,3.38498
2122,0,0.988,-0.012,-0.373618,0.506552,3.663261,3.43111
2123,1,-0.01,0.991,0.530541,-0.40265,3.246485,3.843144
2124,0,0.986,-0.014,-0.315206,0.471316,3.076,3.174056
2125,1,-0.012,0.989,0.507512,-0.385885,3.475515,3.615391
2126,0,0.989,-0.011,-0.365395,0.443555,3.357645,3.135909
2127,0,0.991,-0.009,-0.37833,0.439554,4.482324,3.633762
2128,0,0.993,-0.007,-0.393177,0.375708,4.584634,3.316123
2129,1,-0.014,0.987,0.662418,-0.40597,3.218149,3.433946
2130,1,-0.012,0.989,0.695157,-0.440545,3.319186,3.763595
2131,0,0.987,-0.013,-0.2859,0.38572,3.551489,3.178723
2132,0,0.989,-0.011,-0.289443,0.345909,3.183868,3.942369
2133,1,-0.013,0.988,0.748919,-0.432231,3.717546,3.703369
2134,1,-0.004,0.997,0.564156,-0.48164,4.929992,4.797014
2135,0,0.989,-0.011,-0.354501,0.443912,3.720862,3.032037
2136,0,0.992,-0.008,-0.387929,0.4287,4.769966,4.028931
2137,0,0.984,-0.016,-0.253685,0.467176,3.521493,2.986258
2138,1,-0.011,0.99,0.684462,-0.432789,3.400461,4.092693
2139,1,-0.012,0.989,0.735812,-0.445367,3.172992,3.601128
2140,1,-0.014,0.987,0.751478,-0.412683,3.081192,3.061751
2141,1,-0.013,0.988,0.684719,-0.429206,3.295992,3.605191
2142,0,0.99,-0.01,-0.368587,0.416364,3.103729,3.529086
2143,1,-0.01,0.991,0.564012,-0.417505,3.22649,3.883976
2144,0,0.988,-0.012,-0.36206,0.510768,3.493244,3.610479
2145,1,-0.013,0.988,0.608043,-0.371992,3.404539,3.23729
2146,1,-0.009,0.992,0.511953,-0.418045,3.531018,4.303853
2147,1,-0.014,0.987,0.51363,-0.323718,2.779336,3.289967
2148,0,0.991,-0.009,-0.433846,0.6113,3.225075,3.60299
2149,1,-0.011,0.99,0.412024,-0.305548,3.345715,3.868001
2150,1,-0.011,0.99,0.401889,-0.326014,3.697294,3.96818
2151,1,-0.012,0.989,0.429717,-0.229649,3.350008,3.7056
2152,0,0.988,-0.012,-0.41871,0.842858,3.338371,3.128623
2153,1,-0.009,0.992,0.369625,-0.226312,4.196615,3.905697
2154,0,0.988,-0.012,-0.45869,1.077507,3.971457,3.196906
2155,1,-0.011,0.99,0.350153,-0.079743,3.952297,3.624645
2156,0,0.988,-0.012,-0.433823,0.718125,3.065624,3.436588
2157,0,0.987,-0.013,-0.421816,0.843181,3.695435,3.186752
2158,1,-0.011,0.99,0.362219,-0.262236,3.572578,4.032594
2159,0,0.989,-0.011,-0.426816,0.678193,3.350987,2.937345
2160,1,-0.011,0.99,0.41265,-0.346,3.478737,3.46428
2161,0,0.988,-0.012,-0.424137,0.779375,3.58084,2.996418
2162,0,0.987,-0.013,-0.403188,0.799357,3.038062,3.280833
2163,0,0.991,-0.009,-0.426353,0.514654,3.91778,3.761618
2164,1,-0.015,0.986,0.48242,-0.257296,3.179968,2.982115
2165,0,0.988,-0.012,-0.407258,0.681024,3.72422,3.882396
2166,0,0.991,-0.009,-0.389547,0.432121,3.735275,3.65703
2167,1,-0.01,0.991,0.497005,-0.405048,3.919608,3.627274
2168,0,0.992,-0.008,-0.380076,0.36061,4.052502,3.975705
2169,0,0.99,-0.01,-0.375142,0.452842,3.973457,3.304092
2170,1,-0.01,0.991,0.524511,-0.418812,3.595826,3.229176
2171,1,-0.014,0.987,0.567771,-0.392461,3.195568,2.9911
2172,1,-0.01,0.991,0.483272,-0.421704,3.683944,3.531633
2173,0,0.99,-0.01,-0.373528,0.421488,3.868585,2.819605
2174,0,0.989,-0.011,-0.380733,0.436587,3.607723,3.726815
2175,0,0.988,-0.012,-0.314281,0.425661,3.58069,3.063365
2176,1,-0.009,0.992,0.593059,-0.459675,3.623613,4.201777
2177,0,0.99,-0.01,-0.34323,0.311753,3.829908,4.105495
2178,0,0.987,-0.013,-0.284028,0.443723,3.753645,3.20611
2179,1,-0.01,0.991,0.695492,-0.478579,3.518305,3.820281
2180,0,0.99,-0.01,-0.293227,0.329765,4.114032,2.998954
2181,1,-0.011,0.99,0.694176,-0.453078,4.188451,3.273693
2182,0,0.988,-0.012,-0.340498,0.445515,3.696891,3.494976
2183,0,0.987,-0.013,-0.214625,0.305148,3.531035,3.731735
2184,0,0.99,-0.01,-0.250332,0.276687,3.363991,3.487903
2185,0,0.993,-0.007,-0.298819,0.257489,3.502788,3.321748
2186,1,-0.013,0.988,0.888992,-0.468782,3.038739,3.018133
2187,0,0.989,-0.011,-0.145617,0.228025,3.958185,3.943138
2188,1,-0.01,0.991,1.047439,-0.49454,4.130162,3.870824
2189,1,-0.012,0.989,0.951538,-0.451827,3.546806,3.371588
2190,1,-0.012,0.989,0.918975,-0.460991,3.047061,3.404165
2191,0,0.988,-0.012,-0.180864,0.272361,3.391895,3.486549
2192,1,-0.011,0.99,0.795895,-0.449003,3.512822,3.442359
2193,1,-0.014,0.987,0.728384,-0.408072,3.735955,3.178515
2194,0,0.991,-0.009,-0.320772,0.323984,3.619921,4.026228
2195,1,-0.01,0.991,0.615285,-0.410697,3.275193,3.663319
2196,1,-0.011,0.99,0.47578,-0.388274,3.601691,3.927178
2197,0,0.987,-0.013,-0.366208,0.609244,2.973143,2.925154
2198,0,0.996,-0.004,-0.446242,0.395406,4.750134,4.853381
2199,1,-0.011,0.99,0.503422,-0.375499,3.518422,3.076665
2200,0,0.989,-0.011,-0.355853,0.464408,3.644819,3.656082
2201,0,0.99,-0.01,-0.364208,0.432669,3.278907,3.789025
2202,0,0.995,-0.005,-0.384478,0.341997,4.454711,2.983457
2203,0,0.99,-0.01,-0.372555,0.532119,3.053305,3.906097
2204,1,-0.013,0.988,0.85559,-0.443748,3.335612,3.693152
2205,0,0.992,-0.008,-0.269948,0.282934,3.859345,3.509548
2206,1,-0.009,0.992,0.826129,-0.470802,3.505066,4.626759
2207,0,0.992,-0.008,-0.325194,0.356643,4.14572,3.175901
2208,1,-0.013,0.988,0.915968,-0.431327,3.388337,2.866681
2209,1,-0.011,0.99,0.816462,-0.423103,3.404037,3.337854
2210,0,0.992,-0.008,-0.300878,0.301113,4.471006,4.489208
2211,1,-0.009,0.992,0.780741,-0.45277,3.671933,3.534375
2212,0,0.995,-0.005,-0.314864,0.320055,4.051951,4.524015
2213,1,-0.012,0.989,0.880424,-0.411448,3.058911,3.349094
2214,1,-0.013,0.988,0.862284,-0.410793,3.821849,3.428522
2215,1,-0.008,0.993,0.710636,-0.436773,3.806329,3.565942
2216,1,-0.011,0.99,0.64046,-0.380642,3.482954,3.761687
2217,1,-0.011,0.99,0.588259,-0.338446,3.752214,3.234913
2218,0,0.989,-0.011,-0.397751,0.88454,3.395814,3.900316
2219,0,0.989,-0.011,-0.391169,0.84305,3.860731,3.829261
2220,1,-0.01,0.991,0.529405,-0.287627,3.466115,3.598546
2221,0,0.988,-0.012,-0.361619,0.89415,3.092823,3.604761
2222,0,0.988,-0.012,-0.367802,0.923822,3.406883,3.614337
2223,0,0.994,-0.006,-0.412063,0.573653,4.546193,3.88162
2224,0,0.988,-0.012,-0.276341,0.514731,2.772226,3.470481
2225,1,-0.013,0.988,0.719344,-0.343627,3.282205,3.459682
2226,1,-0.009,0.992,0.618632,-0.384964,3.778072,4.12826
2227,1,-0.011,0.99,0.631302,-0.369518,3.18286,4.039509
2228,0,0.99,-0.01,-0.35211,0.530658,4.019377,3.966763
2229,1,-0.013,0.988,0.632547,-0.292563,3.13772,3.431647
2230,1,-0.012,0.989,0.584468,-0.307582,3.028723,3.839308
2231,0,0.991,-0.009,-0.397702,0.721804,4.080679,4.426305
2232,0,0.989,-0.011,-0.358179,0.619882,3.692609,3.656044
2233,1,-0.007,0.994,0.541734,-0.382437,3.230112,3.187803
2234,0,0.99,-0.01,-0.386638,0.731594,3.783783,4.036773
2235,1,-0.011,0.99,0.691464,-0.41219,3.524466,4.02322
2236,1,-0.01,0.991,0.483099,-0.328996,3.070076,3.722882
2237,1,-0.011,0.99,0.543499,-0.315552,4.066729,3.624687
2238,0,0.99,-0.01,-0.398668,0.779948,3.912908,3.525219
2239,0,0.993,-0.007,-0.444386,0.643136,4.521672,4.062484
2240,1,-0.011,0.99,0.434066,-0.219834,3.813652,3.981505
2241,0,0.986,-0.014,-0.337947,0.734333,3.351483,3.289198
2242,0,0.988,-0.012,-0.383182,0.675352,3.555831,3.452776
2243,0,0.987,-0.013,-0.343851,0.582846,3.956925,3.011018
2244,1,-0.011,0.99,0.607192,-0.385722,3.938601,3.809874
2245,1,-0.012,0.989,0.598639,-0.349247,3.964384,3.685987
2246,0,0.988,-0.012,-0.366699,0.683819,3.514158,3.692793
2247,1,-0.009,0.992,0.59859,-0.409427,3.748625,3.937005
2248,1,-0.01,0.991,0.571154,-0.382575,3.888435,3.632695
2249,1,-0.012,0.989,0.513785,-0.312789,3.840116,3.602508
2250,0,0.985,-0.015,-0.342196,0.714296,3.288225,3.191431
2251,1,-0.009,0.992,0.444808,-0.327344,4.323941,3.850373
2252,1,-0.011,0.99,0.504571,-0.344312,3.361646,4.187692
2253,0,0.987,-0.013,-0.38087,0.755635,3.471475,3.470002
2254,1,-0.012,0.989,0.456018,-0.23727,3.771344,3.559271
2255,1,-0.012,0.989,0.434511,-0.250488,3.169625,3.239584
2256,0,0.988,-0.012,-0.427813,1.13737,3.255856,3.372089
2257,1,-0.011,0.99,0.388535,-0.195572,3.243445,3.417709
2258,0,0.992,-0.008,-0.448992,0.810172,3.944101,3.477594
2259,0,0.987,-0.013,-0.403932,0.88159,3.40785,3.302532
2260,0,0.988,-0.012,-0.392065,0.779201,3.674262,3.439594
2261,0,0.989,-0.011,-0.401652,0.701126,3.778871,3.255638
2262,0,0.988,-0.012,-0.332391,0.646415,3.514637,3.627578
2263,1,-0.011,0.99,0.588315,-0.355868,3.280279,3.52674
2264,1,-0.007,0.994,0.472271,-0.404361,3.626958,4.499195
2265,0,0.994,-0.006,-0.418681,0.57253,4.426414,4.018268
2266,0,0.991,-0.009,-0.379904,0.555995,4.401168,3.863212
2267,0,0.99,-0.01,-0.304257,0.46599,4.186845,3.848997
2268,0,0.989,-0.011,-0.284281,0.492232,3.592476,3.695253
2269,1,-0.01,0.991,0.833252,-0.451026,4.045256,4.399841
2270,1,-0.009,0.992,0.822735,-0.439123,3.506895,3.953653
2271,0,0.991,-0.009,-0.274438,0.443696,4.400052,3.56543
2272,0,0.991,-0.009,-0.242934,0.416162,4.136664,3.816109
2273,0,0.989,-0.011,-0.169588,0.486387,3.070346,3.182039
2274,1,-0.013,0.988,0.967688,-0.420303,3.394397,3.79796
2275,0,0.991,-0.009,-0.154376,0.326234,4.314969,3.958661
2276,1,-0.011,0.99,1.028538,-0.420731,3.572361,3.848838
2277,0,0.988,-0.012,-0.114631,0.365321,3.657257,3.1739
2278,1,-0.011,0.99,0.985217,-0.448158,3.58242,3.868206
2279,0,0.99,-0.01,-0.193418,0.398801,3.543335,3.77515
2280,0,0.991,-0.009,-0.216127,0.352139,4.189268,3.777112
2281,0,0.992,-0.008,-0.191151,0.33489,4.300696,3.372478
2282,0,0.988,-0.012,-0.097624,0.387295,3.014208,3.286307
2283,1,-0.014,0.987,1.157136,-0.429336,2.998745,3.012347
2284,1,-0.006,0.995,1.080296,-0.485696,4.548097,3.674572
2285,1,-0.011,0.99,1.075355,-0.449729,3.743795,4.042477
2286,1,-0.013,0.988,1.081054,-0.440243,3.546206,3.457163
2287,1,-0.01,0.991,0.666258,-0.435853,3.740904,3.711693
2288,1,-0.009,0.992,0.610029,-0.424317,3.408878,4.266852
2289,1,-0.015,0.986,0.688159,-0.360547,2.907158,3.112032
2290,1,-0.008,0.993,0.438979,-0.407888,4.21133,4.259124
2291,0,0.987,-0.013,-0.337642,0.537383,3.212533,2.960076
2292,0,0.987,-0.013,-0.363627,0.598516,3.836822,3.467515
2293,0,0.989,-0.011,-0.39639,0.578712,3.853993,3.796906
2294,0,0.988,-0.012,-0.35278,0.518203,3.135148,3.769946
2295,1,-0.011,0.99,0.554368,-0.383561,4.268559,4.084652
2296,0,0.989,-0.011,-0.288263,0.409125,3.477607,3.766013
2297,1,-0.012,0.989,0.609797,-0.387287,3.171498,3.513158
2298,1,-0.011,0.99,0.604344,-0.389189,3.32334,4.044808
2299,0,0.991,-0.009,-0.379546,0.507845,3.787393,3.515225
2300,1,-0.012,0.989,0.512176,-0.353534,3.240326,3.29553
2301,0,0.989,-0.011,-0.353225,0.477363,3.567484,3.737929
2302,0,0.989,-0.011,-0.32145,0.473563,3.569925,3.413963
2303,1,-0.007,0.994,0.507322,-0.405871,4.049805,4.538183
2304,0,0.992,-0.008,-0.396633,0.5823,3.607234,2.980112
2305,0,0.989,-0.011,-0.329136,0.480167,4.025625,2.970004
2306,1,-0.01,0.991,0.626092,-0.422749,3.083391,4.17975
2307,0,0.988,-0.012,-0.304592,0.462399,3.518543,3.442154
2308,0,0.988,-0.012,-0.242691,0.381386,3.761663,3.248733
2309,1,-0.007,0.994,0.579387,-0.463673,3.869099,4.293668
2310,0,0.994,-0.006,-0.409636,0.397868,4.460634,3.639788
2311,0,0.99,-0.01,-0.297444,0.355505,4.131892,3.478882
2312,1,-0.009,0.992,0.727534,-0.450593,4.330577,3.363982
2313,1,-0.008,0.993,0.783335,-0.47054,4.063876,4.093088
2314,1,-0.012,0.989,0.718133,-0.406074,3.146256,3.648282
2315,0,0.994,-0.006,-0.36736,0.422478,4.644682,2.919025
2316,1,-0.007,0.994,0.657204,-0.458382,4.356483,4.281911
2317,1,-0.011,0.99,0.771241,-0.43675,3.912604,3.585785
2318,0,0.991,-0.009,-0.36002,0.482533,4.448385,3.032943
2319,1,-0.011,0.99,0.650338,-0.422129,3.022008,4.113159
2320,1,-0.011,0.99,0.574474,-0.414884,3.950917,3.886448
2321,1,-0.013,0.988,0.727604,-0.396158,3.247179,3.450491
2322,1,-0.012,0.989,0.532981,-0.363576,3.59657,4.020567
2323,1,-0.014,0.987,0.483197,-0.31362,3.388354,3.394732
2324,1,-0.01,0.991,0.458527,-0.354078,4.33708,4.052599
2325,1,-0.01,0.991,0.348602,-0.300626,3.702682,3.973242
2326,0,0.989,-0.011,-0.454525,1.030867,2.964793,3.138744
2327,1,-0.01,0.991,0.306654,-0.221809,4.205452,3.55813
2328,0,0.997,-0.003,-0.530815,0.915812,5.055357,5.306901
2329,0,0.99,-0.01,-0.456189,0.797029,3.884115,3.600389
2330,1,-0.011,0.99,0.310039,-0.182452,3.21461,3.847993
2331,0,0.992,-0.008,-0.468724,0.915456,3.715124,4.221548
2332,0,0.991,-0.009,-0.445429,0.723528,4.369902,4.045197
2333,0,0.99,-0.01,-0.452533,0.722796,4.285738,3.030833
2334,0,0.992,-0.008,-0.45941,0.657796,3.429307,3.543376
2335,1,-0.015,0.986,0.494768,-0.273744,3.506222,3.30703
2336,1,-0.01,0.991,0.385328,-0.331549,3.176985,4.254282
2337,1,-0.009,0.992,0.37018,-0.333047,3.478607,3.761731
2338,1,-0.011,0.99,0.43879,-0.33604,3.564552,3.988182
2339,0,0.99,-0.01,-0.445476,0.690197,3.847912,3.115843
2340,0,0.992,-0.008,-0.441945,0.594178,3.343333,3.269981
2341,0,0.989,-0.011,-0.416021,0.601206,3.652151,3.325229
2342,1,-0.009,0.992,0.38188,-0.367511,4.202183,3.931691
2343,1,-0.011,0.99,0.417906,-0.304612,3.492423,3.495548
2344,1,-0.008,0.993,0.339387,-0.333891,3.716764,4.50345
2345,1,-0.007,0.994,0.283206,-0.298128,3.81988,3.995105
2346,0,0.99,-0.01,-0.455317,0.866968,3.899646,3.558155
2347,1,-0.012,0.989,0.345483,-0.206641,3.758168,3.895779
2348,1,-0.013,0.988,0.316217,-0.141516,3.122419,3.410506
2349,1,-0.014,0.987,0.36927,-0.19193,3.444899,3.293214
2350,1,-0.011,0.99,0.271958,-0.105675,3.931749,3.230189
2351,1,-0.014,0.987,0.269627,-0.027184,3.662052,3.291563
2352,0,0.99,-0.01,-0.480772,0.906712,3.897486,3.441647
2353,1,-0.012,0.989,0.260764,-0.121656,3.661332,3.585373
2354,0,0.99,-0.01,-0.484382,1.012605,3.903008,3.836385
2355,1,-0.004,0.997,0.222685,-0.290757,4.739774,4.961923
2356,0,0.99,-0.01,-0.478611,0.841379,3.913738,3.505948
2357,0,0.989,-0.011,-0.473169,1.004018,3.574351,3.043246
2358,0,0.99,-0.01,-0.457015,0.709231,4.174931,3.793576
2359,0,0.991,-0.009,-0.487111,0.947126,4.029246,3.930979
2360,0,0.991,-0.009,-0.451199,0.592162,4.112407,3.905507
2361,1,-0.013,0.988,0.464055,-0.336,3.233334,3.477355
2362,1,-0.015,0.986,0.456849,-0.271742,3.084454,3.512677
2363,0,0.989,-0.011,-0.441047,0.584485,4.171697,2.799836
2364,1,-0.008,0.993,0.363926,-0.384707,4.690563,4.030457
2365,1,-0.009,0.992,0.336413,-0.336147,3.952579,3.965212
2366,0,0.991,-0.009,-0.468704,0.708471,3.863581,3.871311
2367,0,0.991,-0.009,-0.457344,0.614336,3.955142,3.274238
2368,0,0.99,-0.01,-0.444925,0.625696,3.641388,3.300359
2369,0,0.991,-0.009,-0.46054,0.652279,3.871507,3.756604
2370,1,-0.011,0.99,0.37092,-0.35029,3.729246,3.586025
2371,0,0.988,-0.012,-0.377805,0.502123,3.507696,3.542024
2372,0,0.987,-0.013,-0.367303,0.526922,3.212059,3.434141
2373,1,-0.008,0.993,0.429197,-0.422647,4.176046,3.763026
2374,1,-0.013,0.988,0.572229,-0.385188,3.667748,3.683325
2375,0,0.986,-0.014,-0.334143,0.550113,2.959351,3.514321
2376,1,-0.015,0.986,0.515174,-0.360681,3.162388,3.537344
2377,0,0.991,-0.009,-0.426848,0.528546,3.989637,3.965336
2378,1,-0.008,0.993,0.41885,-0.425437,4.465474,4.359605
2379,0,0.987,-0.013,-0.348071,0.52219,3.008649,3.425675
2380,0,0.986,-0.014,-0.345044,0.533809,3.593103,3.559152
2381,0,0.988,-0.012,-0.369771,0.461559,3.307026,4.076296
2382,0,0.988,-0.012,-0.371223,0.469847,3.466779,3.054143
2383,1,-0.014,0.987,0.719362,-0.414573,2.841198,3.309068
2384,0,0.991,-0.009,-0.378435,0.404982,4.103597,3.736009
2385,0,0.988,-0.012,-0.283928,0.362377,3.841266,3.062416
2386,0,0.99,-0.01,-0.271414,0.307843,3.689636,3.371658
2387,0,0.989,-0.011,-0.226686,0.289832,3.330529,3.391807
2388,1,-0.008,0.993,0.90072,-0.479417,4.37225,2.906994
2389,1,-0.011,0.99,1.063706,-0.481456,3.684935,3.724684
2390,1,-0.012,0.989,1.03373,-0.466962,3.462935,3.432754
2391,1,-0.012,0.989,0.865628,-0.450296,3.648885,3.492196
2392,0,0.991,-0.009,-0.291882,0.32683,3.881346,3.604231
2393,0,0.993,-0.007,-0.315193,0.332915,4.797857,3.301961
2394,0,0.991,-0.009,-0.254539,0.285819,3.963471,4.006885
2395,0,0.988,-0.012,-0.19216,0.346246,4.069885,3.391565
2396,1,-0.011,0.99,0.964445,-0.463488,3.459643,4.106544
2397,1,-0.013,0.988,1.014021,-0.445963,2.652918,4.175868
2398,1,-0.013,0.988,0.953612,-0.446201,3.70617,3.50382
2399,0,0.991,-0.009,-0.306072,0.37728,4.297823,3.340549
2400,0,0.989,-0.011,-0.189963,0.325852,4.065855,3.73609
2401,1,-0.011,0.99,0.783215,-0.427918,3.544642,3.424739
2402,0,0.991,-0.009,-0.256836,0.359334,4.27507,3.070859
2403,0,0.99,-0.01,-0.229509,0.33697,3.569283,3.554808
2404,1,-0.001,1.0,0.763811,-0.53924,5.442365,5.339389
2405,1,-0.012,0.989,0.94503,-0.451301,3.420109,3.656045
2406,1,-0.014,0.987,1.002433,-0.404817,3.4351,3.359639
2407,1,-0.008,0.993,0.767255,-0.46023,3.791678,4.520626
2408,0,0.989,-0.011,-0.266513,0.37162,3.978417,3.15606
2409,1,-0.013,0.988,0.862536,-0.40368,3.168689,3.19228
2410,0,0.989,-0.011,-0.262167,0.424955,3.933624,3.216703
2411,0,0.989,-0.011,-0.314995,0.430206,3.604189,3.083719
2412,1,-0.013,0.988,0.693926,-0.369098,3.114778,3.77411
2413,0,0.986,-0.014,-0.244849,0.478802,3.351953,3.420436
2414,1,-0.012,0.989,0.800303,-0.411745,4.146139,3.246108
2415,1,-0.012,0.989,0.679622,-0.404657,3.986611,4.025081
2416,1,-0.009,0.992,0.679825,-0.44615,4.63104,3.936788
2417,0,0.989,-0.011,-0.354684,0.526394,3.301696,3.375221
2418,0,0.992,-0.008,-0.347766,0.462406,4.604725,4.104659
2419,0,0.991,-0.009,-0.330251,0.422292,4.500322,3.910813
2420,0,0.989,-0.011,-0.301972,0.406572,3.737648,3.846769
2421,0,0.989,-0.011,-0.256562,0.387685,3.829149,3.450426
2422,0,0.993,-0.007,-0.28886,0.327588,4.591403,3.644597
2423,0,0.989,-0.011,-0.196041,0.335629,3.873036,3.496243
2424,1,-0.007,0.994,1.032188,-0.500304,4.208893,4.730193
2425,0,0.99,-0.01,-0.108542,0.281727,4.159399,4.051174
2426,0,0.991,-0.009,-0.184563,0.314514,3.759501,3.805454
2427,0,0.992,-0.008,-0.071252,0.23764,4.028056,3.556408
2428,0,0.991,-0.009,-0.16289,0.245434,4.500521,3.968318
2429,0,0.991,-0.009,-0.004356,0.248074,4.197486,3.44605
2430,1,-0.011,0.99,1.327805,-0.478255,3.527117,3.490643
2431,0,0.988,-0.012,0.089283,0.217719,3.865605,3.515599
2432,1,-0.014,0.987,1.277451,-0.461241,3.247751,2.969328
2433,1,-0.013,0.988,1.078924,-0.464783,3.316234,3.531096
2434,1,-0.012,0.989,1.023218,-0.469335,3.28403,3.803716
2435,1,-0.012,0.989,0.799751,-0.439576,3.284292,3.727646
2436,1,-0.011,0.99,0.750078,-0.465011,3.868624,4.100449
2437,1,-0.012,0.989,0.730678,-0.422057,3.846127,3.682384
2438,0,0.992,-0.008,-0.360446,0.335808,4.083732,3.738384
2439,0,0.987,-0.013,-0.270316,0.404955,3.340358,3.244416
2440,0,0.989,-0.011,-0.34883,0.415108,3.979949,3.037563
2441,1,-0.013,0.988,0.649278,-0.402795,3.314303,2.93805
2442,1,-0.01,0.991,0.601272,-0.432415,3.483317,4.047154
2443,1,-0.009,0.992,0.576191,-0.438756,4.079636,4.011744
2444,0,0.992,-0.008,-0.396658,0.411709,4.239499,3.858843
2445,0,0.99,-0.01,-0.353237,0.396419,3.734273,3.79408
2446,0,0.991,-0.009,-0.356825,0.396853,3.798325,3.320889
2447,1,-0.012,0.989,0.639865,-0.422691,3.600461,3.283808
2448,1,-0.012,0.989,0.570472,-0.405279,3.53706,3.607769
2449,0,0.99,-0.01,-0.364629,0.451682,4.028026,3.271677
2450,0,0.988,-0.012,-0.299251,0.407314,3.488879,3.127465
2451,1,-0.012,0.989,0.590561,-0.408151,3.77329,3.456185
2452,1,-0.008,0.993,0.544603,-0.435699,3.951994,3.71969
2453,0,0.987,-0.013,-0.313577,0.448566,3.655651,2.989485
2454,0,0.989,-0.011,-0.316004,0.381342,4.175953,3.399277
2455,1,-0.009,0.992,0.587853,-0.431971,4.127767,4.232041
2456,0,0.989,-0.011,-0.314144,0.376249,3.651139,3.758761
2457,1,-0.013,0.988,0.685159,-0.406712,3.460842,3.771522
2458,1,-0.01,0.991,0.57142,-0.397706,3.911676,3.597635
2459,1,-0.009,0.992,0.560384,-0.421427,3.725979,3.836566
2460,1,-0.011,0.99,0.543028,-0.373813,4.261354,4.091898
2461,0,0.992,-0.008,-0.410585,0.433823,4.408908,4.26758
2462,0,0.991,-0.009,-0.423756,0.565117,3.647861,3.967654
2463,0,0.989,-0.011,-0.355722,0.517233,4.258501,3.311467
2464,0,0.987,-0.013,-0.329407,0.503089,3.62517,2.715436
2465,0,0.986,-0.014,-0.26468,0.469722,3.400893,3.000829
2466,0,0.994,-0.006,-0.357703,0.308088,4.741977,3.908507
2467,1,-0.012,0.989,0.774988,-0.441162,3.58266,3.780082
2468,0,0.987,-0.013,-0.21314,0.374132,3.996865,3.891336
2469,0,0.988,-0.012,-0.13792,0.277943,3.58815,3.061173
2470,0,0.99,-0.01,-0.249866,0.274488,4.070208,3.599821
2471,0,0.99,-0.01,-0.258111,0.307126,3.899009,3.497368
2472,1,-0.013,0.988,1.107458,-0.454399,3.263494,3.478879
2473,1,-0.014,0.987,1.035971,-0.448442,3.373953,3.36439
2474,1,-0.011,0.99,0.973032,-0.469576,3.661064,3.734459
2475,1,-0.007,0.994,0.761341,-0.464811,3.993389,3.259419
2476,1,-0.012,0.989,0.907101,-0.453224,3.598192,3.695684
2477,1,-0.012,0.989,0.705009,-0.413123,3.044178,4.164139
2478,0,0.987,-0.013,-0.326977,0.489914,3.498462,2.924618
2479,1,-0.013,0.988,0.637854,-0.338935,3.337599,3.464326
2480,0,0.988,-0.012,-0.321839,0.485435,3.410408,3.415005
2481,1,-0.013,0.988,0.593785,-0.350229,3.162313,3.081536
2482,1,-0.009,0.992,0.574311,-0.417893,3.117031,4.276796
2483,0,0.991,-0.009,-0.393739,0.499478,4.267074,3.344293
2484,0,0.987,-0.013,-0.329692,0.549752,3.328528,3.280558
2485,1,-0.012,0.989,0.5501,-0.343222,3.338876,3.458391
2486,0,0.988,-0.012,-0.309162,0.492358,2.715558,3.14026
2487,0,0.99,-0.01,-0.374254,0.513303,3.683165,3.312378
2488,0,0.989,-0.011,-0.335386,0.405612,3.954635,3.597027
2489,0,0.991,-0.009,-0.322165,0.374741,3.906376,4.013066
2490,0,0.987,-0.013,-0.282329,0.493669,3.535128,3.732993
2491,1,-0.012,0.989,0.811382,-0.431836,3.646664,3.179795
2492,1,-0.015,0.986,0.943856,-0.41716,3.313662,3.35222
2493,1,-0.012,0.989,0.82057,-0.4417,3.019692,4.098024
2494,1,-0.011,0.99,0.804114,-0.437689,3.563992,3.889757
2495,0,0.995,-0.005,-0.355343,0.339745,4.813381,4.482928
2496,0,0.994,-0.006,-0.347105,0.339873,4.536171,4.164563
2497,0,0.994,-0.006,-0.344159,0.359454,4.801109,3.131193
2498,1,-0.011,0.99,0.656171,-0.411343,3.731702,3.617127
2499,0,0.99,-0.01,-0.289625,0.385932,3.972049,4.089269
2500,0,0.988,-0.012,-0.207141,0.404854,3.418876,3.229613
2501,1,-0.013,0.988,0.822721,-0.411383,3.174348,3.655411
2502,1,-0.015,0.986,0.83238,-0.345693,3.351195,2.999116
2503,0,0.99,-0.01,-0.243565,0.315127,4.468014,3.93109
2504,1,-0.008,0.993,0.744776,-0.455081,4.432414,4.355629
2505,1,-0.01,0.991,0.695509,-0.384442,3.234771,3.817312
2506,0,0.989,-0.011,-0.288039,0.476537,3.871319,3.011353
2507,1,-0.013,0.988,0.768987,-0.386784,3.4667,3.511611
2508,1,-0.012,0.989,0.652227,-0.342683,3.897255,3.322686
2509,1,-0.005,0.996,0.562562,-0.424641,3.973396,5.045451
2510,1,-0.012,0.989,0.601571,-0.337777,3.392665,3.780282
2511,0,0.992,-0.008,-0.404927,0.776111,3.581243,3.879716
2512,1,-0.014,0.987,0.472579,-0.100469,4.04906,3.741184
2513,1,-0.006,0.995,0.454535,-0.304905,3.056974,4.290729
2514,0,0.989,-0.011,-0.438495,0.885338,4.340925,3.229428
2515,1,-0.008,0.993,0.389963,-0.27257,4.258999,4.27213
2516,0,0.991,-0.009,-0.431629,0.938437,4.170516,3.31339
2517,1,-0.007,0.994,0.392899,-0.3187,3.939855,4.442704
2518,0,0.986,-0.014,-0.402824,1.213265,3.57549,3.350097
2519,1,-0.009,0.992,0.333666,-0.191725,3.770979,3.973668
2520,0,0.992,-0.008,-0.45656,0.977126,4.358999,4.141954
2521,0,0.991,-0.009,-0.426522,0.732191,3.958437,3.18193
2522,1,-0.008,0.993,0.379433,-0.240408,3.799751,3.054643
2523,0,0.99,-0.01,-0.414503,0.811943,3.974767,3.822909
2524,0,0.989,-0.011,-0.398713,0.646808,4.349935,3.208274
2525,0,0.989,-0.011,-0.352672,0.625752,3.960124,3.699574
2526,0,0.99,-0.01,-0.365242,0.469964,4.289797,3.560513
2527,0,0.989,-0.011,-0.291107,0.379369,4.027641,3.216117
2528,1,-0.008,0.993,0.661094,-0.453993,4.094555,4.273157
2529,1,-0.007,0.994,0.66402,-0.483434,3.239817,4.635125
2530,1,-0.012,0.989,0.720383,-0.434235,3.260371,4.260391
2531,1,-0.012,0.989,0.626938,-0.406983,3.589769,3.467431
2532,0,0.988,-0.012,-0.296977,0.449271,3.010366,3.492845
2533,0,0.99,-0.01,-0.341269,0.449225,3.709311,4.014366
2534,0,0.986,-0.014,-0.25772,0.478021,3.184726,3.451133
2535,0,0.988,-0.012,-0.273166,0.399009,3.279632,3.286226
2536,0,0.989,-0.011,-0.169678,0.316607,3.786471,3.928266
2537,0,0.989,-0.011,-0.228081,0.324099,3.162229,3.679529
2538,1,-0.008,0.993,0.879289,-0.494439,4.744837,4.582411
2539,0,0.99,-0.01,-0.144148,0.239808,3.776709,3.719134
2540,1,-0.009,0.992,0.818191,-0.48547,3.500264,4.385567
2541,1,-0.012,0.989,1.065778,-0.461688,3.181667,3.493125
2542,0,0.99,-0.01,-0.171874,0.237079,3.576201,3.340027
2543,0,0.986,-0.014,-0.165675,0.337005,2.890903,3.377717
2544,0,0.989,-0.011,-0.201704,0.244192,3.769197,3.653154
2545,1,-0.01,0.991,0.904939,-0.486315,3.448759,4.449425
2546,1,-0.011,0.99,1.011187,-0.481033,3.964965,3.736084
2547,0,0.986,-0.014,-0.205646,0.326707,3.505888,3.508068
2548,0,0.989,-0.011,-0.201161,0.250742,3.740529,3.2811
2549,0,0.989,-0.011,-0.206646,0.243437,3.304422,3.636786
2550,0,0.991,-0.009,-0.161465,0.21126,4.511117,3.938671
2551,0,0.988,-0.012,0.039038,0.15488,3.51303,3.340749
2552,0,0.99,-0.01,-0.185076,0.160594,3.581833,3.527725
2553,1,-0.012,0.989,1.243956,-0.501088,3.567244,3.472242
2554,0,0.99,-0.01,-0.110064,0.130024,3.887682,3.468935
2555,1,-0.01,0.991,1.085701,-0.508293,3.747822,3.75673
2556,1,-0.012,0.989,1.00245,-0.485421,3.278229,3.035656
2557,0,0.992,-0.008,-0.148817,0.187178,4.302277,3.105813
2558,0,0.988,-0.012,-0.107221,0.197945,3.777421,3.329529
2559,1,-0.01,0.991,0.84009,-0.481068,3.188822,3.337759
2560,0,0.989,-0.011,-0.151121,0.195221,4.148351,3.52966
2561,1,-0.011,0.99,0.846046,-0.484272,3.738214,3.669506
2562,1,-0.012,0.989,0.838533,-0.473364,3.156265,3.843224
2563,0,0.988,-0.012,-0.302562,0.388054,3.272992,3.71378
2564,0,0.991,-0.009,-0.232193,0.247812,4.449739,3.500284
2565,0,0.989,-0.011,-0.297645,0.293546,3.881992,4.075083
2566,0,0.992,-0.008,-0.221597,0.203586,4.087986,4.120065
2567,1,-0.012,0.989,0.946572,-0.47818,4.043199,3.815955
2568,1,-0.01,0.991,0.937007,-0.475186,3.252931,3.529797
2569,1,-0.012,0.989,0.890752,-0.452241,3.765524,3.811903
2570,1,-0.012,0.989,0.74423,-0.439026,3.449274,3.044477
2571,0,0.992,-0.008,-0.331025,0.360991,4.59596,3.479719
2572,0,0.99,-0.01,-0.286247,0.34691,4.323398,3.511151
2573,1,-0.013,0.988,0.80101,-0.408313,3.468846,3.011702
2574,1,-0.013,0.988,0.863606,-0.422611,3.272197,3.65773
2575,0,0.992,-0.008,-0.352842,0.418056,4.09093,3.040994
2576,1,-0.012,0.989,0.830159,-0.43754,3.420713,3.180417
2577,0,0.989,-0.011,-0.296967,0.478618,3.812416,3.59831
2578,1,-0.01,0.991,0.68317,-0.408767,3.566206,3.384483
2579,1,-0.012,0.989,0.672343,-0.379097,3.539108,3.58906
2580,0,0.991,-0.009,-0.368608,0.495987,3.95257,2.903875
2581,1,-0.013,0.988,0.616593,-0.32238,3.345726,3.97445
2582,0,0.989,-0.011,-0.330205,0.566064,3.755559,3.714522
2583,0,0.986,-0.014,-0.266897,0.606132,3.466746,2.147906
2584,0,0.989,-0.011,-0.300855,0.453773,4.109608,3.328345
2585,1,-0.012,0.989,0.771498,-0.400177,3.882148,3.701109
2586,0,0.991,-0.009,-0.306073,0.37543,3.409627,3.315183
2587,1,-0.013,0.988,0.832028,-0.381147,3.359629,2.698083
2588,1,-0.011,0.99,0.805628,-0.431697,3.211783,4.034019
2589,1,-0.011,0.99,0.683755,-0.405373,3.540226,3.425178
2590,0,0.989,-0.011,-0.333684,0.484482,4.266754,3.616122
2591,1,-0.012,0.989,0.637019,-0.373533,4.045192,3.574368
2592,1,-0.011,0.99,0.587163,-0.31058,3.523174,4.157595
2593,0,0.988,-0.012,-0.371126,0.672974,3.404552,3.142591
2594,0,0.988,-0.012,-0.33501,0.482985,3.322189,3.269918
2595,1,-0.013,0.988,0.645597,-0.384316,3.623441,3.505636
2596,0,0.988,-0.012,-0.360077,0.611166,4.039767,4.01283
2597,1,-0.012,0.989,0.494622,-0.288387,3.26601,3.821377
2598,1,-0.012,0.989,0.544608,-0.316797,3.325261,3.707375
2599,0,0.992,-0.008,-0.391848,0.55672,4.110376,3.390096
2600,1,-0.012,0.989,0.523887,-0.324655,3.362932,3.418382
2601,0,0.99,-0.01,-0.37915,0.464272,4.042498,3.433681
2602,1,-0.006,0.995,0.452952,-0.372379,4.928662,4.338374
2603,1,-0.013,0.988,0.450797,-0.156413,3.702797,2.827774
2604,0,0.989,-0.011,-0.384517,0.632018,3.941423,2.653963
2605,1,-0.011,0.99,0.432859,-0.293723,3.770815,3.461576
2606,0,0.987,-0.013,-0.399467,0.809486,3.491374,3.181848
2607,1,-0.012,0.989,0.495327,-0.329405,3.069458,3.705038
2608,1,-0.013,0.988,0.505276,-0.250517,3.419651,3.641768
2609,1,-0.012,0.989,0.430356,-0.209674,2.777544,3.758229
2610,1,-0.012,0.989,0.363255,-0.107579,3.346452,3.561223
2611,1,-0.011,0.99,0.327765,-0.147565,3.481081,4.167051
2612,1,-0.006,0.995,0.260533,-0.201218,4.275541,4.297689
2613,1,-0.009,0.992,0.226305,-0.009479,4.470111,3.742213
2614,1,-0.009,0.992,0.196342,0.029513,3.95189,3.777196
2615,1,-0.009,0.992,0.178428,0.028396,4.157527,4.570822
2616,0,0.987,-0.013,-0.4874,1.284405,3.49597,3.137209
2617,1,-0.009,0.992,0.145093,-0.018581,3.464666,4.209898
2618,0,0.989,-0.011,-0.505409,1.030942,3.928769,3.414317
2619,0,0.992,-0.008,-0.513158,0.754308,3.966799,4.067773
2620,0,0.992,-0.008,-0.50469,0.670539,4.00096,3.843103
2621,1,-0.01,0.991,0.220278,-0.339974,4.349345,3.919082
2622,0,0.991,-0.009,-0.493088,0.547448,4.101514,3.592504
2623,1,-0.012,0.989,0.264213,-0.38372,3.850647,3.81865
2624,0,0.989,-0.011,-0.465554,0.541012,3.515653,3.653297
2625,1,-0.013,0.988,0.28982,-0.384463,3.229739,3.231022
2626,1,-0.013,0.988,0.319606,-0.370916,3.662349,2.869041
2627,0,0.986,-0.014,-0.449502,0.497949,3.397452,2.984512
2628,1,-0.014,0.987,0.31949,-0.354066,3.929559,3.667262
2629,0,0.988,-0.012,-0.463331,0.605435,3.878243,3.51936
2630,0,0.989,-0.011,-0.455443,0.505852,3.95463,3.55398
2631,1,-0.009,0.992,0.283721,-0.401942,3.627557,3.906985
2632,0,0.99,-0.01,-0.470142,0.575321,3.962963,3.440187
2633,0,0.992,-0.008,-0.486282,0.40242,3.513464,3.896055
2634,1,-0.011,0.99,0.332478,-0.42305,3.469167,3.768213
2635,1,-0.013,0.988,0.373504,-0.386459,3.037921,3.717543
2636,1,-0.011,0.99,0.337492,-0.435533,4.004072,3.948089
2637,0,0.989,-0.011,-0.456012,0.598907,3.610629,3.415401
2638,0,0.992,-0.008,-0.486902,0.551916,4.356287,3.770139
2639,1,-0.011,0.99,0.33415,-0.410102,3.668664,3.673215
2640,1,-0.01,0.991,0.290197,-0.383647,3.491798,4.194122
2641,1,-0.01,0.991,0.287554,-0.365135,3.92521,3.113631
2642,0,0.988,-0.012,-0.45636,0.540732,3.851029,3.615878
2643,1,-0.01,0.991,0.266095,-0.348847,3.737428,3.763609
2644,1,-0.01,0.991,0.270328,-0.298816,3.643817,4.172488
2645,0,0.992,-0.008,-0.487642,0.777923,3.949221,3.637958
2646,1,-0.013,0.988,0.279253,-0.216033,2.957977,3.492721
2647,1,-0.013,0.988,0.287799,-0.230473,3.510917,3.815022
2648,0,0.989,-0.011,-0.479296,0.960091,3.736804,3.518223
2649,0,0.99,-0.01,-0.455199,0.689352,3.926787,3.393532
2650,1,-0.011,0.99,0.268487,-0.224088,3.42196,3.560732
2651,0,0.989,-0.011,-0.460548,0.761429,3.850826,3.721178
2652,1,-0.013,0.988,0.308912,-0.248322,3.120473,3.45588
2653,1,-0.007,0.994,0.273545,-0.331477,3.45786,4.054254
2654,1,-0.013,0.988,0.321768,-0.236915,3.404001,3.504184
2655,1,-0.009,0.992,0.257561,-0.245982,4.526949,3.594071
2656,0,0.991,-0.009,-0.486943,0.916272,3.902468,3.288913
2657,1,-0.011,0.99,0.24755,-0.205872,3.453521,3.716724
2658,1,-0.011,0.99,0.253875,-0.129232,3.543001,3.186462
2659,0,0.991,-0.009,-0.490018,1.115106,3.685905,3.407664
2660,0,0.988,-0.012,-0.471371,1.095487,3.73871,3.05633
2661,1,-0.013,0.988,0.275305,-0.128922,3.6969,3.707398
2662,0,0.993,-0.007,-0.501547,1.071234,4.41558,4.864485
2663,0,0.989,-0.011,-0.466118,0.810452,3.878115,4.026944
2664,0,0.988,-0.012,-0.45573,0.99227,3.335449,3.140871
2665,1,-0.007,0.994,0.277574,-0.342682,4.397233,4.389055
2666,1,-0.012,0.989,0.331341,-0.274205,3.456067,3.937702
2667,1,-0.011,0.99,0.304281,-0.223392,3.574334,3.003041
2668,0,0.989,-0.011,-0.443591,0.748764,3.463129,3.183931
2669,1,-0.01,0.991,0.303792,-0.255039,3.54342,3.591125
2670,1,-0.014,0.987,0.374227,-0.221161,3.211566,3.522008
2671,1,-0.01,0.991,0.235764,-0.062849,4.152883,3.602325
2672,1,-0.011,0.99,0.263545,-0.073746,3.824314,3.900116
2673,1,-0.015,0.986,0.272027,0.062544,2.462595,3.648603
2674,1,-0.014,0.987,0.233981,-0.08213,3.18927,3.307031
2675,1,-0.012,0.989,0.19834,-0.054724,3.835371,3.39091
2676,1,-0.013,0.988,0.195198,-0.059461,3.555857,3.496618
2677,0,0.987,-0.013,-0.480954,1.090018,3.310501,3.614153
2678,1,-0.011,0.99,0.162371,-0.106688,3.521364,3.575634
2679,0,0.987,-0.013,-0.479738,0.853045,3.637313,3.371247
2680,0,0.989,-0.011,-0.488572,0.876514,3.743439,3.633995
2681,0,0.991,-0.009,-0.49795,0.725578,4.264584,3.017678
2682,0,0.99,-0.01,-0.490515,0.733907,4.011618,3.651526
2683,0,0.991,-0.009,-0.487411,0.610653,3.970201,3.438774
2684,1,-0.01,0.991,0.305964,-0.40927,3.037413,3.474276
2685,1,-0.009,0.992,0.234769,-0.40598,3.914934,4.325772
2686,0,0.991,-0.009,-0.464632,0.430836,4.115986,3.858668
2687,1,-0.008,0.993,0.289915,-0.435503,3.566252,4.390619
2688,0,0.989,-0.011,-0.46012,0.523591,3.679268,3.561307
2689,1,-0.015,0.986,0.290105,-0.337195,3.010179,3.176061
2690,0,0.989,-0.011,-0.456904,0.517493,3.504599,3.512503
2691,1,-0.014,0.987,0.385661,-0.388303,3.368763,3.097752
2692,0,0.988,-0.012,-0.443715,0.502433,3.593954,3.432638
2693,0,0.988,-0.012,-0.426963,0.397139,3.783455,3.456639
2694,0,0.987,-0.013,-0.40637,0.343462,3.787307,3.458035
2695,1,-0.012,0.989,0.377818,-0.41838,3.199608,3.551852
2696,1,-0.012,0.989,0.41888,-0.450002,3.7817,4.011226
2697,0,0.99,-0.01,-0.427128,0.395094,3.3717,3.407214
2698,0,0.989,-0.011,-0.396132,0.265301,3.739922,3.394418
2699,0,0.989,-0.011,-0.41941,0.34139,3.522741,3.52802
2700,0,0.991,-0.009,-0.391447,0.103515,3.829417,3.271757
2701,0,0.989,-0.011,-0.345287,0.078266,3.083455,3.741472
2702,0,0.99,-0.01,-0.23847,-0.01246,4.158057,3.356757
2703,0,0.988,-0.012,-0.243902,-0.067397,3.10464,3.506226
2704,1,-0.015,0.986,1.120681,-0.517262,3.412527,2.874207
2705,1,-0.013,0.988,0.984976,-0.501933,3.439643,3.556178
2706,1,-0.01,0.991,0.753029,-0.492126,3.838787,3.366089
2707,1,-0.013,0.988,0.879713,-0.4665,3.652677,4.077994
2708,0,0.992,-0.008,-0.339872,0.28129,3.618055,3.647801
2709,1,-0.012,0.989,0.723021,-0.430033,3.868504,3.079127
2710,0,0.99,-0.01,-0.331317,0.338427,3.975165,3.426323
2711,0,0.987,-0.013,-0.330044,0.44981,3.258391,3.713911
2712,0,0.995,-0.005,-0.329275,0.287241,4.791984,3.77947
2713,0,0.988,-0.012,-0.119445,0.269989,3.523169,3.047917
2714,1,-0.009,0.992,0.8431,-0.499637,3.155336,4.385436
2715,1,-0.011,0.99,0.649431,-0.455535,3.401531,4.026041
2716,0,0.988,-0.012,-0.118711,0.234299,3.550216,3.229896
2717,1,-0.014,0.987,0.772982,-0.431565,3.054723,3.511705
2718,0,0.994,-0.006,-0.261897,0.19195,4.399213,3.70527
2719,0,0.99,-0.01,-0.248478,0.216815,4.108801,3.937174
2720,1,-0.012,0.989,0.782374,-0.449032,3.301537,3.934802
2721,0,0.99,-0.01,-0.24192,0.285512,3.831678,3.464322
2722,0,0.993,-0.007,-0.316401,0.271792,4.509654,4.348205
2723,0,0.99,-0.01,-0.16424,0.283293,4.28885,2.823437
2724,0,0.987,-0.013,-0.039458,0.195604,3.383478,3.374289
2725,1,-0.011,0.99,0.974554,-0.48419,3.643133,3.496497
2726,0,0.989,-0.011,-0.072793,0.129219,4.131866,3.180265
2727,0,0.987,-0.013,-0.000691,0.118991,4.148744,3.305638
2728,0,0.99,-0.01,-0.1007,0.034885,3.472618,3.501168
2729,0,0.99,-0.01,-0.10506,0.039049,3.850583,3.904307
2730,0,0.989,-0.011,-0.146251,0.004183,3.39281,3.896008
2731,0,0.989,-0.011,-0.035415,-0.107107,3.540853,3.227513
2732,1,-0.012,0.989,1.231698,-0.529572,4.120411,3.801286
2733,1,-0.014,0.987,1.327843,-0.510365,3.827507,2.884693
2734,0,0.991,-0.009,-0.11629,0.067146,4.176197,4.054907
2735,0,0.99,-0.01,-0.09773,0.162711,3.631704,3.485725
2736,1,-0.012,0.989,1.072476,-0.489971,3.892401,3.613522
2737,0,0.99,-0.01,-0.144064,0.106467,3.978807,3.901784
2738,1,-0.011,0.99,1.052141,-0.502202,3.888807,3.933751
2739,1,-0.013,0.988,0.720885,-0.432619,3.057714,2.998919
2740,1,-0.012,0.989,0.771349,-0.430999,3.37382,3.418227
2741,0,0.989,-0.011,-0.283279,0.325187,3.749926,3.574543
2742,1,-0.011,0.99,0.730087,-0.434497,3.698569,4.040212
2743,1,-0.012,0.989,0.543626,-0.359497,3.890196,3.519984
2744,0,0.987,-0.013,-0.353479,0.461914,3.453589,3.481543
2745,1,-0.014,0.987,0.498881,-0.350809,3.484101,3.307636
2746,1,-0.012,0.989,0.412923,-0.33838,3.767485,3.440996
2747,0,0.987,-0.013,-0.415744,0.728212,3.864226,3.582675
2748,1,-0.012,0.989,0.46038,-0.322986,2.968644,2.956716
2749,1,-0.014,0.987,0.369982,-0.20518,2.899873,3.308767
2750,1,-0.013,0.988,0.262791,-0.160311,3.298975,3.427361
2751,1,-0.012,0.989,0.162559,-0.064912,3.222914,3.605902
2752,1,-0.013,0.988,0.142732,-0.193621,3.5303,3.921728
2753,1,-0.012,0.989,0.020294,0.190743,3.716045,3.374703
2754,0,0.988,-0.012,-0.515897,1.359168,2.924656,3.839141
2755,0,0.989,-0.011,-0.526638,1.124082,4.024831,2.824086
2756,0,0.989,-0.011,-0.510432,0.931832,3.748866,3.378403
2757,0,0.988,-0.012,-0.481604,0.812765,3.997558,3.564304
2758,1,-0.015,0.986,0.29171,-0.216412,3.570016,3.4016
2759,0,0.99,-0.01,-0.456594,0.606082,4.012094,3.958453
2760,1,-0.01,0.991,0.287652,-0.366353,3.362753,4.373042
2761,1,-0.009,0.992,0.282607,-0.371229,3.549484,4.251866
2762,1,-0.011,0.99,0.294932,-0.312947,2.798274,4.381977
2763,1,-0.01,0.991,0.24566,-0.263708,3.457368,3.966303
2764,0,0.988,-0.012,-0.480594,0.786545,3.687582,3.608847
2765,1,-0.012,0.989,0.18921,-0.168293,3.70955,3.555566
2766,1,-0.012,0.989,0.202968,-0.172068,3.901296,3.798344
2767,0,0.99,-0.01,-0.480443,0.902795,3.739144,3.788765
2768,1,-0.01,0.991,0.221744,-0.165764,3.338143,3.789795
2769,0,0.988,-0.012,-0.500828,1.096375,3.794099,3.188598
2770,1,-0.012,0.989,0.172629,-0.147616,3.281415,3.432038
2771,0,0.989,-0.011,-0.463507,0.889256,3.016614,3.198622
2772,1,-0.007,0.994,0.211503,-0.304625,3.692526,4.718687
2773,0,0.992,-0.008,-0.487758,0.764464,4.171994,4.216108
2774,1,-0.011,0.99,0.244149,-0.232742,3.362973,3.827425
2775,1,-0.011,0.99,0.2482,-0.181356,3.583036,4.297634
2776,0,0.993,-0.007,-0.473599,0.738094,4.252536,3.704895
2777,1,-0.011,0.99,0.315654,-0.2359,3.408122,3.346267
2778,1,-0.01,0.991,0.291557,-0.210856,3.308675,3.723485
2779,0,0.993,-0.007,-0.503973,0.905912,4.501105,4.524772
2780,1,-0.006,0.995,0.213682,-0.217158,4.439507,4.159406
2781,0,0.994,-0.006,-0.506763,1.033868,4.530794,4.528035
2782,1,-0.009,0.992,0.278539,-0.208855,3.631956,4.421034
2783,0,0.989,-0.011,-0.474122,1.124087,3.240834,3.58002
2784,0,0.99,-0.01,-0.461875,0.993732,4.002728,3.485545
2785,0,0.992,-0.008,-0.449448,0.834378,3.366546,4.141838
2786,1,-0.008,0.993,0.381041,-0.329884,4.223304,3.912947
2787,0,0.995,-0.005,-0.470297,0.719105,5.025085,3.223977
2788,1,-0.01,0.991,0.47727,-0.346845,3.400756,3.697878
2789,0,0.988,-0.012,-0.444396,0.952292,3.711483,2.902936
2790,0,0.988,-0.012,-0.399291,0.72209,4.048286,3.290837
2791,0,0.99,-0.01,-0.433383,0.674085,4.180902,4.028978
2792,1,-0.009,0.992,0.551814,-0.365985,3.033996,4.450437
2793,0,0.989,-0.011,-0.362662,0.5915,4.032874,3.560766
2794,0,0.989,-0.011,-0.367539,0.603226,3.985878,2.988362
2795,1,-0.01,0.991,0.65042,-0.378972,3.35214,3.790369
2796,1,-0.014,0.987,0.746955,-0.343541,3.399545,3.266724
2797,0,0.986,-0.014,-0.259982,0.55847,3.084037,3.306487
2798,0,0.989,-0.011,-0.298552,0.539949,3.233183,3.121201
2799,0,0.99,-0.01,-0.25865,0.457268,3.74756,4.171605
2800,0,0.991,-0.009,-0.158287,0.385229,3.930368,3.799706
2801,1,-0.01,0.991,0.896807,-0.420374,3.76669,4.111593
2802,1,-0.01,0.991,0.911238,-0.42287,3.077061,3.389958
2803,1,-0.007,0.994,0.930277,-0.455282,3.986626,4.468949
2804,1,-0.013,0.988,0.83823,-0.377244,3.513942,3.746886
2805,1,-0.009,0.992,0.592982,-0.416887,4.626082,4.116115
2806,0,0.992,-0.008,-0.385493,0.49726,4.378695,4.03066
2807,1,-0.014,0.987,0.562752,-0.337785,3.292718,3.107133
2808,0,0.992,-0.008,-0.422963,0.619086,3.80176,4.199533
2809,1,-0.01,0.991,0.477949,-0.366424,3.906204,4.251701
2810,1,-0.009,0.992,0.384496,-0.365603,3.551543,4.385521
2811,0,0.989,-0.011,-0.434284,0.663564,3.503474,3.674601
2812,0,0.99,-0.01,-0.418809,0.567506,3.76765,3.510638
2813,0,0.989,-0.011,-0.423285,0.67584,3.671895,3.462031
2814,0,0.991,-0.009,-0.381552,0.470224,4.345357,3.778801
2815,0,0.989,-0.011,-0.360274,0.496517,3.82737,3.07725
2816,1,-0.011,0.99,0.599015,-0.398949,3.428062,4.126285
2817,1,-0.014,0.987,0.708243,-0.388839,3.31559,2.855016
2818,0,0.992,-0.008,-0.333846,0.335988,3.950357,3.619418
2819,1,-0.012,0.989,0.600346,-0.37197,3.180579,3.670824
2820,0,0.986,-0.014,-0.30117,0.497605,3.405206,3.089582
2821,0,0.988,-0.012,-0.344008,0.46172,3.826097,2.971247
2822,1,-0.01,0.991,0.725386,-0.435147,3.571925,3.782176
2823,1,-0.013,0.988,0.664439,-0.395772,3.330033,3.774133
2824,0,0.987,-0.013,-0.29177,0.536453,3.604743,2.831239
2825,1,-0.013,0.988,0.675145,-0.381797,3.132365,3.251144
2826,0,0.993,-0.007,-0.351767,0.390177,4.683691,3.083622
2827,1,-0.012,0.989,0.564272,-0.380845,3.461686,3.703974
2828,0,0.99,-0.01,-0.353179,0.453552,4.058215,3.263974
2829,1,-0.008,0.993,0.603486,-0.437549,4.029029,4.116839
2830,1,-0.012,0.989,0.59803,-0.398358,3.470725,3.738363
2831,0,0.987,-0.013,-0.307368,0.503611,3.987278,3.865225
2832,0,0.988,-0.012,-0.307552,0.480195,3.640191,3.399076
2833,0,0.989,-0.011,-0.333531,0.498052,3.721116,3.904653
2834,1,-0.009,0.992,0.651575,-0.438008,3.86961,4.082635
2835,0,0.994,-0.006,-0.340137,0.415786,4.858984,3.82922
2836,1,-0.012,0.989,0.877834,-0.439312,3.29343,3.445128
2837,0,0.998,-0.002,-0.370409,0.358168,5.15133,5.27193
2838,0,0.989,-0.011,-0.133532,0.330967,3.432813,3.886085
2839,1,-0.011,0.99,0.854879,-0.418159,3.339045,3.84524
2840,1,-0.011,0.99,0.854736,-0.419032,3.351377,4.161121
2841,0,0.989,-0.011,-0.278955,0.420751,3.092821,3.152973
2842,1,-0.009,0.992,0.785823,-0.461569,4.486642,4.415186
2843,1,-0.014,0.987,0.779628,-0.382446,3.405196,3.643765
2844,1,-0.013,0.988,0.679798,-0.403705,3.63534,3.790734
2845,0,0.988,-0.012,-0.31384,0.49192,3.311702,3.481515
2846,1,-0.011,0.99,0.501443,-0.378976,3.58658,3.804063
2847,1,-0.009,0.992,0.348985,-0.333313,3.867726,3.496618
2848,1,-0.011,0.99,0.295427,-0.353867,3.716131,3.56584
2849,1,-0.009,0.992,0.273028,-0.30401,3.704126,4.101969
2850,0,0.989,-0.011,-0.480693,0.899917,3.21136,3.977626
2851,0,0.992,-0.008,-0.512287,0.813764,4.020737,4.35446
2852,0,0.993,-0.007,-0.516797,0.817262,4.507514,3.654146
2853,0,0.99,-0.01,-0.453158,0.678378,4.157774,4.057594
2854,0,0.99,-0.01,-0.462332,0.612428,3.356794,4.128858
2855,0,0.99,-0.01,-0.418069,0.576507,3.776308,3.866494
2856,0,0.989,-0.011,-0.388279,0.531549,3.520642,3.708655
2857,0,0.99,-0.01,-0.307157,0.444832,3.719774,3.850312
2858,0,0.988,-0.012,-0.199664,0.435573,3.206806,3.411836
2859,1,-0.011,0.99,1.101718,-0.467215,3.325317,4.21797
2860,0,0.989,-0.011,-0.153464,0.314848,3.837091,3.178256
2861,1,-0.012,0.989,1.074478,-0.441472,3.611618,3.155974
2862,0,0.988,-0.012,-0.060518,0.326237,3.218853,3.770874
2863,1,-0.013,0.988,0.889972,-0.430152,3.717969,3.449783
2864,0,0.986,-0.014,-0.130884,0.302483,3.513487,2.917402
2865,0,0.992,-0.008,-0.226379,0.233714,3.884128,3.733597
2866,1,-0.01,0.991,0.843981,-0.468706,3.38502,4.063509
2867,0,0.992,-0.008,-0.223727,0.259139,4.237509,3.558135
2868,1,-0.01,0.991,0.955999,-0.480273,4.221622,3.674065
2869,1,-0.013,0.988,0.804178,-0.427885,3.666537,3.753275
2870,0,0.989,-0.011,-0.234693,0.319896,3.438316,3.410838
2871,1,-0.012,0.989,0.804791,-0.448518,3.303145,3.769596
2872,1,-0.008,0.993,0.687856,-0.460754,3.700542,3.571842
2873,0,0.989,-0.011,-0.265661,0.354484,3.855579,3.627859
2874,1,-0.011,0.99,0.615896,-0.443869,3.202816,4.157178
2875,0,0.996,-0.004,-0.38536,0.320584,5.113933,2.778716
2876,0,0.99,-0.01,-0.283623,0.32294,3.777028,3.029381
2877,1,-0.01,0.991,0.684886,-0.451301,3.652074,4.023559
2878,0,0.987,-0.013,-0.268432,0.411007,3.478693,3.760262
2879,0,0.99,-0.01,-0.273224,0.344846,3.976718,3.330569
2880,1,-0.009,0.992,0.800162,-0.45681,3.531812,4.191357
2881,1,-0.01,0.991,0.707451,-0.443191,3.106594,3.743036
2882,0,0.989,-0.011,-0.218268,0.350625,3.548858,3.490122
2883,1,-0.012,0.989,0.669502,-0.413888,3.436749,3.386374
2884,1,-0.012,0.989,0.689261,-0.413211,3.793576,3.681553
2885,1,-0.011,0.99,0.512451,-0.359143,3.886432,3.675641
2886,0,0.987,-0.013,-0.320809,0.539872,2.938897,3.525591
2887,0,0.987,-0.013,-0.33265,0.507018,2.899569,3.52706
2888,1,-0.011,0.99,0.58783,-0.370457,3.350492,3.73414
2889,0,0.989,-0.011,-0.362956,0.499606,3.6711,4.026531
2890,1,-0.011,0.99,0.563045,-0.402582,3.590918,3.190785
2891,1,-0.012,0.989,0.541239,-0.39136,3.158194,3.682156
2892,1,-0.013,0.988,0.658666,-0.400178,4.070876,3.699288
2893,1,-0.013,0.988,0.508922,-0.33694,3.421127,3.15709
2894,1,-0.012,0.989,0.35305,-0.252569,3.351638,3.476835
2895,0,0.989,-0.011,-0.40997,0.667528,3.739996,3.132039
2896,0,0.993,-0.007,-0.467195,0.623494,4.357714,3.574276
2897,0,0.989,-0.011,-0.442587,0.684114,3.832721,3.185447
2898,1,-0.011,0.99,0.369305,-0.28059,3.626883,3.846256
2899,0,0.991,-0.009,-0.437504,0.570987,3.977917,3.733026
2900,0,0.992,-0.008,-0.41239,0.541941,3.900081,2.848908
2901,0,0.99,-0.01,-0.40072,0.554087,3.882082,3.627169
2902,0,0.99,-0.01,-0.364045,0.420522,4.018102,4.174013
2903,1,-0.011,0.99,0.754355,-0.420527,3.770912,3.527373
2904,0,0.991,-0.009,-0.253861,0.387339,4.224622,3.342355
2905,1,-0.014,0.987,0.751592,-0.389405,2.931048,3.628101
2906,0,0.988,-0.012,-0.228517,0.483519,3.658678,2.973366
2907,1,-0.012,0.989,0.764204,-0.385643,3.493455,3.655077
2908,1,-0.011,0.99,0.742593,-0.414861,3.975056,3.667618
2909,1,-0.01,0.991,0.637708,-0.37354,3.293684,3.953736
2910,1,-0.013,0.988,0.708221,-0.364991,3.455319,3.434402
2911,1,-0.013,0.988,0.571335,-0.345737,3.536131,3.118862
2912,1,-0.009,0.992,0.397821,-0.293726,3.956353,4.233205
2913,0,0.99,-0.01,-0.397224,0.678534,3.730429,2.985387
2914,1,-0.012,0.989,0.424783,-0.250417,3.080001,3.637428
2915,1,-0.012,0.989,0.323123,-0.106934,3.434163,3.008161
2916,1,-0.013,0.988,0.314455,-0.169602,3.28327,3.422112
2917,1,-0.011,0.99,0.273255,-0.128934,3.30821,3.383699
2918,0,0.987,-0.013,-0.44813,1.204561,3.255633,3.35705
2919,1,-0.01,0.991,0.189367,-0.013088,4.164123,3.333688
2920,0,0.989,-0.011,-0.480385,1.136642,3.875257,3.346364
2921,0,0.988,-0.012,-0.459224,1.038657,3.325486,3.637022
2922,1,-0.014,0.987,0.3425,-0.131602,3.033066,3.350564
2923,1,-0.013,0.988,0.371833,-0.264144,3.042117,3.148128
2924,1,-0.011,0.99,0.227524,-0.139526,3.46422,3.569046
2925,0,0.995,-0.005,-0.494547,0.703102,4.864229,3.56396
2926,1,-0.012,0.989,0.326078,-0.2361,3.434542,3.373548
2927,1,-0.013,0.988,0.260423,-0.137461,3.031401,3.542439
2928,1,-0.013,0.988,0.237918,-0.124854,3.195966,3.491824
2929,0,0.988,-0.012,-0.478886,1.188617,3.713524,3.201486
2930,0,0.988,-0.012,-0.470043,1.232955,3.646978,3.09425
2931,1,-0.012,0.989,0.280787,-0.227555,3.620125,3.500862
2932,1,-0.012,0.989,0.30245,-0.214081,3.586463,3.451379
2933,0,0.985,-0.015,-0.418463,1.07297,2.581282,3.209492
2934,0,0.989,-0.011,-0.46851,1.148974,3.742152,4.004406
2935,1,-0.012,0.989,0.357252,-0.227367,3.468643,3.355925
2936,0,0.991,-0.009,-0.467231,0.906906,3.769211,3.875422
2937,1,-0.01,0.991,0.278859,-0.126901,3.666948,3.355675
2938,0,0.99,-0.01,-0.438566,0.899039,3.34956,3.523964
2939,0,0.989,-0.011,-0.415065,0.840697,4.015957,3.148988
2940,1,-0.015,0.986,0.41444,-0.201612,2.965703,3.572215
2941,1,-0.01,0.991,0.3773,-0.278166,3.656111,4.009098
2942,1,-0.009,0.992,0.314337,-0.277438,4.243713,4.432219
2943,1,-0.012,0.989,0.339291,-0.235424,3.438941,3.887393
2944,0,0.991,-0.009,-0.469006,0.803456,4.139959,3.966533
2945,1,-0.011,0.99,0.285019,-0.151544,3.987887,4.171795
2946,1,-0.012,0.989,0.290844,-0.146953,3.282495,3.499902
2947,1,-0.011,0.99,0.330864,-0.22986,3.110335,3.264479
2948,0,0.989,-0.011,-0.482698,1.061582,3.894092,3.196054
2949,0,0.991,-0.009,-0.488136,1.083045,4.285995,3.699212
2950,1,-0.009,0.992,0.25283,-0.134582,3.970521,4.368325
2951,1,-0.01,0.991,0.291616,-0.191594,3.824868,3.811274
2952,1,-0.01,0.991,0.302675,-0.180088,3.830872,3.601468
2953,1,-0.009,0.992,0.234942,-0.150093,4.136613,4.185538
2954,0,0.989,-0.011,-0.467071,1.064481,3.195414,3.563861
2955,0,0.987,-0.013,-0.481449,1.262145,3.654971,3.217861
2956,0,0.989,-0.011,-0.462233,0.983658,3.545599,3.458641
2957,0,0.993,-0.007,-0.486644,0.96493,3.657332,3.683747
2958,0,0.991,-0.009,-0.455858,0.751702,4.009154,4.310813
2959,0,0.991,-0.009,-0.470637,0.790032,4.323975,4.070904
2960,0,0.989,-0.011,-0.445058,0.688745,3.488444,3.161613
2961,0,0.99,-0.01,-0.428941,0.560196,4.010344,3.581308
2962,0,0.99,-0.01,-0.336376,0.410568,4.441905,4.236367
2963,1,-0.013,0.988,0.594755,-0.418741,3.273314,3.518142
2964,0,0.992,-0.008,-0.409598,0.402525,4.417637,4.120131
2965,0,0.987,-0.013,-0.242542,0.36218,3.320811,3.092587
2966,0,0.987,-0.013,-0.264816,0.393904,3.130482,3.101915
2967,1,-0.013,0.988,0.89662,-0.447128,3.50411,3.114121
2968,1,-0.008,0.993,0.657048,-0.480781,3.397345,4.268094
2969,0,0.988,-0.012,-0.34086,0.392102,3.86537,3.43536
2970,0,0.988,-0.012,-0.280921,0.284801,3.900656,3.197569
2971,0,0.989,-0.011,-0.222195,0.258369,3.334151,3.527504
2972,1,-0.009,0.992,0.899093,-0.485514,3.502564,3.566549
2973,1,-0.013,0.988,0.926795,-0.462105,3.258353,3.399991
2974,1,-0.012,0.989,0.909183,-0.477012,2.798368,3.865346
2975,0,0.987,-0.013,-0.247188,0.34197,3.418145,3.332051
2976,1,-0.013,0.988,0.804227,-0.436072,3.379365,2.775064
2977,0,0.991,-0.009,-0.283273,0.293909,4.281804,3.488733
2978,0,0.99,-0.01,-0.319431,0.364062,3.965791,3.24033
2979,0,0.987,-0.013,-0.228838,0.310556,3.266725,2.991838
2980,1,-0.01,0.991,0.749994,-0.474646,3.574952,3.586589
2981,1,-0.013,0.988,0.743637,-0.45437,3.326823,3.552984
2982,0,0.987,-0.013,-0.165742,0.292851,3.421934,3.391196
2983,1,-0.012,0.989,0.796839,-0.453202,3.648141,3.233572
2984,0,0.992,-0.008,-0.257914,0.268231,4.341169,3.749873
2985,0,0.99,-0.01,-0.279808,0.290838,3.834385,2.975783
2986,1,-0.01,0.991,0.816607,-0.467094,3.734702,3.462517
2987,0,0.991,-0.009,-0.246877,0.239613,4.096903,3.831178
2988,1,-0.014,0.987,0.869309,-0.443312,3.151766,3.271676
2989,0,0.99,-0.01,-0.289538,0.305625,3.694355,3.766492
2990,1,-0.012,0.989,0.724358,-0.440632,3.613281,3.481013
2991,0,0.988,-0.012,-0.232129,0.30614,3.937015,2.834394
2992,0,0.991,-0.009,-0.32001,0.263888,4.59967,3.459799
2993,1,-0.013,0.988,1.022126,-0.46935,3.261638,3.340408
2994,1,-0.014,0.987,0.821357,-0.443229,3.529769,3.015821
2995,1,-0.011,0.99,0.610975,-0.449612,2.658054,4.09548
2996,0,0.989,-0.011,-0.281947,0.294549,4.15449,3.17039
2997,0,0.99,-0.01,-0.298262,0.332725,3.426028,3.781559
2998,1,-0.01,0.991,0.719007,-0.450145,4.228148,4.039529
2999,0,0.987,-0.013,-0.273149,0.42208,3.484965,2.954364
3000,1,-0.012,0.989,0.823057,-0.460889,3.518985,3.787482
